sample_id,crew,tissue,timepoint,timepoint_days,phase,mission,alamar_urine_activin_a,alamar_urine_activin_ab,alamar_urine_activin_b,alamar_urine_ager,alamar_urine_agrp,alamar_urine_angpt1,alamar_urine_anxa1,alamar_urine_bdnf,alamar_urine_bmp10,alamar_urine_bmp7,alamar_urine_c1qa,alamar_urine_ccl1,alamar_urine_ccl13,alamar_urine_ccl14,alamar_urine_ccl15,alamar_urine_ccl16,alamar_urine_ccl17,alamar_urine_ccl19,alamar_urine_ccl2,alamar_urine_ccl20,alamar_urine_ccl22,alamar_urine_ccl23,alamar_urine_ccl24,alamar_urine_ccl25,alamar_urine_ccl28,alamar_urine_ccl3,alamar_urine_ccl4,alamar_urine_ccl5,alamar_urine_ccl7,alamar_urine_ccl8,alamar_urine_cd200,alamar_urine_cd200r1,alamar_urine_cd274,alamar_urine_cd276,alamar_urine_cd40,alamar_urine_cd70,alamar_urine_cd83,alamar_urine_cd93,alamar_urine_ceacam5,alamar_urine_chi3l1,alamar_urine_clcf1,alamar_urine_clec4a,alamar_urine_csf1,alamar_urine_csf2rb,alamar_urine_csf3,alamar_urine_csf3r,alamar_urine_cst7,alamar_urine_ctf1,alamar_urine_ctla4,alamar_urine_ctss,alamar_urine_cx3cl1,alamar_urine_cxadr,alamar_urine_cxcl1,alamar_urine_cxcl10,alamar_urine_cxcl12,alamar_urine_cxcl13,alamar_urine_cxcl14,alamar_urine_cxcl2,alamar_urine_cxcl3,alamar_urine_cxcl5,alamar_urine_cxcl8,alamar_urine_cxcl9,alamar_urine_egf,alamar_urine_epo,alamar_urine_fam3d,alamar_urine_faslg,alamar_urine_fgf19,alamar_urine_fgf2,alamar_urine_fgf21,alamar_urine_fgf23,alamar_urine_flt1,alamar_urine_flt3lg,alamar_urine_fth1,alamar_urine_gdf15,alamar_urine_gdf2,alamar_urine_gfap,alamar_urine_grn,alamar_urine_gzmb,alamar_urine_hgf,alamar_urine_ifna1;_ifna13,alamar_urine_ifna2,alamar_urine_ifnb1,alamar_urine_ifng,alamar_urine_ifnl1,alamar_urine_ifnw1,alamar_urine_il10,alamar_urine_il10rb,alamar_urine_il11,alamar_urine_il12b,alamar_urine_il12p70,alamar_urine_il12rb1,alamar_urine_il13,alamar_urine_il13ra2,alamar_urine_il15ra,alamar_urine_il16,alamar_urine_il17a,alamar_urine_il17b,alamar_urine_il17c,alamar_urine_il17f,alamar_urine_il17rb,alamar_urine_il18,alamar_urine_il18bp,alamar_urine_il18r1,alamar_urine_il19,alamar_urine_il1b,alamar_urine_il1r2,alamar_urine_il1rn,alamar_urine_il20,alamar_urine_il22,alamar_urine_il23,alamar_urine_il27,alamar_urine_il2ra,alamar_urine_il2rb,alamar_urine_il32,alamar_urine_il33,alamar_urine_il34,alamar_urine_il35,alamar_urine_il36a,alamar_urine_il36g,alamar_urine_il39,alamar_urine_il3ra,alamar_urine_il4,alamar_urine_il4r,alamar_urine_il5,alamar_urine_il5ra,alamar_urine_il6,alamar_urine_il6r,alamar_urine_il7,alamar_urine_il7r,alamar_urine_il9,alamar_urine_inhibin_a,alamar_urine_inhibin_b,alamar_urine_irak4,alamar_urine_kdr,alamar_urine_kitlg,alamar_urine_lag3,alamar_urine_lamp3,alamar_urine_lcn2,alamar_urine_lgals9,alamar_urine_lif,alamar_urine_ltbr,alamar_urine_mdk,alamar_urine_mertk,alamar_urine_met,alamar_urine_mica,alamar_urine_micb,alamar_urine_mif,alamar_urine_mmp10,alamar_urine_mmp12,alamar_urine_mmp3,alamar_urine_mmp8,alamar_urine_mmp9,alamar_urine_mpo,alamar_urine_muc16,alamar_urine_ncr1,alamar_urine_ngf,alamar_urine_osm,alamar_urine_pdcd1,alamar_urine_pdgfa,alamar_urine_ptx3,alamar_urine_s100a12,alamar_urine_s100a9,alamar_urine_scg2,alamar_urine_sele,alamar_urine_slurp1,alamar_urine_spp1,alamar_urine_tafa5,alamar_urine_tgfb1,alamar_urine_tgfb3,alamar_urine_thpo,alamar_urine_timp1,alamar_urine_timp2,alamar_urine_tlr3,alamar_urine_tnf,alamar_urine_tnfrsf11a,alamar_urine_tnfrsf13c,alamar_urine_tnfrsf14,alamar_urine_tnfrsf17,alamar_urine_tnfrsf18,alamar_urine_tnfrsf1a,alamar_urine_tnfrsf1b,alamar_urine_tnfrsf4,alamar_urine_tnfrsf8,alamar_urine_tnfrsf9,alamar_urine_tnfsf10,alamar_urine_tnfsf11,alamar_urine_tnfsf12,alamar_urine_tnfsf13b,alamar_urine_tnfsf15,alamar_urine_tnfsf4,alamar_urine_tnfsf8,alamar_urine_tnfsf9,alamar_urine_trem1,alamar_urine_tslp,alamar_urine_vcam1,alamar_urine_vegfa,alamar_urine_vegfc,alamar_urine_vegfd,alamar_urine_vsnl1,alamar_urine_vstm1,alamar_urine_wnt16,alamar_urine_wnt7a
C001_L-92,C001,urine,L-92,-92,pre_flight,I4,12.74673317,11.81575616,7.224334446,3.141672932,18.79089207,5.570569442,10.90287602,0.0,4.613583379,6.463304033,0,6.423158153,9.131942155,1.541508317,5.246594578,1.839455903,2.46175833,2.768006732,11.57749841,6.135366691,3.990676832,0.0,5.680912824,1.622064606,6.887989099,6.161457897,8.087031721,8.27653442,10.35197337,8.987195254,14.05185648,7.862366375,11.17163912,8.634987488,16.10182687,10.42111208,16.32368641,5.306751047,7.907946601,5.444669932,12.59853536,11.80042836,12.95446239,12.06407091,6.754349818,5.869184782,3.620560271,8.666039791,15.68434338,7.765955246,9.868983014,13.54990544,7.012417276,7.614454423,9.165896048,0.0,13.21755119,1.587919885,6.756667663,1.821488234,9.839278469,7.068251021,20.42455616,11.56334887,8.541968512,7.067725629,1.346792277,11.42739307,8.022443455,10.64381331,8.236172842,12.64784349,8.137280099,15.32245388,7.523568854,8.574415133,7.338323947,5.323671099,9.946125928,7.339377784,11.81966556,9.874141793,6.07978872,5.031576468,10.7992989,9.780332036,13.53051631,11.64460775,3.058328982,10.51757071,3.263723579,14.80202022,8.329100806,12.45208975,3.218462834,10.87815266,7.43528169,0.0,11.13196758,9.461685529,9.317245717,12.89399204,7.13266242,10.87829169,13.2122751,7.562206108,13.75468799,3.426019086,11.30240658,11.19279045,12.19760602,12.88774691,15.044499,12.07906117,7.447750884,11.64873713,14.72245516,6.783683016,12.19700759,13.33600459,10.23680581,9.577363301,10.06094074,8.77172302,9.51510536,11.38643785,8.045723829,10.61312901,7.884768968,10.84279599,12.23466979,12.34488358,2.637396293,0.0,10.56526794,10.78385752,13.70285577,7.07725683,13.95406448,17.52616488,13.01238242,12.30924733,6.609763677,4.306992657,13.77557435,12.43953811,11.26451472,10.91442084,4.903392021,6.502868749,6.838638527,7.12771586,3.71517378,7.72669932,11.29007275,11.38268743,3.332770046,13.05603383,9.041097479,2.79527269,4.664033577,8.82808659,12.82154602,10.05008325,16.54062924,17.1930079,8.791608907,5.712384706,12.44827709,13.65422108,8.108024462,10.45100168,9.907040198,9.219338869,15.26831295,16.59892479,16.40366004,7.738913204,17.07964396,13.69675753,13.14591541,13.58152505,11.80636649,15.19447985,7.873977384,12.27242931,11.18989124,10.66384578,5.648752132,9.542932448,3.952995905,7.511659821,9.151811254,9.015762817,1.868488577,13.47751543,9.397408324,6.057189631,10.81996139,14.79135477,3.475709329,10.69743574
C002_L-92,C002,urine,L-92,-92,pre_flight,I4,12.8270665,11.19212677,7.703488985,6.322451064,21.14301953,4.727767324,11.19003302,0.0,5.596564076,11.33121564,0,5.689605732,11.52976024,5.199327829,6.56693666,5.942628988,4.694414958,5.865221049,13.02774027,7.605998628,5.448157517,2.054659241,5.507362131,7.493577099,8.275844992,7.942649857,9.912383622,7.887038608,11.19330612,10.17700829,15.99023801,9.169104091,11.42747687,9.171739748,16.28858659,10.68469845,17.69947925,6.350735491,10.83683834,6.889001811,12.7756925,12.22791443,13.70505335,12.04821654,6.441332483,7.586130449,4.710910183,9.813939422,17.16725119,7.678099445,11.97123852,11.01034232,9.656845724,8.590090929,11.39201923,0.0,12.68949947,4.337569337,6.952234531,3.889437839,11.88850269,8.169731271,21.42644933,11.58612883,9.271992578,9.005103793,0.0,12.05247643,8.065481579,10.1860872,7.401134578,12.95994098,10.36013488,15.06099844,7.562391117,8.611732658,7.485313916,1.16265244,9.252862175,8.095386997,11.02131045,10.60856456,5.379872299,8.668984862,5.677059074,9.6588071,14.69632747,11.40730235,5.467350247,11.11822011,6.329013538,14.11822598,8.606698875,12.49965421,4.089428745,9.928838595,6.908130407,0.0,10.43024941,10.72483565,9.752407995,12.89259074,7.64095428,12.87256443,13.30041285,8.919887515,14.20305125,7.807156729,11.44347674,12.04562644,12.91888179,13.34299995,15.83741317,11.93412791,10.47159606,12.25502494,13.78672481,12.59614857,12.19581453,12.4468658,11.41968267,9.660303681,12.41889138,5.738626462,9.652054213,14.04336116,8.826966356,10.56067112,7.133657265,11.48064957,12.30607309,11.46740523,4.403125599,0.0,10.99544863,11.52543922,14.77416,8.309969821,15.23977759,19.69477616,13.64220284,12.02284929,7.88990584,5.88723171,15.58952712,12.40680851,12.60136456,10.50868487,7.040225121,5.404766498,7.487000585,5.933855622,5.5418974,7.963304859,9.895739237,11.87065756,7.854252481,14.85767125,9.51600413,3.14601422,5.816844105,9.927875792,12.49417093,10.50582227,15.56772416,17.6214885,8.407970141,6.45581928,11.73227961,14.23787756,7.903246877,10.61614601,9.238696885,9.215430959,15.99361403,17.3796987,17.19354354,10.0447679,16.89829054,13.41126373,13.09073009,13.51531265,13.02335666,14.70931745,8.345363452,11.77458817,10.75849934,9.970762921,8.279706741,9.901233615,7.159598331,6.914314737,8.2509546,9.330918953,0.0,13.77484624,9.32230329,5.756673556,12.67453638,10.66103268,2.828991332,10.97306154
C003_L-92,C003,urine,L-92,-92,pre_flight,I4,12.57254298,12.31258586,7.419940666,11.19974198,20.29206927,7.686607499,11.20006043,0.0,5.056256418,11.94685978,0,10.98790419,8.548776309,11.38274049,12.0349807,9.922965633,7.462889682,8.585236301,11.17645426,7.013794655,6.454526571,10.72082107,7.575344927,8.272205869,8.896857871,10.43469612,9.810247784,7.720981503,11.02037616,10.0055398,1.455227095,8.537982012,13.00108039,9.771518334,16.68615511,10.83911343,16.54381952,9.651154233,14.45577139,10.19067015,12.66637655,10.85287596,14.13922099,11.50221268,10.27979501,7.950746127,9.473367195,9.817446009,15.91666282,10.96170745,9.780442358,14.92558043,9.84646464,8.626885884,11.90833366,11.12602068,12.75877063,8.919225592,6.283818517,5.817944134,12.69484051,9.575410897,20.28956463,12.33553426,12.98730003,7.050001296,11.81109709,11.89572367,11.63943008,11.3248883,9.935443101,12.82518603,10.42601974,16.26787896,7.50924216,11.4170061,8.129005182,6.224252116,11.13818864,12.06668144,11.76839406,9.411224268,6.10135518,11.28327724,10.33541415,10.78116177,13.60902845,11.82284406,10.48819902,11.00053144,7.554623951,13.53391216,8.935569896,12.51178919,9.623659334,11.66623509,8.657175467,10.03043799,12.41496848,10.86442145,11.0391523,11.61077739,5.53679322,13.63432118,13.36121836,7.936077175,15.93372628,11.37369866,11.63695221,12.4229382,12.23677393,12.41402022,14.5346463,12.44752277,12.32049112,11.82449087,14.50282069,15.00338829,12.45582458,13.22626506,9.910396075,10.80645234,9.907040854,11.50269034,10.02893236,12.24873144,7.691039915,11.31841442,8.032069272,12.17514184,12.90681931,12.19525185,1.99788895,1.800931572,11.27315802,10.12214431,12.84743322,12.47367751,15.81103572,18.41744768,13.42014079,13.05917743,6.851587912,5.034812208,13.75534613,13.46566876,12.81297116,13.03625803,10.67884735,9.906886257,8.270312631,9.768655693,11.03889238,10.07480069,13.78578775,11.94446748,11.2110201,12.98439202,8.889427484,3.13522317,6.143523216,10.0395356,12.83113897,10.38755168,16.05454583,17.5676839,10.49800262,7.648955323,12.08457059,13.36076766,9.230603297,11.17263931,11.0664227,12.07334084,16.22930819,16.76877937,16.18592253,9.611176035,17.56627516,14.51485984,13.31472416,14.12554774,11.95990429,15.6259892,11.26820522,11.79947965,12.15183821,11.14613862,9.333729285,13.40994821,2.909717407,9.716424548,12.4677611,12.08770564,6.089062822,14.15465356,10.13839815,5.714543254,12.30706538,14.83386379,3.717081972,11.04290525
C004_L-92,C004,urine,L-92,-92,pre_flight,I4,12.72079247,11.0704071,7.051414453,2.977936993,22.37964696,5.182652357,11.0510276,0.523864765,6.111129558,12.04115242,0,7.748207477,11.87351999,4.984886196,7.504043236,5.604976019,6.519949574,6.721817739,14.01943443,8.441475046,2.41598247,2.671484718,5.715475114,3.885500493,0.0,7.949149949,10.39930134,8.061671198,11.36920185,9.389717288,15.53233763,8.53215575,10.62938592,7.833786502,17.76761784,10.73246612,18.68367529,6.246849467,10.54881983,5.94603302,13.49048193,12.73430484,15.07466104,11.73784256,5.605791098,7.479488418,5.543877986,8.959428837,18.34853157,6.950948823,12.20967011,13.01384256,11.02327362,11.06738804,9.936149933,2.180081721,14.8513779,1.824607714,8.154782695,4.986697855,11.96519649,11.32611053,21.2501308,10.15589004,9.331624683,9.639049739,0.0,11.02465354,6.894102306,11.28754145,5.244686606,13.15139188,8.837875957,16.2832114,7.797823148,8.709492872,7.779218184,5.054259345,0.525769343,9.299906519,11.35211655,8.747234445,5.980625322,8.370905917,5.237425531,9.505121985,15.60082977,11.41515907,5.30208842,11.62233544,6.358336689,17.11049958,8.087334509,13.57746588,3.442086469,10.58104567,2.230530857,0.0,11.13448175,10.3449277,11.36287624,9.876298605,7.77118693,9.526016185,13.00647752,8.157249404,16.06925836,1.094196311,11.22556477,11.22189796,13.00361509,14.7513829,16.95418664,11.91654173,11.08868523,12.92782724,14.08244448,9.762326441,11.69432209,12.47060886,11.76932288,10.09999506,12.18901815,5.495151119,8.244631296,14.46432132,9.840429963,11.77823373,7.474773338,13.67588455,12.24595869,10.34177439,5.244092642,1.713323961,10.52595746,11.79706784,16.00460153,9.415477114,16.94721411,19.76822314,14.6082583,12.90037498,7.806256359,4.2006593,17.55393257,10.81757962,12.86510296,10.25643248,7.614853003,6.6403461,9.76941435,6.660364367,4.307087312,9.902886747,11.50562305,11.90795638,6.773836894,15.32763604,7.795936279,2.34263805,5.59868681,8.864801307,11.7716714,9.216159961,16.35084225,17.4267035,8.408276315,7.345091104,15.66752609,15.58844393,11.51561518,10.88731283,8.617413833,9.532891371,17.23778411,18.49147192,18.40000004,10.13316675,17.5252361,14.35546518,13.88927739,13.30186183,13.66659881,15.28432784,1.481074366,11.45296279,8.445188202,11.12030755,2.981251964,7.369661641,3.096426724,6.596627865,9.676038596,9.850821346,1.339608936,14.41417317,9.152926227,5.563316775,11.37226294,16.9723604,6.055749347,10.72124124
C001_L-44,C001,urine,L-44,-44,pre_flight,I4,12.7922021,11.50134947,7.464219825,3.0593445,17.37543609,7.18042693,10.8736811,0.0,6.028027774,11.58467947,0,6.142803474,8.383110858,3.205965275,5.463387747,2.003723884,3.53497233,1.238784684,12.71560695,5.566659362,0.0,0.0,5.364291076,4.313800125,5.704180074,6.531757092,8.192302914,7.244924064,10.78792866,8.434225495,13.72795524,7.400656668,11.58287729,9.304535203,16.02407676,10.81467732,16.32249592,7.00064413,7.460949124,5.707789027,12.23090799,11.82203541,14.37454712,12.08703741,6.368815092,7.230386724,4.404418687,8.744593795,15.6829965,6.201369125,9.852075372,12.81894921,6.943042536,2.136054807,9.173115538,0.0,12.61575933,0.0,3.046265426,2.830582498,9.218733446,6.201643671,20.25400512,12.03734749,9.449698427,7.353392217,3.975995316,11.17804833,7.647528426,11.22262182,9.253478186,12.7435618,8.33376057,15.68022254,7.218800075,8.927811242,7.723775882,5.817554534,10.61797972,7.8333847,11.6570053,9.140727912,5.336306396,6.294707243,10.65331356,10.12457597,13.28305623,11.71010341,2.969892656,11.592986,2.613894561,14.07827782,8.337737059,12.14183353,3.745006893,10.75643159,6.923850799,0.0,11.7829562,9.424706007,9.119616983,13.21879302,6.61448473,11.05270697,13.22103958,7.271100727,13.56543541,6.362992035,11.78603826,12.06661633,12.63587612,12.77805678,15.14347653,12.74217149,10.22277757,11.72185825,15.20984203,6.907614214,12.34171116,13.76143022,9.884905815,10.36217081,9.806977497,7.738316915,9.204945693,9.987292115,8.446989438,9.995617392,7.616004198,12.30849111,12.11367738,11.88461326,0.0,0.405217297,10.58922755,10.18944796,13.72821973,7.213267247,14.72046231,17.37599961,13.22417601,11.84399694,6.16835194,4.614514926,13.80564073,12.33520905,11.11572364,10.61256528,5.565973902,6.647171926,5.701980549,7.705809824,4.759068132,6.992863684,11.38801907,11.75336217,5.078978931,12.78762259,9.935385333,3.23199442,4.980313406,8.468185013,12.31751819,10.37563421,16.15873961,17.5456286,8.559972628,5.864105356,13.19388117,13.76077186,7.928950495,10.48321,9.030326326,9.691983544,15.26316938,16.27324745,16.27649649,7.876696507,16.81108262,13.69607443,13.14790517,13.26933845,11.59679363,14.94373739,9.726316577,11.10587589,12.23415258,11.01121538,6.352576676,10.46457402,2.933407989,7.835085526,9.042048605,7.977269684,0.364423967,13.58781267,9.129410777,6.087662765,10.69606815,14.64432527,7.28880005,11.12740659
C002_L-44,C002,urine,L-44,-44,pre_flight,I4,12.72060022,11.60705466,7.21240707,4.690101005,18.36370967,6.484843843,11.09560564,0.0,4.48791379,12.40006528,0,5.156338087,9.291110415,3.742657838,6.165596937,5.54779831,4.656348723,3.711743777,11.76246125,7.627979276,3.419676926,4.686948124,3.97508724,2.140494917,3.820703706,6.894631694,8.292636574,8.359423738,10.6694133,9.929225688,14.15689804,7.707542496,10.31355877,9.169621666,14.62615261,10.89157031,16.06522772,4.965931195,9.902228791,5.977076337,13.22290193,11.07990371,12.44863012,12.01322713,6.769117926,6.26952679,3.419821878,10.03441602,15.26236861,5.660765374,9.968526496,9.681926583,7.463589856,6.738852177,11.76079942,2.550551592,12.4451887,2.861293411,3.727374972,2.227579843,10.85470798,7.366593899,19.94294806,10.70109588,9.117870955,6.593673306,1.643331888,11.89151203,5.644614583,9.869575449,9.881269177,12.64082659,9.399072037,14.14298212,7.463983524,8.72259857,7.50834317,6.09382203,10.74308515,6.978772885,11.79986356,9.628024086,5.934577703,7.827608984,11.32405406,9.767853091,12.84591689,11.78185719,4.101606635,11.69821756,0.0,12.47442017,8.113490813,10.78108169,5.10377262,9.713235758,6.36736083,0.0,11.03225997,9.045831043,7.711557239,12.93402685,6.78346148,11.91191352,13.21100821,7.097278607,12.88049184,6.54076999,11.07229182,11.75133548,12.24945511,11.15499326,14.12205062,11.82432902,9.300076437,11.29886876,15.23320835,11.18792739,12.04851873,11.8319696,9.734851444,9.336804705,10.5625103,6.417866714,8.412007661,13.19220828,7.404838831,9.090505638,6.222268214,9.469229857,11.13961708,12.05183857,2.054708354,1.579087039,10.39953827,9.387645349,13.1243648,7.296640748,14.79496202,18.12291129,11.70088106,11.57537469,6.507258829,4.452038148,13.38892547,11.85915779,11.05825055,8.966274106,4.940215231,3.916474372,6.688065426,3.493377242,6.104510617,6.336910294,9.098010277,11.5936725,6.125988878,12.96594038,9.760848386,1.99732694,5.404043021,10.21761993,12.49524131,11.036643,14.44420173,17.4063764,8.701181809,6.739376067,12.01658517,12.18522889,7.102218025,10.36731813,9.589621427,9.365658485,14.19125504,15.64081439,15.44615622,7.96620377,15.23143027,12.0094433,11.32735661,11.80216476,11.35740706,12.93216511,8.33977968,13.01496587,12.23400662,8.973564795,6.342801571,8.647997586,0.0,6.967657002,6.957761666,7.854285477,0.0,13.59847836,9.305374908,4.969669987,11.94807652,9.376327791,5.617500295,10.47959142
C003_L-44,C003,urine,L-44,-44,pre_flight,I4,12.63102089,11.91778626,7.311200878,10.93046809,20.10401838,5.664361563,11.40644804,0.0,5.368672319,12.14036174,0,11.21518952,9.065651093,11.53315467,13.34803305,10.36520536,7.030101105,8.359594364,12.44116146,7.776335989,6.829327136,10.71348007,7.944538792,9.233803042,7.264691983,11.0617891,10.20937406,8.184201748,11.27510822,10.32009774,3.781312443,7.246311429,13.19285032,9.490350438,17.28224632,10.54528981,16.69284973,8.896538308,12.53267437,3.852567597,13.28273663,11.59524461,15.56591451,11.96023092,9.608957699,7.051356815,8.286631823,10.11488524,15.63205302,6.943924579,10.04719184,14.54432384,9.902514922,8.345003423,11.77238898,10.79123246,12.78891679,8.46847441,7.252528201,5.940690128,13.0473565,9.733723611,20.64327438,12.12880611,12.81555235,0.0,10.39877364,8.402477517,9.27609623,10.87697237,7.548512703,12.60514552,7.188474075,16.10442356,7.645733036,8.608172793,7.873364933,6.806905809,7.299879919,11.00866533,10.81508018,8.572440735,5.430652155,10.85841135,5.009128716,9.913856127,13.25878259,11.75625919,8.736773044,11.19314898,9.074369298,13.80483574,9.016293526,12.83686308,10.45928705,11.09088601,3.621163968,10.21581236,12.36771121,11.69507682,3.560896345,14.86770444,5.62152709,15.14129602,13.3125591,7.850097955,8.924828486,10.36147542,11.46052337,11.54754113,11.36848545,12.20831669,14.254942,10.95940099,11.94317592,10.38490111,13.67863496,5.807658331,13.67083359,13.05584031,9.461732016,10.19918619,9.313394917,11.03964913,9.344340536,12.40259621,7.390375771,11.37287261,7.6314314,12.59453736,13.28031168,11.52465951,0.0,0.998429512,10.44155941,9.887227673,12.64411475,12.09622934,6.491693799,20.22317169,13.79727298,12.29071366,6.057740777,2.277399412,13.36152281,13.90383786,11.58523084,10.43433435,7.164295819,6.688478114,7.203227612,10.05064986,2.607040169,9.781563218,11.13267585,11.97553936,10.74768035,12.55487243,8.12337769,3.20243053,5.843893565,10.33674146,12.19736913,11.02117366,16.73322713,17.0826118,9.981873087,2.887049572,11.64744015,13.60846431,11.34390663,11.32153007,5.297490763,11.41112856,17.11124471,16.64657505,16.50193345,10.06263659,18.20700561,14.97254927,13.53392919,13.77619462,12.16702674,16.16715123,3.860994727,11.97174289,4.29135596,11.62860415,7.6136397,12.87928135,2.84610536,8.203888971,12.43708146,12.13820164,5.535225882,13.954266,10.05644466,6.060274425,11.36888884,14.65579521,0.0,10.92918332
C004_L-44,C004,urine,L-44,-44,pre_flight,I4,12.72953139,11.75640688,7.44497771,1.359880976,16.21903021,2.157720881,10.9598283,0.0,4.497942044,11.69333853,0,4.868092365,5.743907246,0.994412011,5.260835903,1.258958844,0.0,1.940353559,11.72760753,5.8048574,2.08665422,0.0,1.192513993,3.44282189,0.0,6.564176335,9.72905609,7.93915522,10.72019641,6.696524727,13.73453569,7.528648419,9.945001064,8.164001986,17.68819277,10.65130687,18.35306819,2.206711213,8.986604861,3.9607753,12.65254251,10.52390131,13.60722302,12.14001247,5.498396029,3.377304772,0.754727408,6.463326608,17.56368771,4.688428496,9.383513797,12.56262444,6.807051354,7.973803588,4.933046029,0.0,12.18253505,2.554782695,3.158087992,1.721577356,9.248909065,7.095062243,20.73120832,10.0035419,8.528103456,0.0,0.0,9.00801039,7.216024225,10.8893053,4.678561534,12.51634367,8.155514229,12.20057952,7.32870183,8.325202319,7.403324093,4.970725836,1.194192667,8.053305761,10.53820716,10.26164578,5.654805509,7.199461419,9.163589583,9.530960019,12.34902885,11.75286722,3.297069229,11.9105021,0.0,12.59517386,7.370469839,13.32334059,2.290750102,10.08228382,3.544679555,0.0,11.19075721,10.26646675,4.332247113,15.68215177,6.91699445,8.572118322,13.1822375,5.321297086,10.28676921,3.971656403,10.94411343,12.03289658,13.07223455,13.65565522,13.66275245,11.68053446,10.39420839,11.2975438,15.38811564,2.666675624,12.20939241,13.82707876,10.45960219,9.509885116,9.059374615,5.833638803,4.513355678,8.535287332,5.502595808,8.686799953,5.989073874,11.00822505,13.02592308,11.35387525,0.0,1.321223719,10.42294562,9.428213268,14.8178999,6.954290392,3.892847821,19.84594928,13.9008186,11.86046719,6.56208938,1.828103525,14.71113437,11.83853647,10.89577741,4.804129078,4.938389386,1.207678147,2.814100684,6.227595212,3.620812058,7.088845937,5.450476042,11.51584603,4.868503617,14.28238915,7.37663587,2.13926327,3.920487196,9.561766147,12.8401245,10.39721965,16.10044794,17.2770609,8.26035769,6.558213807,11.67207339,13.42585413,7.156310951,10.17637845,5.901721427,9.341008879,16.66576938,17.51866806,17.63792597,9.061503535,15.39297182,14.23527223,14.81221055,12.8055097,13.18860821,15.09418533,1.027672979,12.50700818,2.691397621,10.77053104,0.0,6.580347969,0.0,6.385091492,9.502466597,8.261662719,1.64569485,13.28628117,9.218773683,6.098179457,9.114529036,16.52350037,3.110797413,10.70896763
C002_L-3,C002,urine,L-3,-3,pre_flight,I4,12.76356445,12.34931802,7.474398639,1.86353809,19.24222628,5.229490622,11.05258377,1.888822855,5.70006407,9.979751516,0,6.401188012,11.60060666,4.689286038,6.828764319,7.179085557,5.924939608,6.037849796,13.75167198,8.260926151,6.320698462,0.0,5.992141089,6.914429667,0.0,8.192491582,9.256723541,8.761728682,11.67331881,11.61447199,12.5067942,6.467656876,8.498209296,7.629458503,16.20181818,10.72955217,17.40291266,5.040321437,10.53468278,3.161906299,12.70153225,10.62993201,12.59564117,12.21656722,5.855328082,2.892552083,2.705458805,6.362019942,14.62297891,5.613871095,11.7249165,9.307306667,9.682104279,9.775221182,13.84105952,3.088182771,13.59168893,4.439378832,7.072856814,5.079187047,13.17883387,9.047836206,21.15583261,10.09836685,8.448575722,2.025727598,0.0,8.747680435,7.152831234,10.70672337,4.840660135,12.6478227,8.059053152,14.84877906,7.238224159,9.153329975,7.973397851,4.75230993,1.789715555,7.525266858,11.53094193,10.66187315,5.715482883,8.121494119,8.526115116,9.887648128,8.79239666,11.50322223,3.19258762,12.24072644,2.124835749,13.59832126,7.78456463,11.78708925,5.032488556,11.18369571,0.0,0.0,10.64139659,10.4931993,0.0,7.806469451,5.82451142,12.55399035,13.21994113,4.67202318,9.498432085,5.659700924,11.50095548,11.11667243,12.68483044,12.38817935,11.7892185,12.24655333,9.773439846,11.55850946,12.50735548,3.751882406,12.04013587,12.97090345,9.564302166,9.523157318,6.362122903,3.720048274,2.86006659,11.18916509,3.544787902,11.15455303,3.420869877,6.47960015,13.30961631,10.47020315,4.954310203,0.0,10.38555658,9.103647159,12.73274913,7.161774257,6.304221309,19.25325021,13.48564016,11.64913276,7.058183671,2.35006113,13.22041518,12.13905876,10.65893958,0.0,4.953065068,0.0,1.657278241,6.634343954,5.073889706,6.648191265,3.317122511,11.79185756,9.753216227,12.96775757,10.6042497,1.66552806,4.839008483,12.4212378,12.46232538,11.42036332,15.84730316,17.6785283,8.109949017,5.044421872,10.50155761,13.59604836,7.464036333,10.4774721,7.18754721,9.120132099,15.6505178,17.20106332,16.83814784,9.370735077,16.85057883,13.41066307,12.76613682,13.1018146,12.40321556,14.29647963,0.0,12.28562411,9.518829294,11.29063347,0.0,1.865509325,3.977524302,6.58296923,5.296410676,8.932442259,0.327642678,13.75195938,8.86934955,5.289796181,10.16827219,9.337147206,3.740776919,11.52290097
C003_L-3,C003,urine,L-3,-3,pre_flight,I4,12.82125257,12.1901538,7.478614704,11.59724149,14.57793715,7.325905939,11.44783106,0.0,5.338784642,11.485317,0,10.06033254,8.539956109,11.97939764,12.6826679,10.25964086,7.682439301,5.538079977,12.14848622,5.887136109,7.486889584,11.48698101,7.836633961,3.504690743,2.45900444,10.76297711,9.658776646,5.526855885,10.52171123,10.1182144,2.676441981,8.311994809,13.5318756,8.281682956,17.43214799,11.41048454,16.85050266,8.029334916,15.37679395,9.618795705,13.73400982,12.27490175,17.28551283,11.38602307,8.299950457,8.573040252,9.084183736,8.992938725,16.04498905,10.65275087,10.24767321,15.03016575,8.336815172,8.328706866,8.187691732,9.470268201,12.87890524,8.862680164,3.29894967,4.317900589,12.93978483,9.862806869,20.06661988,12.23710749,13.36894263,7.641123963,7.198906904,9.94114122,9.135150129,11.685484,9.516666149,12.62047482,9.822222035,16.74855431,7.466190415,10.52456158,7.83662289,6.503188964,10.04848187,10.62105398,11.47772736,9.685658574,5.700221164,11.24354875,4.727868568,9.825311268,13.8286636,11.36422244,10.51250654,11.18468168,6.345586234,13.82601926,7.647504788,13.00615194,8.891204472,10.9797929,5.59387927,4.315321038,11.25836639,10.33753184,8.257386904,14.26332628,7.5034488,14.08023827,13.47811411,8.011858103,16.91941484,4.700521781,12.23536885,11.75023052,11.65822657,12.32143181,15.08143752,11.59311417,11.087688,10.84415176,7.007939457,13.35880132,12.58819489,13.01361305,9.634396456,10.01502662,10.04208932,10.5843957,9.852819417,12.89484551,6.669683481,12.05453702,8.500297914,12.23752451,10.04673817,11.03171392,2.606123655,1.452867237,11.341671,10.51537732,13.51747314,12.41002533,16.38400528,17.98081441,14.15513129,11.67289902,6.713052188,4.850968285,14.72957816,12.33607582,12.72424935,13.58467325,10.91416686,9.545605111,7.199533379,10.53762851,7.674148218,8.608036368,12.9875065,11.92680516,10.32580202,13.03221134,9.222536709,2.83793284,5.100417551,11.7287828,12.33216666,11.50034469,17.10239667,17.9392424,9.003133068,7.975798543,11.75128841,9.217823862,11.14016682,12.77343019,10.64506524,12.03517404,17.49510775,16.55969064,16.6098463,10.27947285,17.43181348,15.18630833,13.67036726,13.41956225,11.68931685,16.40206945,9.391836263,11.31712168,12.1085478,9.777916565,7.364697643,12.18232441,2.924286335,8.020113282,12.48993505,12.2309572,5.18962556,14.48463934,9.750369343,5.523726269,14.01560185,15.67682636,6.686918769,10.42598394
C004_L-3,C004,urine,L-3,-3,pre_flight,I4,12.75158423,11.95183676,7.353218702,0.0,18.87594558,6.737280748,11.21609237,0.743489719,4.480145233,11.30959804,0,6.853683381,8.333733371,2.94356064,5.800146448,0.0,3.27728081,4.617969528,11.50615149,5.327021915,0.991005798,0.0,2.282866324,3.423853739,4.238322318,7.180152393,8.895560857,7.950488614,10.93880628,8.593098013,13.59809044,8.307295812,10.17455715,8.906719409,15.94969443,10.89938192,16.86663741,2.532079207,10.75767807,5.384514088,12.82922242,11.42131989,13.84229718,12.06266579,6.346808247,6.98646417,2.953501724,9.748232653,16.37298179,6.404814644,9.930671866,10.26651083,10.03091979,8.499978908,9.728110361,0.0,12.28700641,5.992217884,6.495632776,4.4080994,11.03240398,9.219348571,20.85303064,10.70221928,10.87985073,8.481975594,1.983591908,11.21693987,7.455729739,11.15399653,7.13460998,12.75460811,8.786851591,15.79217941,7.678378006,8.875736769,7.864448936,5.460599548,8.626148147,7.846852108,11.46505109,9.76401233,5.777151236,8.420890855,10.59888263,9.716295223,14.26293092,11.52312869,3.556816707,8.681532482,3.736112354,14.25516166,7.573037349,11.06213413,5.026643846,9.410658745,3.352484841,0.0,11.07101377,10.43808785,9.149796859,12.75083469,6.74917975,11.59144069,13.29968875,7.617329865,13.77602133,5.099497519,11.56090962,11.63294941,11.82470318,11.58906051,15.28867794,12.08064012,9.688288027,11.67298302,14.42293812,8.755056644,12.43978021,13.07700133,10.56190266,10.48735093,10.15508057,6.353086017,8.478800707,12.23743879,7.95698025,10.41111056,6.208957798,11.64347342,11.45506642,11.04526335,0.0,0.0,10.42951124,10.30919502,15.01574095,9.343033245,15.92719882,18.10433633,12.49405593,11.17766495,6.963908645,4.456061051,15.07278616,11.85071446,11.61550913,9.637179026,4.586524423,4.133875506,6.64276745,4.695248558,5.004199321,8.882607416,7.905379406,11.84722243,7.284612103,13.41197387,9.460025977,4.32266404,5.836787085,9.347796316,12.03252241,10.44057362,14.70465903,17.890221,8.81122693,6.572316841,14.3122308,12.80476947,10.07002816,10.43491358,7.769932611,9.454977418,14.79935327,16.67790734,16.6337621,8.1254923,16.14676976,12.16982297,11.25889101,11.12107222,11.3405403,12.99459149,9.414747602,12.5677379,10.35717465,10.73045876,6.54218379,8.752346425,0.0,7.803806526,6.700655201,8.614134507,0.0,14.00435502,9.467627353,6.06783863,10.65097492,12.59158242,3.169978082,10.79170517
C002_R+1,C002,urine,R+1,1,post_flight,I4,12.71576274,12.32263792,7.108173686,5.266549312,20.16613229,6.590559356,11.39216062,0.0,2.459904061,12.63324476,0,7.186940764,11.46487547,4.628579062,6.316852455,7.309757859,5.949913019,5.421359522,13.74549229,7.974974491,4.706007905,2.892138938,5.562946927,4.669096001,8.120583372,9.626227857,10.14046526,8.364838463,10.97938579,11.0470399,16.03140211,8.534596074,11.29666363,8.276117697,16.60763314,10.7644265,18.13137558,7.039007749,12.09163806,6.968994887,13.08963941,12.99750374,14.50110424,11.83378049,6.108066489,7.341412381,5.686666021,10.22102196,17.11172474,8.036750522,11.4183148,12.03980187,9.054344881,8.796544814,12.25472019,0.0,13.11127124,7.444460893,6.719596673,4.311424069,15.89445051,8.270250096,21.28829627,11.08490661,9.537360499,8.997590192,1.857153507,12.65049889,6.280100776,11.15634481,9.145595644,12.8107976,10.70140964,15.19031082,7.48878703,8.657236599,7.666083514,7.20748756,11.67028058,8.636913318,11.45658929,9.964573596,5.94148988,8.633566451,10.44546497,9.980562214,14.51198151,11.8560435,4.934919458,10.69733375,6.304947436,15.16754725,8.306847724,12.71660738,5.849022916,10.25403333,8.791828683,0.0,10.29452887,11.28468054,9.815135829,11.97492484,8.07314422,13.77725374,14.02078316,8.431384995,15.02104518,6.902576457,11.78795147,10.65133084,12.93838139,13.22969869,15.97639512,12.74101349,10.92522857,11.93638896,15.53938054,14.1344512,12.13667751,13.32966873,11.03137173,10.36535103,12.25459682,5.533419289,8.918897735,15.01982305,8.235781514,10.98809034,6.720157569,9.328889267,11.89013242,12.23849552,0.0,1.171467779,10.68710153,11.32660576,14.97796648,9.589716403,14.97527101,20.37139979,13.85061077,11.79086211,7.827652655,4.812366908,15.54381624,13.8635273,12.65343223,10.62791509,8.319893101,5.950231187,11.58249897,8.269481771,10.94943345,8.093904566,9.870374984,11.74813967,11.70901777,14.75340814,10.41409248,5.01805353,9.340926434,10.21932154,12.4969928,10.11462721,16.47744524,17.5840963,8.354366663,6.62621997,11.81656693,14.13503024,8.172879458,10.66285756,9.911938617,9.522519073,16.29679668,17.32058881,17.27051907,10.02548516,16.98682041,13.87691518,13.5298261,13.78890703,13.34662579,15.42985089,7.122017067,11.07128728,13.40299924,10.23957505,5.103152493,9.119814688,2.480239924,7.38211138,9.153028377,10.05872775,2.036990986,13.73839694,9.139347902,5.741072306,13.220289,12.09768969,6.580620003,11.81238592
C003_R+1,C003,urine,R+1,1,post_flight,I4,12.71209136,12.27866592,7.134411775,11.09409491,17.48122783,5.281235108,11.32709749,0.0,5.26918671,10.03024554,0,10.71322895,8.880050942,11.32742998,11.65819506,9.926028238,7.909056221,8.589468465,12.43988738,12.46252155,7.71050054,11.19467763,7.041231378,7.938756906,2.365629941,10.05045394,7.945270245,7.823438049,10.91694671,11.07197432,0.0,8.211779669,12.62019902,8.683316533,16.75518799,10.94173058,16.363993,8.282129081,15.26486471,10.32222862,12.84147144,11.70520672,14.48255704,11.46461506,12.02177555,8.82458631,9.82270955,10.04073389,14.14270754,10.84464207,10.05967623,14.66324347,12.62777692,12.53595712,12.01498027,9.636284125,12.20575846,11.27805361,8.483875496,6.908348497,17.1411767,10.36255423,18.74663666,10.05648159,11.66081906,7.199341299,6.762618412,13.87954055,10.42953419,10.22214249,11.23252608,12.63919645,9.416591313,15.91302442,7.516491961,10.52089142,7.858641942,11.82985123,10.58641334,8.197838618,11.47823506,7.488011638,4.677596194,9.745971536,9.467521048,9.976870678,11.57942767,11.83537007,9.054239361,8.939861725,7.92297571,13.54715955,8.460753762,12.4587736,11.8232193,13.74514717,6.78323798,13.34887753,12.9976149,10.48032615,8.707318732,9.387399754,6.95364972,14.85947222,15.61906637,7.145727305,16.17698411,8.070074471,11.80639268,12.58892337,11.50060987,11.89542163,14.26262001,10.52778927,10.9175196,10.93636541,14.32717196,15.09788269,12.20345886,11.48770622,9.098194458,10.13336966,7.253561134,7.567420226,8.558727436,12.69328209,8.127091051,12.88658974,4.998968072,11.94057657,12.05363112,10.92542931,2.841953866,2.572725036,10.9822725,9.100056727,12.81561693,12.60721489,15.81331668,20.24076718,13.37253536,13.09252779,6.586953179,5.225383645,13.54989627,13.26013221,12.15857011,11.86025132,10.79782212,8.072441818,14.18147338,13.46041668,14.91725593,11.81629058,12.34644586,11.87930195,14.90729216,12.56043711,8.849133142,3.14508102,12.94742619,11.63855208,11.04128832,8.558248421,16.35307828,16.1466174,10.28729988,9.233959683,11.93408327,13.21011962,8.936908895,10.90986582,10.71153736,9.526205943,16.62261258,16.3517381,16.05070137,9.576422781,17.59357224,14.7091992,13.35140533,12.68103442,11.75483424,15.59824701,11.28624307,12.80260127,12.28102161,9.971476305,8.977167838,9.081265528,0.0,6.534195518,12.40702815,12.30741696,4.014507273,13.77956471,9.511572412,5.892031816,12.61880008,14.93105341,3.735192135,10.0920465
C004_R+1,C004,urine,R+1,1,post_flight,I4,12.76497226,11.28537889,6.972845548,0.0,20.6908266,4.94627006,10.98713608,0.0,4.792224553,11.17969574,0,6.267956272,11.1822081,4.411188063,6.253385002,3.006909904,7.209944552,6.456411415,14.03499155,9.383409242,5.624953558,5.41627947,6.282694073,7.23548794,2.052286253,8.093089134,10.68367129,7.60066406,11.45093021,9.749160016,14.98205737,7.144275904,10.01785741,8.00937562,17.56334623,10.01586834,18.26549227,5.693220037,10.20616757,4.08751736,12.5098145,13.06596587,13.85881803,12.17517523,6.489629352,5.495534316,5.19180763,9.438871466,17.93807303,6.022406205,11.41560942,12.44108078,10.9749451,10.18274861,11.05744194,1.743977501,13.03123098,8.317856242,9.489342381,4.344480211,13.08346482,9.986529347,21.47444382,10.26195393,9.750250511,9.541331434,0.462029847,11.8374042,7.731844508,11.53263478,5.972520594,12.65904611,8.383388588,16.20822153,7.460004699,8.926564199,7.575993756,5.975580344,6.985925724,8.00856674,12.02032443,8.507976964,6.236907109,8.907695789,4.602359089,9.803661021,14.45760573,11.64627335,4.876029877,7.948431792,3.522273879,15.9867979,7.799299224,13.47782389,4.376700114,10.45354763,6.324601092,0.0,10.90694599,11.08955068,10.86116746,11.09408471,7.75196381,11.77482591,13.22124647,7.909623778,15.84097814,1.360714011,11.2271064,12.33886541,11.92099413,14.05722318,16.53952761,12.80990176,9.707351205,12.50589061,13.47391433,10.80611655,12.16636087,13.7142431,11.26676003,8.950258353,11.55666108,5.334302336,9.472776608,14.43201611,8.781887782,10.861407,6.851873083,13.58185587,11.77657521,11.53570086,2.043171572,0.0,10.75371147,11.66720808,15.11146562,9.661658891,15.56399213,21.78616889,14.40073397,12.84292595,7.747801682,2.647377792,16.5260732,11.67233176,11.54771965,8.530040066,5.664795017,5.995565804,7.830902004,6.86185746,5.969265784,9.363440167,10.74950184,11.73080062,6.82622656,14.77011694,8.418375182,2.83021179,5.465832716,10.24965022,13.26142987,10.93091244,16.44342398,17.8219653,8.605956204,6.163636024,12.64498,15.10024664,9.572832125,10.44985576,8.995542993,9.300207308,16.964672,18.25401796,18.06366386,10.04676308,17.14875029,14.3294954,14.00438637,13.74732048,13.22701981,15.97328559,2.305232926,12.76962956,11.96326333,11.39240849,0.0,6.395383787,6.349929599,6.271723456,9.215245268,12.28177696,1.196159587,13.68937775,8.966153192,5.783172173,11.73726583,15.83205192,5.155351829,10.10439242
C001_R+45,C001,urine,R+45,45,recovery,I4,12.76559915,12.03887679,7.350816011,1.570340272,17.41550286,6.721559414,10.82579898,0.0,2.577002817,12.12137883,0,5.901808393,7.317411433,3.285136336,6.463420057,1.928590443,1.826929255,2.180478396,10.31150912,4.541690881,2.205217974,0.0,2.202252725,7.398146705,6.192568577,5.300733671,6.387704645,8.302002486,10.65890115,8.010096511,12.9535827,7.021269661,9.795086607,8.709211558,14.94527446,10.93723754,15.45599036,4.002430767,8.321035725,4.916870386,13.27472865,10.57512017,12.73424554,12.24806994,5.841179627,5.017167355,2.700974416,8.265896954,15.0527625,5.045940687,9.201024299,10.23676247,6.72382721,4.63556586,8.213062764,0.0,12.18198948,3.428658059,4.888408087,2.511829538,9.105396708,4.759010047,19.72265577,10.60872466,9.52355634,5.988249154,0.0,10.65461953,7.495135475,10.13831266,7.597801707,12.63952611,7.69453524,14.65717525,7.567077553,8.409603313,7.603936675,3.27964985,9.560350106,7.22834651,11.93332755,9.842632859,5.18989712,6.536771755,10.04298025,9.670146339,12.72534636,11.45686519,3.320591197,11.57329493,2.654954617,12.46307279,6.576071385,11.09442849,2.382508208,10.90444508,6.803826368,0.0,10.02502137,10.70723486,8.039063228,12.36433271,5.83322966,9.772158169,13.20913301,6.858683243,12.35490825,2.399425305,11.43201802,9.790206484,12.08508561,12.04267011,14.11705318,11.51566098,8.89462317,11.0012267,14.98081671,6.784130237,12.12793959,13.75696697,9.475750573,8.919866605,9.416161426,4.737172334,6.72929117,9.334999894,7.60844692,9.961162751,6.181726083,9.934307626,13.13838389,11.41634653,1.533162922,0.0,10.61623704,9.604119817,13.13117072,5.705844766,13.71916531,16.10893486,11.75267455,11.04248536,5.674498281,3.981108432,12.80532431,12.17431479,11.2320065,9.650703977,4.69339081,3.888736821,5.593706051,5.444658879,4.153991212,7.161899739,9.30366281,11.74756927,5.531870824,11.99900795,9.467205635,2.81739661,4.306988751,8.686565612,11.84016201,9.933185782,14.61544444,17.2906876,8.436361188,7.000484454,11.67849486,13.08120206,7.444816358,10.44811649,8.6678494,9.167873494,13.6953481,15.39476865,15.56014251,6.660241276,15.82290528,12.12639942,11.62668647,12.06357987,10.95267836,13.41765343,8.338582745,12.67771513,11.93702361,10.44128482,5.461946825,8.619032692,0.0,7.625586354,7.317666308,7.256639802,2.063138903,13.44858272,9.655962398,5.454597757,10.51486723,12.56401726,6.619782604,10.67733855
C002_R+45,C002,urine,R+45,45,recovery,I4,12.82304086,12.24100387,7.279437044,5.976446464,20.89330925,6.117600302,11.23376665,0.0,5.157974117,10.82235675,0,6.939218853,11.19659272,4.262873753,6.373938214,5.757845923,3.47758134,5.785872339,13.09658719,7.619072022,7.14899578,6.918331564,5.722284863,3.160841167,3.546187368,7.794044074,8.901860863,8.46570011,11.09683287,11.53614664,15.49839314,9.15374516,11.30590454,9.746581807,15.95908809,10.95027164,17.13096184,5.23904882,11.32370886,6.392391628,13.51487933,12.38780503,14.75302917,12.00426953,6.849829784,7.300312403,4.739301814,10.205666,16.58740702,7.706526014,11.67732237,10.9120256,9.417273136,8.907800023,13.79450764,1.180855908,12.65577026,5.970076827,5.720598716,4.443896802,12.49818665,8.64439524,21.12206544,11.47700425,9.215959394,8.412031833,3.820758138,11.61680358,8.132864473,10.90501405,9.110393492,12.73344379,9.437443123,15.57335311,7.56111101,8.74549109,8.127841659,5.19063389,10.40128973,8.401485523,10.13357221,9.91529109,5.598948216,8.261193197,8.950314736,9.558630909,14.10790373,11.74301393,5.168648462,11.97124465,7.168212825,13.17850746,7.450438137,11.82121228,5.337875759,9.788983266,6.66583102,5.185496872,10.19730999,10.17609945,8.074955237,13.87770128,7.16139938,13.60743677,13.49134809,8.299000064,14.06197763,7.943989764,11.21275955,12.13576884,13.04938828,12.43630856,15.11516207,11.87298365,8.037426517,12.18362209,13.7594902,14.40809203,12.38357729,8.630733574,10.85208017,10.03217642,11.89163492,6.101008901,9.294588794,12.94392782,8.634888304,10.95035025,7.130557376,9.96696738,10.50013018,12.12112825,0.0,1.45981967,10.63995689,10.8894685,13.99105748,8.371658433,15.00468832,18.72009357,13.22687768,12.25354391,7.584381779,4.895121213,15.14611494,13.1028367,11.71761097,10.87975171,7.567717491,5.346285829,10.02633533,7.913189836,7.708465279,7.550921964,9.927914696,11.72462686,9.670509182,14.02609216,10.43682657,4.42287509,7.464516942,10.66957369,12.47040428,11.75714643,15.65063866,17.5759036,9.021709092,8.319318853,12.26220395,13.3988667,7.449633853,10.73010615,10.37923492,9.729120235,15.51495649,16.73585752,16.68118395,9.042371733,16.5199272,13.24460737,12.48184514,12.43707888,11.94357591,14.02921145,8.910122691,11.32374541,11.71548329,10.81405348,7.651393651,9.480497737,1.756122793,7.905252233,7.245836656,9.446172087,0.0,13.80580278,9.327214592,5.247894327,12.70642866,10.39595506,7.380671109,10.64669896
C003_R+45,C003,urine,R+45,45,recovery,I4,12.60616471,10.63658889,7.274372257,12.4045098,22.17521169,5.647711514,11.17114568,0.0,2.831432105,11.02005031,0,11.79996128,10.65714737,12.10380026,13.75235887,11.04149785,8.527252077,9.423462184,13.62342832,9.089679478,6.790460785,11.88400258,9.625303091,9.608442924,3.387525198,10.95129677,11.07578739,8.208051733,11.41035215,10.19874869,1.865413212,9.188546953,13.41327067,9.086460676,17.77956107,10.61230165,18.0448725,9.869691904,16.45842495,10.71338548,12.91564863,12.05895442,16.04977257,11.75502309,8.96134293,8.725403677,10.28605975,10.25963234,17.78697564,11.20984048,11.3862249,15.0867956,11.89526721,9.486986621,11.66388609,6.364838996,14.07541073,8.36630144,7.262735971,7.204134822,14.38587475,10.06555139,21.51141515,12.89405477,15.13833673,9.291831622,12.73447998,13.0969341,11.80411901,11.2587537,9.218575338,12.8891548,9.187237199,15.7135432,7.616268212,10.38752799,7.759866763,1.768863334,8.494286733,11.81111324,11.02507774,9.964739143,3.688918913,12.09797667,11.52731929,10.25424557,15.26758936,11.93582498,11.86026584,11.22972181,8.144906019,14.56892155,8.760585598,13.74072621,10.0430877,10.3321665,7.26660958,9.01389872,11.61078711,11.22409548,13.44192677,13.45913512,7.97220464,15.84798352,13.49256409,9.365269511,17.67384058,11.58144723,11.32530261,11.80682822,10.51227982,14.20012411,16.25984677,11.88914634,11.91875074,13.18366775,14.88469154,16.93896806,12.40620832,12.10064674,11.73128158,9.910782045,11.70760904,8.903605591,11.11382419,14.86592262,9.405072083,11.99481552,9.360156859,11.76728448,12.57858436,11.64131961,1.074780926,0.0,12.15092691,11.85326408,14.55155536,13.73134034,16.16720148,21.02365139,14.69543929,13.41870461,7.537615803,6.002080444,15.15797053,13.57410947,13.58057577,13.80757132,11.13320046,10.43384297,7.50969351,10.25146962,8.056914206,13.67409033,12.78188042,11.88260752,9.900663954,14.88232403,8.749166301,2.61616823,7.731428085,8.499564962,11.77919941,11.79250065,16.71733766,17.6526501,11.99556823,7.679455077,10.70840839,14.91498352,11.19021929,12.45461468,9.137785445,11.41548409,17.81006848,18.15520818,17.88450103,11.0060027,18.84112408,15.46198087,14.55202799,14.65534954,13.78360379,16.88217474,7.728429696,10.37004108,10.77169689,10.94189493,9.243397917,13.06766645,3.506353819,8.268744124,13.33172284,13.20707736,6.251255346,13.97739419,9.799723549,4.944965782,13.38429354,17.44023996,7.184095469,10.78216685
C004_R+45,C004,urine,R+45,45,recovery,I4,12.75556677,11.70548825,7.190808426,1.754408881,20.86244661,6.539043225,11.19088232,0.518480926,5.912841246,10.47726299,0,4.453716072,9.55839888,3.693901266,6.365281604,4.273058598,6.194445012,5.600875378,13.16406086,6.090902488,2.22385837,2.262528495,5.868679717,3.034284321,8.130189439,7.67093351,9.60563656,8.665864999,11.08396999,8.89764884,14.62915022,9.543522682,11.12583203,9.3737655,16.76958955,10.95816099,17.66215772,5.357314797,10.95773701,6.983861014,12.34662515,11.83758871,14.42156582,11.95960058,6.43377023,7.580964436,4.594494031,10.51402433,17.68600533,7.161355084,11.25481986,11.50736739,9.908203296,9.126866671,11.32886366,0.411968398,12.89444609,5.240660911,4.750830027,4.325840513,11.51492552,9.745301223,21.45716812,11.00636416,9.349670165,9.174111559,3.643690808,11.79789396,7.410401211,11.13116769,7.654142431,12.84676016,9.782491409,16.62903372,7.512457913,8.691150342,7.917350011,5.32761285,9.489801359,8.472966775,11.42240022,9.853427014,3.180392619,7.449694417,10.64712781,9.990114209,15.2310466,11.79695022,4.758858007,9.077624085,7.647605987,15.1208176,8.36544673,12.25343861,5.107131801,10.40822689,5.265871047,2.43890958,10.62265246,10.00883957,10.18629279,13.34991697,7.02142095,12.38626244,13.24881321,8.493312135,14.74943446,6.789572547,11.43533313,11.257354,12.5908133,13.32040424,16.12306395,11.93703737,10.76569584,12.69749142,14.69018285,11.80046595,11.85220488,12.53164985,11.58552393,8.971702974,11.30969258,6.366238814,9.470505934,13.11070076,9.293354908,11.18910034,7.503570575,12.3688324,13.24453294,10.87794199,0.0,0.409257262,10.7195343,11.22903405,15.54766216,8.990446156,15.55466375,19.71600746,13.359107,12.29738451,7.958448501,3.941519468,16.45068102,11.69445423,12.7338031,10.2923942,6.909089574,5.374386149,9.160299518,4.067371851,5.887628275,8.593554171,9.026848159,11.92352299,5.986525668,14.4761623,10.23696171,3.59229653,6.531204273,10.87742925,11.87717796,10.83742458,15.29537087,17.786582,8.74557088,7.536971205,14.1656963,14.4463207,9.419280153,10.64291248,9.255005871,9.574359844,15.72623297,17.64139345,17.48070527,9.054671828,16.74830869,13.16979551,12.39898025,12.34796492,12.58616384,13.96711214,9.241182807,11.14663608,11.88143752,10.19700936,8.165901525,9.286951209,0.0,7.704344758,7.763412179,9.619093851,2.168443547,14.27199207,8.947316262,5.343610846,11.9912318,14.56132783,6.070625274,10.9552514
C001_R+82,C001,urine,R+82,82,recovery,I4,12.69037375,11.55754563,7.366427041,1.907854202,18.02176002,7.660076265,11.21978826,0.0,4.087458794,11.95878395,0,5.326401744,8.281292087,1.544788006,7.008927513,2.036102761,3.383792808,1.177940662,10.17588671,2.612153496,0.0,0.0,5.304481989,7.614436351,4.949163728,5.783581654,6.097250814,7.567120611,11.14357738,8.421819693,13.01419649,7.012900886,10.11580115,8.631242502,14.85062739,10.6628254,15.10098936,5.448098661,8.545872153,5.049872079,12.460297,11.09124681,12.26508108,12.05601266,5.805400045,5.813500641,2.5220454,8.929967218,14.34699111,5.301478387,9.1255459,11.37028216,6.99272516,3.994789388,8.506740651,0.0,11.91301093,2.042677072,6.131636873,3.383344563,9.194388404,5.547435786,19.60121391,10.91384091,9.07603253,5.866485044,1.70594476,10.59456781,7.218265513,9.819680957,8.751997109,12.6247999,7.826800022,14.96511798,7.130281485,8.675545042,7.479902683,6.208657315,10.28996717,7.337655533,11.64650446,10.02468523,5.949777455,6.894136889,5.284308626,9.673802074,12.55811726,11.71722736,3.181366645,9.539535227,6.132215974,12.77847694,8.459106617,10.05714264,3.68613152,10.29140908,7.645679387,0.0,11.53607437,8.696677884,8.301564414,12.53047327,5.67567015,10.28393803,13.28809665,6.654348812,12.3874932,5.034648935,11.48942257,12.15319022,11.93706015,11.08052491,13.78411824,11.37502228,9.775852713,10.67410021,14.13923611,7.14447825,12.29285364,14.1438836,9.13697175,10.31906875,9.391144805,6.392067164,8.050358253,8.944743226,7.39210434,9.901760036,6.857733419,11.32898749,11.80779481,11.67595093,2.900865048,1.165027712,10.60007971,9.298678523,13.06965422,6.205982061,13.24614683,16.89249807,11.58889841,12.61868909,5.924181686,3.57103746,12.70206841,12.13194378,11.24717092,9.244043161,5.761153046,4.438444049,4.576219593,6.422528979,4.135315145,7.002990193,10.24034475,11.74249488,5.689436466,11.77802471,9.453789544,2.85412806,4.645492662,9.139952422,12.30855433,10.51179278,14.68623144,17.0977676,8.548895319,5.803417826,13.71703604,12.65629166,7.918742087,10.36439853,8.186198324,9.060645094,13.59238612,15.1784606,15.20135177,6.810521586,15.67504243,12.20829982,11.64332146,11.88686763,11.0413454,13.02043348,7.468960962,11.78799189,12.04487861,8.992056604,1.047804314,8.989176325,3.131161455,7.183972653,8.105144639,6.345695778,0.0,13.68543041,9.413361082,5.669346217,10.26231822,12.7409487,7.392569724,11.14595568
C002_R+82,C002,urine,R+82,82,recovery,I4,12.76194215,12.22268301,7.62902737,4.77171325,17.93557062,6.890127106,11.25962288,0.0,4.686656713,11.3393072,0,5.844931806,9.825037892,3.103920583,5.682039122,3.372163699,1.970046656,3.805508331,11.64570491,6.812610104,2.313798217,5.556844853,4.140743599,7.766056099,3.363621551,5.781011192,7.855411074,8.106685001,11.15057118,9.663715554,14.02283646,7.548335213,9.76030437,8.46071639,14.54365248,10.99234547,15.9918283,4.912214048,9.983252331,5.827278562,12.02763558,11.11700331,12.14577176,12.14123136,7.08638416,5.766742786,3.232157124,9.10640218,14.99612935,6.707719734,9.907952393,9.868405702,8.02861963,7.010255006,10.57828418,0.0,12.60056642,5.428617919,5.858676162,3.571686886,12.31969954,7.661034936,19.83091862,10.8366141,9.430480072,6.634670793,0.0,11.65016831,7.407173062,11.27686654,8.265841011,12.744977,9.434916215,13.98784323,7.56826914,8.611784539,7.446792935,5.630849926,11.1065225,7.251858043,11.60842423,10.69709375,6.260364857,7.498210553,10.82998794,10.15793138,12.71048599,11.61356247,4.01644936,11.43793792,3.179114454,11.56891531,7.686624788,10.74043169,4.352209938,10.5301141,6.983964761,2.806245399,11.32904614,9.919443669,9.238862007,12.92049864,6.7469931,12.07303644,13.33531382,6.618698458,13.02934275,7.230145222,11.44965054,11.87812213,11.85299721,11.08695609,13.80020273,12.27176481,10.29063973,10.65457575,15.33415761,13.16993232,12.27935161,13.24429146,9.332653992,10.22039698,10.5218754,5.823303197,7.989611282,11.22028956,7.003450573,9.703546631,5.815315507,7.311641554,12.54662342,11.70737675,2.498148253,0.0,10.66479248,9.361860563,13.12230823,7.592162991,13.49550031,17.13069282,11.83743752,11.92614659,6.180222662,4.164692811,13.33285351,12.7758287,11.3281902,9.471151363,6.309004467,3.942609194,7.784338917,6.496548247,8.079521783,5.740919211,8.983174467,11.71110567,8.000599105,12.70222496,9.283713899,3.48036489,6.703799759,10.64725199,13.16117185,11.20985588,14.66547011,17.5344413,8.619138232,7.088105355,11.88412048,12.43783981,7.247059223,10.45400519,9.729441921,9.359574293,13.96608372,15.21872563,15.36453987,7.571636043,14.93791427,12.05085762,11.34125043,11.77829768,10.9982739,12.99942724,5.148769844,11.9653383,12.30653798,9.966665132,6.507965025,8.154569277,3.578876922,7.068237317,6.735175472,8.223155932,0.0,13.34657857,9.529002205,6.017527696,12.28723122,8.516553199,7.529498227,11.18346343
C003_R+82,C003,urine,R+82,82,recovery,I4,12.80310485,12.47305167,7.493759098,9.552414841,17.87619663,7.531290905,11.31243178,0.0,6.068575473,5.381734375,0,8.968753142,7.635010491,9.820273315,9.277285951,7.488782655,5.653444827,6.44943745,10.12278904,4.774354635,5.35081056,8.781261956,5.705702391,3.333909348,7.27609083,8.19962567,7.606373512,7.725119985,10.75381679,9.306386734,0.0,6.264370833,10.39298052,8.192459444,14.57716882,10.63705093,14.52493198,6.827523903,12.53137788,8.019402936,12.9498001,9.852281442,11.98819392,11.87808088,7.300819527,5.777212825,7.277419431,7.336559103,13.89357069,7.664221899,8.802103005,12.64048026,8.12505284,5.678730548,8.448248817,4.466263569,12.2936507,7.715735556,3.804295667,4.340947056,10.97142314,6.577908548,18.63963743,11.10621532,10.48084791,6.165920226,9.48921248,9.746117786,8.519123471,11.79610537,7.360214168,12.74382048,7.139040308,13.94450722,7.580908,8.946002887,7.7351844,6.152566078,9.658706505,8.913778137,11.97918407,8.686255994,5.885586119,9.429617512,11.29469174,10.10173289,11.65836857,11.82988438,8.599731212,9.096055031,2.003663217,11.4759794,8.237386284,10.17196865,7.664070564,10.83972121,2.221814476,0.0,10.40262393,9.833012527,10.76404101,9.928919063,4.10438871,12.17677997,13.35344077,6.018686725,14.86401469,8.702030833,11.05557496,12.90275671,12.59685022,10.23183555,12.57806104,11.32618956,10.59416916,9.600303114,13.66722125,13.61096135,12.45822898,13.4172043,8.192125921,9.764937948,7.957858366,8.456919281,7.568518015,10.85631956,6.6338187,9.647029021,6.456557934,9.922317903,12.93928162,11.42414905,0.0,0.0,10.5669202,8.409059263,11.46620118,10.65501246,12.77991343,16.9462844,11.31922407,12.11329539,5.731900487,3.6172071,11.47338525,11.76198393,11.07530962,10.75331048,7.709490353,7.163997366,6.397436221,7.689445081,9.384770916,6.825526005,10.76243613,11.74373313,8.18282431,11.15104819,8.427818423,2.23860888,5.427279948,10.36322491,13.10675088,5.69772122,14.17180338,16.7126894,8.874952446,3.933413861,12.70357152,11.58925995,9.327994269,10.36579055,7.772022972,9.845534759,13.52041384,14.43181802,14.08710472,7.234749212,15.46606483,12.318364,11.04684348,11.36698629,10.16632022,13.47573069,5.775730217,12.99035062,11.05399315,9.992873108,5.462157091,10.48906296,3.485837435,6.920606985,10.18499079,9.398631101,3.830087368,13.49863981,9.621556489,5.327345276,10.97041969,11.54546458,7.696388635,11.07863003
C004_R+82,C004,urine,R+82,82,recovery,I4,12.65024609,12.02107071,7.233938133,1.225432115,17.97580322,7.806230941,11.17185937,0.503861852,6.306270269,12.51316141,0,6.01415501,9.189813002,2.865293024,4.655459065,1.79335094,4.954512791,4.316187863,11.94919455,5.047041478,2.246162754,0.0,5.204988758,4.172998051,9.813442786,5.824720492,7.949459712,7.925455364,10.7945678,9.687452645,12.63002401,6.704032962,8.96447852,8.146922024,14.40762702,10.82232915,15.49019886,2.242765756,8.673414596,5.232570582,11.82978187,10.98356423,11.43398632,11.93359395,6.46752703,5.188329862,2.95065935,8.892256803,15.10134126,6.51470937,9.55449538,9.927268649,9.371373177,7.793739814,11.24040195,2.085843802,13.94642732,4.529488094,7.475828068,0.92884176,11.15207127,8.501425436,19.81717786,10.27885237,9.13309758,6.475138099,0.0,12.87834255,6.854826512,11.4615598,7.538406831,12.5508999,8.148948258,15.22060223,7.325152448,8.694027253,7.713642369,5.850438162,10.69743945,7.859933052,10.94876286,9.278298537,6.092654462,8.047463537,4.655260292,9.846819624,13.04897905,11.41757403,3.692325002,10.43810618,2.736333449,13.15320347,5.293106292,10.15855083,3.75290095,10.57942637,6.682544188,3.17571304,10.1189552,9.789298098,8.845921527,12.40575312,5.75133281,11.35984344,13.18080123,6.524506763,12.72227365,7.070805011,11.64891819,11.30821061,10.90396143,10.97167252,13.50633357,12.42827307,10.00477804,10.66940939,11.48946682,5.997840989,12.19172751,13.18708839,9.393649381,10.35904974,9.253248275,5.715656577,7.808633253,11.22222238,7.81987321,9.87773012,5.802353737,7.948650938,12.80152446,11.39451584,0.0,0.397013692,10.53468818,8.896927457,13.4171453,7.10431885,13.17806331,17.97186292,10.93815778,13.55691379,6.389204843,2.113624612,13.9968268,12.05254079,11.20370293,7.225835345,5.114002631,3.481982385,7.110000695,2.843394057,6.00389951,7.355998677,8.716887275,11.65192257,6.598465473,12.4757994,10.42461561,2.84471419,5.969660163,8.872024992,11.59807079,11.6565697,13.76770379,17.5746004,8.243450025,6.612228727,13.21160173,12.64380565,8.319989195,10.48183412,8.842927302,9.289493919,13.22423831,15.33392562,15.23593095,6.741388995,14.28846446,11.25879404,10.22030441,10.23051899,10.43597304,12.05812453,2.702229458,12.19974653,12.92388074,10.4948419,6.045956484,7.286007346,6.709956712,6.601021022,6.344938406,8.185036305,0.915812611,13.91368199,9.588780466,4.415782473,9.809536334,11.50619064,3.431321612,10.33491332
