sample_id,crew,tissue,timepoint,timepoint_days,phase,mission,alamar_serum_activin_a,alamar_serum_activin_ab,alamar_serum_activin_b,alamar_serum_ager,alamar_serum_agrp,alamar_serum_angpt1,alamar_serum_anxa1,alamar_serum_bdnf,alamar_serum_bmp10,alamar_serum_bmp7,alamar_serum_c1qa,alamar_serum_ccl1,alamar_serum_ccl13,alamar_serum_ccl14,alamar_serum_ccl15,alamar_serum_ccl16,alamar_serum_ccl17,alamar_serum_ccl19,alamar_serum_ccl2,alamar_serum_ccl20,alamar_serum_ccl22,alamar_serum_ccl23,alamar_serum_ccl24,alamar_serum_ccl25,alamar_serum_ccl28,alamar_serum_ccl3,alamar_serum_ccl4,alamar_serum_ccl5,alamar_serum_ccl7,alamar_serum_ccl8,alamar_serum_cd200,alamar_serum_cd200r1,alamar_serum_cd274,alamar_serum_cd276,alamar_serum_cd40,alamar_serum_cd70,alamar_serum_cd83,alamar_serum_cd93,alamar_serum_ceacam5,alamar_serum_chi3l1,alamar_serum_clcf1,alamar_serum_clec4a,alamar_serum_csf1,alamar_serum_csf2rb,alamar_serum_csf3,alamar_serum_csf3r,alamar_serum_cst7,alamar_serum_ctf1,alamar_serum_ctla4,alamar_serum_ctss,alamar_serum_cx3cl1,alamar_serum_cxadr,alamar_serum_cxcl1,alamar_serum_cxcl10,alamar_serum_cxcl12,alamar_serum_cxcl13,alamar_serum_cxcl14,alamar_serum_cxcl2,alamar_serum_cxcl3,alamar_serum_cxcl5,alamar_serum_cxcl8,alamar_serum_cxcl9,alamar_serum_egf,alamar_serum_epo,alamar_serum_fam3d,alamar_serum_faslg,alamar_serum_fgf19,alamar_serum_fgf2,alamar_serum_fgf21,alamar_serum_fgf23,alamar_serum_flt1,alamar_serum_flt3lg,alamar_serum_fth1,alamar_serum_gdf15,alamar_serum_gdf2,alamar_serum_gfap,alamar_serum_grn,alamar_serum_gzmb,alamar_serum_hgf,alamar_serum_ifna1;_ifna13,alamar_serum_ifna2,alamar_serum_ifnb1,alamar_serum_ifng,alamar_serum_ifnl1,alamar_serum_ifnw1,alamar_serum_il10,alamar_serum_il10rb,alamar_serum_il11,alamar_serum_il12b,alamar_serum_il12p70,alamar_serum_il12rb1,alamar_serum_il13,alamar_serum_il13ra2,alamar_serum_il15ra,alamar_serum_il16,alamar_serum_il17a,alamar_serum_il17b,alamar_serum_il17c,alamar_serum_il17f,alamar_serum_il17rb,alamar_serum_il18,alamar_serum_il18bp,alamar_serum_il18r1,alamar_serum_il19,alamar_serum_il1b,alamar_serum_il1r2,alamar_serum_il1rl1,alamar_serum_il1rn,alamar_serum_il20,alamar_serum_il22,alamar_serum_il23,alamar_serum_il27,alamar_serum_il2ra,alamar_serum_il2rb,alamar_serum_il32,alamar_serum_il33,alamar_serum_il34,alamar_serum_il35,alamar_serum_il36a,alamar_serum_il36g,alamar_serum_il39,alamar_serum_il3ra,alamar_serum_il4,alamar_serum_il4r,alamar_serum_il5,alamar_serum_il5ra,alamar_serum_il6,alamar_serum_il6r,alamar_serum_il7,alamar_serum_il7r,alamar_serum_il9,alamar_serum_inhibin_a,alamar_serum_inhibin_b,alamar_serum_irak4,alamar_serum_kdr,alamar_serum_kitlg,alamar_serum_lag3,alamar_serum_lamp3,alamar_serum_lcn2,alamar_serum_lgals9,alamar_serum_lif,alamar_serum_ltbr,alamar_serum_mdk,alamar_serum_mertk,alamar_serum_met,alamar_serum_mica,alamar_serum_micb,alamar_serum_mif,alamar_serum_mmp10,alamar_serum_mmp12,alamar_serum_mmp3,alamar_serum_mmp8,alamar_serum_mmp9,alamar_serum_mpo,alamar_serum_muc16,alamar_serum_ncr1,alamar_serum_ngf,alamar_serum_osm,alamar_serum_pdcd1,alamar_serum_pdgfa,alamar_serum_ptx3,alamar_serum_s100a12,alamar_serum_s100a9,alamar_serum_scg2,alamar_serum_sele,alamar_serum_slurp1,alamar_serum_spp1,alamar_serum_tafa5,alamar_serum_tgfb1,alamar_serum_tgfb3,alamar_serum_thpo,alamar_serum_timp1,alamar_serum_timp2,alamar_serum_tlr3,alamar_serum_tnf,alamar_serum_tnfrsf11a,alamar_serum_tnfrsf13c,alamar_serum_tnfrsf14,alamar_serum_tnfrsf17,alamar_serum_tnfrsf18,alamar_serum_tnfrsf1a,alamar_serum_tnfrsf1b,alamar_serum_tnfrsf4,alamar_serum_tnfrsf8,alamar_serum_tnfrsf9,alamar_serum_tnfsf10,alamar_serum_tnfsf11,alamar_serum_tnfsf12,alamar_serum_tnfsf13b,alamar_serum_tnfsf15,alamar_serum_tnfsf4,alamar_serum_tnfsf8,alamar_serum_tnfsf9,alamar_serum_trem1,alamar_serum_tslp,alamar_serum_vcam1,alamar_serum_vegfa,alamar_serum_vegfc,alamar_serum_vegfd,alamar_serum_vsnl1,alamar_serum_vstm1,alamar_serum_wnt16,alamar_serum_wnt7a
C001_L-92,C001,serum,L-92,-92,pre_flight,I4,12.71515636,12.1824569,7.375707868,13.51369703,11.89173374,17.53700408,11.45797693,18.25820475,9.779411519,10.73068112,11.84697708,13.36427113,14.30702467,14.17972075,14.07294755,13.55044735,15.96904018,11.94043672,13.57807753,11.83946339,13.31796298,13.16787582,14.56365782,13.35821069,13.98639967,11.70774002,13.76660723,14.22235675,12.08217925,16.14404839,12.91322722,13.26248864,13.61902842,13.25230823,14.25371146,10.71135232,13.47508402,13.41541649,12.76246955,13.29503477,12.9674207,14.57495665,12.95956614,13.07500707,12.26138374,13.14971129,14.61459504,13.20006668,13.28859783,13.08333336,12.81692101,12.9219186,13.3644255,13.93580236,14.03786898,12.23683708,13.26049548,14.54534427,13.88553132,14.75147715,15.60055919,11.60992918,16.78750337,14.16598906,13.58531601,13.39921522,13.13499634,13.59873862,10.25382542,12.10947518,14.76491758,13.28697218,13.68938135,13.42768348,10.34849009,13.11396881,13.32213023,12.41628266,15.26255464,10.35004075,12.33377809,14.83528629,10.35035054,15.07715523,11.28590945,12.28982942,13.44191548,12.15128774,12.68088644,13.57963269,13.60682466,13.15297271,11.09632293,13.5402297,13.46682375,11.96815422,12.88562483,14.70641928,12.85455284,14.95908265,13.95606434,13.12369542,13.03007515,12.79443162,14.10108914,13.20076743,14.45921419,12.69435651,13.73183714,13.04810858,13.11580945,12.2346933,13.91492408,13.69125003,12.66847947,13.06779188,12.54934063,13.33772505,12.88837367,13.05394089,12.26708471,13.3001556,17.12651043,13.51917892,13.46827611,12.77727093,12.84683326,13.57082482,14.50133114,13.1375971,14.28042064,12.22416169,14.63517833,12.17771384,13.75441777,11.92869287,12.82691838,13.70186361,15.64515187,11.53537422,13.03970771,13.72594033,16.12591012,12.89125505,13.58041017,13.95768632,14.36487353,15.10537752,14.94559138,13.50203319,14.31805522,16.73998094,19.02102797,15.92408887,13.74254819,13.83962784,13.77178808,17.8450288,12.91327648,16.41292876,12.11150938,16.42865221,14.22214735,13.19687479,12.35016908,13.48249438,12.82326951,13.79006699,14.85938572,12.7761262,15.33784982,14.45886764,13.73211357,13.11528101,15.54667056,13.48365986,12.87232915,14.48834464,13.36305583,14.00755623,13.69389524,13.26726073,13.44837944,12.95253425,13.18124361,13.55942571,12.87518466,15.02871526,12.67793649,13.87340349,13.68496133,13.13734148,13.47809995,14.13556306,12.1398637,13.1881109,14.82331793,15.09607855,11.91059387,13.46485097,15.94216605,13.62800561,14.58083495
C002_L-92,C002,serum,L-92,-92,pre_flight,I4,12.77187087,12.26302811,7.867645123,13.9045884,10.8325807,16.83597406,11.2731409,17.84853393,10.35450897,10.86889884,11.78621837,13.06601357,14.81328648,13.50121185,13.39582527,14.31863049,15.74441486,12.1659185,14.51272581,10.58934165,13.50481323,13.5978161,13.0175211,14.15680023,12.39279667,11.58784296,13.55987076,13.80486648,12.25373631,15.12791357,13.4843167,13.4443901,12.92093089,13.19904618,13.59670469,10.84271561,13.27816077,12.85039889,11.36167945,12.47606039,12.95692598,13.58286387,12.09663972,13.81731168,12.99643429,12.82076579,14.18881306,13.31701503,12.74259663,12.69062735,12.50130213,12.05695871,13.60473486,12.68423351,13.8153374,11.00335261,12.7519836,15.81200275,14.17259237,15.75803816,14.44142248,11.24215707,16.7420764,12.76011062,12.5419471,12.9845161,11.67834716,11.80462286,12.01434928,11.75112151,13.89783145,13.22646882,13.22498769,12.26902157,10.21476985,13.38061762,12.97384381,11.04002662,14.86687038,11.89477459,12.65213492,16.38183037,9.915427252,13.75007518,12.02334547,12.50882913,12.78989688,13.7308943,13.22558086,12.9629833,13.13502384,12.50596943,10.9554122,12.8167332,13.11804707,12.10625795,12.74443634,10.91181691,11.53663071,12.84945987,13.31014351,12.60367023,12.40813623,11.81673857,13.93002263,13.16958233,12.47280382,12.92992867,12.07277608,12.5440694,12.62061044,11.36437553,12.42211424,12.83438015,12.69061431,12.51656928,12.58888583,13.06341919,12.55354146,13.06304544,12.4523649,12.4955858,14.33715533,14.02933175,13.87294,13.67908142,12.93796181,12.52678018,14.20057362,12.61583393,12.65396009,12.23152708,11.29408098,12.63507477,13.34337074,11.52619641,12.55187807,12.76621726,14.30736375,12.1325291,13.17903507,12.71934213,13.91677436,13.06316527,13.02903147,13.41248856,12.82886752,15.35183989,13.69670817,14.15299312,12.22364149,15.86686238,17.50632347,15.49523873,11.91923512,13.00694866,13.3483039,17.30639617,12.60100034,15.68399567,11.22058613,16.53117991,13.73684601,13.22964394,11.32642816,13.24991042,13.08421258,12.8663506,14.48753917,13.014425,15.17336854,13.43571454,13.2465373,13.04361532,13.71676927,13.16383489,13.0133406,14.10439771,13.75124927,12.92514195,13.09234561,12.52834167,13.19757409,12.38354909,13.06863796,12.56470648,13.2523463,14.80588151,12.88383747,13.87586238,13.04250436,13.19282836,13.1234601,13.86535029,11.92052938,12.84915776,15.71973016,14.36232441,12.22067015,12.88779783,11.93697195,14.43632881,14.70105034
C003_L-92,C003,serum,L-92,-92,pre_flight,I4,12.35238143,11.99173868,8.401331879,14.27245757,10.16562757,18.04455326,12.24525132,18.19718854,7.875730669,10.83588884,11.90365423,13.27999802,14.12535367,14.25683567,14.86731875,13.0482901,15.76432843,12.96543436,14.20086304,10.60708886,13.33548364,13.57866806,13.33822948,13.7561471,13.37762068,11.62737581,13.45004422,16.64272599,12.48170985,15.87431472,1.02402658,13.53621619,13.38326012,13.58014277,14.67837147,10.72844109,13.81192143,13.98384276,11.63680932,13.30596361,12.84525084,13.0703614,12.90866586,12.91484393,12.53902805,13.1880997,15.19343341,13.13020924,13.37537492,13.69003557,13.18418199,12.80980039,13.51377485,12.4223099,13.86082627,14.88443514,12.52242663,15.75519866,14.67304169,15.07831919,14.69537199,11.6651507,17.30245926,13.06579178,13.91600889,12.79875715,14.12095157,14.41879938,12.04394553,10.94477605,14.50209199,13.18166142,11.65014492,13.34782021,10.16397388,13.78203681,13.35517817,10.93656954,16.52141866,13.39477664,13.32920371,14.79989827,11.76767927,14.14944095,12.93411049,12.88096792,13.64078121,12.01579358,13.90734238,12.55881213,13.44488082,12.48813829,11.18912202,12.85260328,14.14264803,13.45544406,12.64705031,11.8226029,12.91199065,14.16615838,13.66677404,12.78514426,12.86511925,13.12218571,13.96408503,13.12310411,12.25603575,13.50138287,13.14923188,12.61447308,11.43263506,11.75363839,13.50861354,13.30297011,11.99685652,12.94663175,12.54611014,13.55075388,13.94276233,13.13680421,12.38286751,12.8853413,15.76037836,13.44764832,12.79687822,12.2620717,13.77065993,12.80388865,15.16519841,13.05066492,13.81933252,12.69224919,10.96407968,13.34646888,12.87792353,11.52974448,12.37072086,12.65805355,15.49249921,11.98256077,13.93483058,13.4526744,15.02676923,13.34301199,13.39741573,13.86834535,14.48544529,15.65859065,14.7412376,14.25012103,13.72153994,16.98491188,19.97052307,15.77270034,12.678207,13.22457766,13.76906429,18.68767525,13.04449835,16.2815848,11.8658716,16.5159686,15.49831482,12.3302075,11.31690911,13.4452901,13.20620724,14.27683014,15.06089156,13.03702373,15.60129784,13.83755308,14.04003159,13.18429473,14.22624238,13.88861116,13.15546959,14.73143308,13.2340303,14.42401322,13.81909985,13.19280859,13.9046794,12.84155526,13.53803961,13.14660515,13.42193925,15.60306053,13.18943665,13.65003443,13.49066471,13.1417408,12.90755769,14.36193971,12.99567946,12.74360235,15.12101324,14.90909446,11.98988103,13.18295766,15.70722981,13.81980405,13.99681563
C004_L-92,C004,serum,L-92,-92,pre_flight,I4,12.59605981,12.2338636,9.536771999,12.23397483,11.31376609,17.99478447,10.89192348,17.67514464,9.106737897,11.56893711,11.61682717,12.7047158,14.11099151,13.80301329,12.43309489,12.52466948,16.90018413,12.2885261,13.31236094,10.53501031,13.55216384,13.62912419,13.247331,13.16378478,14.33674364,11.79864136,13.70135953,12.81989727,12.77180531,14.72552694,12.34895981,13.03908428,13.39268854,13.32742569,14.21282424,10.40749544,13.53136056,12.7701574,13.32252991,12.50227083,13.58457154,13.91424895,12.38178244,15.37137169,12.70082444,13.19390647,15.56305519,13.07646808,13.2556823,13.2357485,11.84920935,12.9346514,13.03387107,12.78337404,13.74461661,11.5708715,13.2166924,14.50551586,12.88568249,13.32194879,14.65859841,11.60106431,16.71130153,12.87897834,13.02199595,13.59975546,13.6492668,13.42880875,11.99935557,11.87035494,14.15075885,13.23593332,13.72365483,13.02256828,9.689337254,13.259354,12.7454951,11.86365468,15.41638347,11.45412866,12.7626242,14.09037961,13.46911282,15.93737602,12.02915423,13.06286358,13.45408664,12.78520712,13.38056813,13.25429131,13.61339663,14.06446971,10.84358866,13.53074657,13.54741367,12.3573263,11.98677453,11.83023852,13.1000073,13.12530966,13.87753528,13.00536248,12.59236233,12.72149892,14.23836934,12.83312653,13.50074197,12.95072228,12.63020466,12.63067342,12.41411716,12.30736355,13.15435612,13.44630587,12.49982497,12.79639479,12.65400041,13.5707545,13.96891595,13.11925877,12.77194594,13.0611842,15.23197772,13.09252928,13.40750303,14.02033103,13.8425549,14.00397914,15.13578214,13.02039706,15.54379017,12.21574355,13.33685921,11.86328628,12.47012902,11.54973872,12.96371673,13.21720654,14.60737775,12.80586578,13.34749095,12.88539093,15.30230527,12.71591327,13.16407249,14.17653353,12.99373184,15.0914747,13.42328993,12.85357585,13.98216931,15.25889354,18.19946821,15.24190811,12.99333029,13.72195862,13.13579726,17.49445524,12.74329512,16.26059275,10.6540329,15.87005459,13.37059808,12.51491616,12.65126642,12.93194685,13.00555591,13.47942961,14.22830017,13.23575814,15.12999135,14.86021681,13.50167885,12.59737996,14.1272536,13.63569514,12.75148414,14.22919043,13.10279496,12.59845023,13.6180087,13.17480126,13.20569926,12.49052454,13.23511978,12.74792446,12.64057073,15.69743617,13.05341282,13.85699017,13.36415487,12.79952679,13.14719922,14.01685671,12.41097212,12.86487055,14.35610231,14.58538109,11.37056099,13.63403075,14.97677288,13.47360062,14.08425324
C001_L-44,C001,serum,L-44,-44,pre_flight,I4,13.00284816,12.458077,7.612081535,13.80280628,14.86279413,17.93579879,12.02250712,18.57658201,10.24262101,15.03922842,0.0,13.76325532,14.66279169,13.78253814,13.21939141,13.55658564,16.66376648,12.14343549,13.37662951,10.56756358,13.62529729,13.25992157,14.00107907,17.16170789,17.23777253,13.47092427,14.29482294,15.25937328,11.60035178,16.40725372,12.9507963,13.03050436,13.82334014,13.14487868,14.46526837,10.93858271,14.20368825,13.4881927,12.46303424,13.24597357,13.22412757,14.31233857,13.09716068,13.37706461,12.11654796,13.45416044,14.65160106,12.93246273,13.54407023,13.11330516,11.33629918,12.76425817,13.24317809,14.27259187,14.57640581,12.68920798,14.57215382,14.58238983,14.08622339,15.0416727,15.8160303,11.85659078,16.895388,13.50987214,13.13629167,13.45372435,12.93747655,13.72451374,11.83338612,12.4600152,14.25933908,13.34947797,13.73792448,13.31870122,10.72081732,13.36472644,13.55074756,12.54791876,14.97723908,10.51704715,12.59899888,15.95460344,10.21065259,15.40221445,10.36944583,13.10769412,13.50639494,12.16993461,12.96520426,13.69736282,15.36851062,13.49302206,11.61205069,13.5218562,13.1601703,11.74886949,13.60082968,13.97645756,13.26634647,17.86620608,14.28547642,13.33481179,13.01699006,12.8271336,13.93735373,13.27505747,14.47878888,12.35131321,14.06370057,12.19128654,12.50847344,13.12415275,13.9975138,13.76502735,13.5299647,12.26003374,13.29706266,14.14752606,12.85475377,12.35642984,13.32260496,13.3165347,17.59019461,13.49739409,13.59266453,12.88740361,13.20387456,13.93995953,14.49140405,12.95563561,14.55454539,12.16366914,13.96082271,11.87905791,13.77217928,11.82218258,13.55728579,13.43356827,15.95886839,13.02703052,12.84710734,13.47269783,20.62198019,12.90001715,13.80141889,13.98427601,17.31132852,16.93674315,14.22194914,13.90550529,13.39062954,17.3468927,18.98794177,14.75275053,13.35076273,14.00230255,14.54735131,18.02649175,12.84326173,16.61007265,11.64169647,16.03435739,13.63786468,15.24328567,12.62895014,13.46831649,12.61781058,13.76617796,14.83684676,12.66454082,16.99979963,14.16176596,13.79150116,13.12946403,14.95072617,13.42737199,12.65984181,14.67379139,13.51621217,14.29475785,13.65423403,13.2054323,13.47182378,13.01674198,13.43305175,13.55676558,13.70415236,15.31424306,12.61105884,14.85739402,14.18750941,13.35630608,12.51764806,14.20904812,12.24772517,12.87713986,14.96063549,14.71339168,7.771117342,13.3403334,15.98798476,14.76959245,15.60954627
C002_L-44,C002,serum,L-44,-44,pre_flight,I4,12.86065482,12.11923537,8.065222917,14.89951545,14.94761714,17.56710925,11.85174231,18.48584294,11.14991274,15.40167682,0.0,13.45832663,15.28488613,13.27900586,14.02376008,14.77759893,16.45453562,12.77322227,14.78729442,11.19515958,13.91563463,14.06131438,12.63159692,18.77042672,15.88099451,12.82297423,14.34990251,14.99146593,11.97797936,15.7961167,13.99741747,13.59188254,13.39410214,13.36301662,14.06796221,11.15734853,14.46230235,13.85456203,11.72381103,12.38020593,12.16944188,13.76912666,12.7549392,14.46705939,12.86290093,13.21370423,14.13108513,13.32016954,13.52198993,12.96292606,11.81444498,12.3978494,14.03028746,13.25641934,14.62868012,12.05840369,14.95718295,15.89265258,14.81288409,16.32380134,14.25020519,11.94322224,17.11957635,13.54154959,14.28329612,13.65821596,13.70710989,12.40636148,12.51059531,12.31479649,13.48107059,13.35182061,13.51373104,13.02796136,10.5469917,14.21654494,13.68836554,11.27066837,14.08644502,12.17892244,12.04587339,17.99043865,9.849786098,14.45303222,11.98158088,13.62732873,13.15559334,14.18082333,13.81013137,13.08978063,15.18628969,12.88138198,12.20531543,13.36707343,12.86322735,13.00983647,13.37410202,12.73058601,12.48252433,16.17230442,13.91595709,13.18038079,12.79626869,12.17460113,13.71611268,13.49705245,12.4558461,12.47231372,13.3392499,12.05829876,12.45995072,13.0753536,12.9326237,13.30508398,12.49197138,12.90766742,13.82714777,13.75971777,13.68030746,12.60602759,12.75683704,12.9946482,15.08802105,14.35337245,14.11455129,13.8258086,12.13442541,13.07772299,13.90344954,12.92301339,13.28707089,12.97886191,11.33523154,13.64367546,13.69688984,11.54022583,13.72627388,13.07020685,14.2270849,12.95634065,12.82942934,12.96378615,19.510453,13.36265356,13.66927813,14.03782543,16.3227415,16.59207946,14.10427739,15.04588676,12.47325017,15.75981953,17.16700259,14.70223888,12.07464471,13.61289735,14.47782377,16.96544206,13.21883832,16.11231121,10.18834575,15.82684927,12.89630525,17.02419618,12.47503058,13.58546018,13.31768582,13.39965529,14.7310976,12.79468564,16.91075457,14.32386902,13.76915875,13.40706466,14.46887129,13.64703113,13.11880108,14.52861743,14.32912152,13.63328358,13.18009279,12.91762786,13.89181052,12.85143518,13.55840814,13.23514123,14.48677794,15.30423565,13.18128501,15.22435641,13.78474115,13.71410963,12.46628311,13.79986176,12.26065052,13.24329692,16.15205657,14.38070437,8.731676477,13.47834218,12.35190554,15.94171431,15.79738935
C004_L-44,C004,serum,L-44,-44,pre_flight,I4,12.73246743,12.20048515,10.18707875,13.34004853,15.52460425,18.36461142,12.19487022,18.15992849,10.41712518,15.38832151,0.0,13.48127933,14.54506077,13.70357892,12.75563708,12.95986333,17.22448542,13.34759719,13.74654126,11.4498292,13.82980853,14.59388542,12.52106293,17.6669153,17.21086318,13.85936615,15.00169253,15.37697008,13.06693201,15.59735469,12.90038526,13.21148574,14.34044001,13.51280208,14.74449032,11.11544203,14.77164025,13.66064743,13.70225642,13.1234034,13.75270149,14.37252656,13.55855598,14.70926374,12.68989393,13.85506666,15.89569684,13.14961312,14.37635234,13.58086631,11.5849783,12.93807515,13.76095354,14.77955783,14.42548051,12.51994357,14.61515535,14.82229281,13.48338662,13.90332803,14.24606199,13.98362436,16.96845842,13.65755245,14.18768918,14.64643227,13.22974964,14.3665178,12.68843509,12.57309,14.12687,13.60120493,14.07723906,13.74643523,11.52829502,14.09407622,13.55585333,13.61368332,15.20427429,12.31556034,12.70359221,15.49439573,16.47886679,16.68772025,12.69288711,14.97436177,13.97685768,13.10062969,14.45306946,17.58957973,16.08132304,14.59169972,11.610093,14.30574897,13.75729708,13.29804385,12.40604643,14.3275249,13.73875533,16.41440195,14.76758465,14.34452919,12.87682869,12.95582279,14.15999961,13.21902535,13.78877963,13.80183315,13.68767015,12.10835899,12.63192783,14.52395947,13.70541317,14.1478748,12.8443819,12.85063694,14.47668504,14.13103712,14.93149257,12.67242079,13.09071668,13.5994052,16.25731461,13.44887651,13.76903159,14.131706,13.76617569,14.56691816,15.04540394,13.30814948,16.17758508,13.14941471,13.27878847,12.21102506,12.70666871,11.62051623,14.29437244,13.93353441,15.27963008,13.69324355,14.62748238,13.25564998,20.26667029,12.94986703,13.71004286,14.86764227,16.75021327,17.21220916,14.04221795,13.2295089,14.44242876,16.3085183,18.29607902,15.01414907,13.29881034,14.36826301,14.50002727,17.86938041,13.17592118,16.51871378,10.56615249,15.74277888,13.30664797,15.72652476,13.23405528,13.79185405,13.6209254,14.38124443,14.67106178,12.68863116,17.07695389,15.36506149,14.10548259,13.01430354,15.78517543,14.34704859,12.98110677,14.74054271,13.66947983,13.29065905,14.01849076,14.00367573,13.76137763,13.23552324,14.14784039,14.10994615,14.03438605,16.04370853,13.69805757,15.13345974,14.22256828,13.36802792,12.71506346,14.2659238,13.60236775,13.24274601,14.42395504,14.41798418,8.130386022,14.17186758,15.84413523,15.12708117,15.60481218
C001_L-3,C001,serum,L-3,-3,pre_flight,I4,12.76022038,12.18116522,7.83034355,13.3762539,11.85810139,17.84654242,12.57939365,18.57965714,9.366902888,10.9311037,12.07634879,13.31464603,14.61788526,14.48822787,13.36238782,13.57884082,16.37371581,12.08554885,13.7787238,10.16456695,13.7037425,13.30566687,14.96725309,13.43280245,14.20444109,11.78655772,14.27824529,15.51048468,12.70951015,16.43990601,12.96237067,13.52199108,13.44792678,13.25302545,14.73627559,10.63032212,13.39982874,13.11687308,12.7992174,13.33684521,13.16482307,14.38574678,13.03147027,13.06580262,12.76695268,13.3134244,14.54972595,13.69147962,13.36222008,13.13059508,12.58223376,12.88117902,13.56348038,13.8987628,14.15174583,12.41489789,13.56521595,15.1572215,14.30926821,15.21669936,17.92078975,11.59328379,17.28741155,13.59375078,12.83401957,12.91900339,15.51467948,14.12214136,10.58622179,11.67577865,14.6818481,13.31063851,13.73600967,13.61860311,10.65727622,13.48775806,13.31370854,11.9000911,15.82077749,10.42199085,12.03009099,14.85534772,10.22778292,14.88059142,11.23810282,12.48858726,13.37470087,12.10368574,13.04345216,14.1271001,13.75541789,13.84038894,10.90294679,13.52569856,13.45180295,12.15906938,13.09230284,12.01404063,12.90305187,14.96814246,14.15863622,13.0838413,13.00089896,12.57543936,14.9627642,13.35399126,14.77925123,12.92876025,13.75734468,12.7392621,12.84752428,12.68415464,13.87764163,13.50107762,12.79973197,13.22761405,12.77708157,14.02065102,12.69868823,13.30163299,12.77710994,13.3930328,17.32177252,13.65122323,14.96789872,12.5647643,13.81019267,13.74760789,14.7182358,13.084454,14.0091003,12.27337621,14.37174647,12.43028776,13.96472448,12.02498275,12.50125387,13.43509131,15.98689232,12.25843679,14.08552941,13.33260757,16.10131627,12.96002558,13.5891942,13.88825369,14.39727592,16.49848533,14.57696879,13.44693001,14.01896794,17.16416596,19.22025006,15.88572626,13.48320303,13.76289601,13.77695037,18.45777106,12.70880455,16.58453465,12.15711391,16.49722436,13.81249423,13.30108206,12.35417942,13.87185247,12.682731,13.83238197,15.13734069,13.14176148,15.4129385,14.46840659,14.03954041,13.33599621,17.38880821,13.42629675,13.1322196,14.78554541,13.4639154,14.1601122,13.74386661,13.13063727,13.24209805,12.8198007,13.22594343,13.6148846,12.67076929,15.28890261,12.64199747,13.79865402,13.56097057,13.26988522,13.25886583,14.38809871,12.45661934,13.09072733,15.12745949,15.406252,12.10842101,13.18894498,16.15657276,13.47258954,14.65605337
C002_L-3,C002,serum,L-3,-3,pre_flight,I4,12.67069129,12.07391736,7.895527625,13.74688218,12.0297556,16.87642038,11.26972573,17.80427679,9.724779201,10.52327819,11.93643826,12.9929602,14.75330282,13.37782775,13.51884993,14.48526044,15.70321772,11.95006173,14.8470843,10.62144955,13.50306124,13.40650564,12.91307903,14.47386035,12.82796143,11.90974218,13.68043226,14.24122457,12.58927579,15.27668425,13.74037291,13.41011511,12.84962881,13.20562918,13.76725307,10.67859093,13.27440984,13.2118388,11.50303963,13.27832827,12.8937058,13.33389678,12.48928636,13.69730823,13.46175255,12.91040296,14.13703715,13.72946212,12.79747547,12.86159243,12.38688887,12.29865222,13.49736958,12.48320973,13.92032788,11.2648039,13.2036615,15.59069106,14.22566928,15.84599906,15.30892445,11.30245756,16.97095804,13.2525092,12.94789097,13.30060273,15.02183128,11.55161366,10.98141504,11.96152453,13.28228211,13.24377103,13.23355597,12.71525389,10.20547836,13.9176011,13.03936339,10.20275601,14.83811791,12.35377653,12.62733488,16.17243532,9.877858953,13.79533476,11.9813394,12.54600827,12.76916063,14.02838889,13.41594674,13.23812411,13.16766217,12.62290493,10.95015782,12.83965044,12.85802387,12.41563267,12.68273169,12.06654582,12.04758942,12.68614115,13.5054237,12.68816213,12.42478862,12.06464554,14.02227885,13.12671887,12.31589506,12.84992266,13.21884177,12.48660411,13.25618264,11.97042378,12.36285227,12.78083959,12.541098,12.68883479,12.69921819,11.93819362,13.11480311,13.17984915,11.62578648,12.5153676,14.57770809,13.94252247,13.66336221,13.48937851,13.3873418,12.54484084,13.71804432,12.47416254,12.21812399,12.59512222,11.4908855,13.394857,13.21979802,11.66915756,12.3042173,12.59870994,13.87282759,12.72310136,13.27442656,12.72925657,15.1595701,12.99079748,12.99843293,13.39466255,12.90973556,15.65940059,14.06707794,14.42123987,13.08065737,15.41629375,17.31993633,15.01804217,11.73065078,13.0958426,13.42271391,17.3003781,12.55861608,15.60636034,10.50495214,15.872365,13.54614213,13.43970513,11.31141147,13.30649751,13.08754743,12.76405251,14.43787126,13.56654532,15.14389655,13.74497624,13.40007427,13.04768546,15.21529203,13.35973935,13.06710496,14.12618947,13.72202108,13.02782453,13.1189271,12.66532833,12.99205794,12.29519141,13.10702255,12.71541114,13.43839308,14.87473674,12.68909454,13.96747628,12.91515034,13.03933794,12.78868763,13.62262071,12.45072979,12.95505877,15.6192696,14.38351799,12.18212576,12.98044074,11.58162139,14.40011276,15.14219349
C003_L-3,C003,serum,L-3,-3,pre_flight,I4,12.55913443,12.03731969,8.239993545,13.24715942,10.74758215,17.82308029,11.86629374,17.73814454,8.173604343,10.13324877,11.72767815,12.46322788,13.56230557,14.24232547,14.63494677,12.53937595,15.34140434,11.83420634,13.66795821,9.731285097,12.6031898,13.58704104,13.12166466,13.56207601,13.54386518,11.96020853,12.98058648,16.19205994,12.62377826,15.11387532,1.278865904,12.81073681,12.80410347,12.93043677,14.44543579,10.72718445,13.11007736,12.4539801,11.4498721,12.45863034,12.88102434,12.77418505,13.25293439,12.31839271,12.63497825,12.72839218,14.83237483,12.92959934,12.53294759,13.38710345,12.11844088,12.34809325,13.0551343,11.0231644,13.75644209,13.57495793,12.57392361,15.13501982,14.35073367,14.58666229,14.54486819,11.08502182,17.11553483,12.99022456,12.99982751,12.03090457,13.9116159,14.43307592,10.41501298,11.4866853,13.79103492,13.14848563,11.86501839,13.3574349,10.56076541,13.98732147,12.82489929,10.59798522,16.0265,10.63734399,12.43383849,14.34114062,10.34715265,13.17542005,11.61224791,12.55765671,12.9880257,11.87412797,13.0307939,12.39235743,12.93681767,11.75631483,10.90180212,12.16569131,13.09242991,12.79100768,11.99502332,12.87610125,11.90970786,14.10572176,13.37668782,12.09158616,11.97629925,12.85692947,13.90865284,12.85529659,12.08768059,13.40561594,12.70206779,12.60556566,11.8863664,12.44843334,12.69948881,12.57344862,12.28475144,12.26557443,11.86482762,12.46870222,13.47734522,12.99737177,12.06066054,12.0726757,14.82685883,12.93626726,11.53623357,11.99536294,13.29304415,12.38649507,14.37958772,12.49592245,13.18443511,12.43218044,11.40105409,12.98655427,12.58021663,11.37179443,11.24670755,12.14573504,14.48497683,11.63226522,13.62840514,12.86981401,16.27589517,12.97418509,13.24225972,13.45980262,14.18133739,15.89058523,14.48882646,13.65048782,12.97531155,15.96260213,19.41183109,15.58029744,12.32403959,12.43901879,13.41360726,18.25100974,12.32182323,15.98920933,10.58070876,15.30038537,13.18218218,12.35719832,10.6086438,12.91293552,12.49526851,12.73358689,14.82303431,12.85301107,15.2533846,13.76522777,13.15119027,12.7330123,14.26941958,13.32653154,12.92793819,14.25671152,12.87389142,13.78097848,13.10700233,12.43211546,12.14782635,12.16439263,12.66784709,12.34073911,12.77740683,15.52934307,12.60310686,13.02147569,12.38774417,12.60506726,12.2329692,13.86636127,11.6805232,12.32908271,14.76103248,14.53606963,10.84150852,12.82169383,14.47777654,13.63254449,13.78847777
C004_L-3,C004,serum,L-3,-3,pre_flight,I4,12.64786439,12.16892466,9.51652183,12.34536636,11.97056199,18.12387636,10.86088009,17.91857633,9.128390411,10.88066529,11.94590754,12.73041514,14.02654398,13.98413983,12.5758408,12.37278636,17.1398114,12.25164859,13.18241508,10.92111597,13.62062594,13.99679464,12.97389899,13.55224578,14.16729252,11.61280518,14.03468864,15.01853515,14.07573767,14.86036428,12.46160081,13.11029403,13.26485353,13.26117784,14.4257053,10.28820138,13.391488,12.74010494,13.32286504,12.67353977,13.74901033,13.8680683,12.54321637,15.4812838,12.55031272,13.13876763,15.6079235,13.27551861,13.29158178,13.28328899,11.8678835,12.7465932,13.00164108,12.32366812,13.66239613,11.61772283,13.01554959,14.48975849,13.28970868,13.73807802,15.82056181,11.62997241,16.95563523,13.02880638,12.97121336,13.29093612,13.12749691,14.17242187,11.40195931,11.62355185,14.05322668,13.33642288,13.6848466,13.08439357,10.50489201,13.35608212,12.58433376,11.16595864,15.82453746,10.99886761,12.50225207,14.1218176,12.32372073,15.51211812,10.97154608,12.59361385,13.39904608,12.70210238,13.46998753,13.06370861,13.59283484,14.05895387,10.69504664,13.41462101,13.57632397,12.56386721,11.83911187,12.27572851,12.914029,13.10615006,14.07904981,12.85483019,12.38781669,12.56190019,14.40027909,12.87072625,13.2846597,12.9828343,12.81247265,12.67397257,12.52761677,12.26193782,12.872869,13.26806686,12.28321966,12.68212495,12.86372772,13.40873531,13.75990349,13.10267673,12.34621575,13.1030473,15.5022582,13.1037799,13.11508748,13.79740121,13.6116437,13.95011469,14.94929613,12.9956575,15.51362513,12.83324665,12.65220252,12.25759215,12.46642707,11.65488036,12.39962445,13.35350742,14.87189519,12.84769283,14.5311721,12.66818153,15.72083009,12.60749464,13.13135893,14.18076906,13.2781774,15.57077592,13.49533846,12.68064108,14.25768454,15.89364179,18.55001322,15.42429586,12.89781319,13.43731627,13.33082462,17.97960938,12.47006604,16.35583112,10.45280658,15.57470151,14.60535181,13.14545757,12.5471154,13.19892379,12.67244051,13.13690112,14.51075925,12.60204302,15.14875834,14.8089948,13.59230427,12.73786854,15.23157765,13.55627364,13.046359,14.39144315,13.00760624,12.47347205,13.45715576,12.95820001,12.98735002,12.20081591,13.17876136,12.86166637,12.40322956,16.05427616,12.91265014,13.60420469,13.14970694,12.8497184,12.90781469,14.01240485,11.88048826,12.72464442,14.4854902,14.65101724,11.20673672,13.5386372,15.09368541,13.16786691,14.1028734
C001_R+1,C001,serum,R+1,1,post_flight,I4,12.74660871,12.24744359,7.579983422,12.85315075,11.59156456,17.07505543,11.74815519,17.64063656,9.502259474,10.87973204,11.36478437,13.43082698,14.06128783,13.99847178,13.03735718,13.26873029,16.04949665,11.98790666,13.41193859,9.693569955,13.18335214,12.97160348,14.29476428,12.59156409,14.57205197,11.91086333,13.49477023,13.5709437,12.07442007,15.65495053,12.5089994,12.76833128,13.17685782,12.96994616,13.81623503,10.02646226,13.25707271,12.60470877,12.1359126,12.67074099,12.50924494,13.64478304,12.58120467,12.58602104,11.98346713,12.6333408,14.019709,12.3450172,12.92798477,12.6629299,11.90424833,12.22310094,12.99207294,13.8054949,13.79356639,11.95307292,13.07348587,14.34661521,13.5435562,14.5212409,14.42909295,11.76273914,16.1781343,13.37548449,12.39042135,12.84147478,14.3052206,12.74525721,10.22705563,11.49415514,13.75238674,13.25234467,13.61327733,12.62387747,10.12874737,12.86693921,12.87523716,12.0813288,15.33317254,10.32155399,12.05865216,14.52161834,10.2802798,15.02571409,11.34829921,12.44511439,12.95839191,11.90436474,12.54149815,13.6122829,13.2261453,13.27093536,10.5935445,13.11889086,12.9758838,11.77774127,12.8503054,11.92243028,12.83846352,14.73748941,13.63611069,12.797588,12.64697979,13.21369704,13.68716904,12.72782791,13.9958823,12.13006083,13.72510811,12.89251631,12.46154917,12.11403866,13.41567317,13.3975199,12.57963112,12.98550318,12.22956962,13.15465832,12.50699802,12.99628787,12.58892174,12.7393114,16.92268983,13.06651892,13.73692662,12.43868887,13.75269947,13.2663013,14.60236714,12.32513636,13.65595266,12.17574307,13.70663928,11.98443277,13.40182666,11.74435845,12.53905983,13.18923583,15.07419814,11.93430101,12.48086993,13.18017991,16.35695981,12.51753602,13.0982235,13.24553861,13.71960834,15.88770833,14.1139194,13.40060659,13.23019226,16.35678481,18.39273132,15.65833854,12.95080022,13.40285257,13.3530286,17.24879906,12.1842544,16.13864825,11.3635338,15.14180921,12.58972259,11.86372062,11.8097899,12.95476923,12.6147919,12.93760769,14.34519075,12.86927098,14.9036291,13.67734499,13.23260291,12.76986181,15.24894946,12.98097974,12.4224064,13.9932504,12.93373406,13.54016502,13.39882117,12.82795969,12.82192624,12.45837716,12.96079365,13.24719275,12.32097946,14.70746376,11.76702624,13.18206336,12.96181809,12.78584719,13.14986768,13.71835281,11.8389201,12.7025864,14.60501311,14.77229994,11.28678822,12.76677419,15.20098194,13.18686106,14.02954972
C002_R+1,C002,serum,R+1,1,post_flight,I4,12.65503581,12.26115286,7.875405682,13.2883434,10.97320274,16.65975736,11.09596,16.82592416,10.02454969,10.84117782,11.67924542,14.81547404,14.83791307,13.46478419,13.38866589,14.36521242,16.58144814,11.92189013,14.34811754,13.4128246,14.01233761,13.33696067,12.88451178,13.12145457,12.48369916,11.70657288,13.45003306,11.94907882,12.27234655,15.01451325,13.53143554,13.25126963,12.65239875,13.14412428,13.46505686,10.67468437,13.42217418,12.58628968,11.17865343,12.10797035,12.67049084,13.27215341,12.04557498,13.74010354,13.33677232,12.67545851,14.50828588,12.92044305,12.71384416,12.52553368,12.26306687,11.87333164,13.64428505,12.47306764,13.73037744,11.12117069,13.27442474,15.75649819,14.11386079,15.80357007,13.55465411,11.37621072,16.53892412,12.57144415,12.68440527,12.98417041,13.2757514,11.83021811,11.12485275,11.64446783,13.31896036,13.24351753,13.44770797,12.53669701,9.814253038,14.08666298,12.9434129,10.68976735,15.30587632,12.02633711,12.65207807,16.57926524,10.04783735,13.76394645,12.23829712,12.51348182,12.57860889,14.12603239,13.16495996,13.13159294,12.94410015,13.19275836,10.6690497,12.7714827,12.33019437,13.251574,12.19543636,11.70952286,12.22238503,13.35509497,13.35215898,12.28342203,12.30544841,11.8782038,13.72360023,12.9411866,12.11803246,12.7440645,12.35977756,12.50348418,12.36162068,11.99954273,12.38057362,12.62871205,12.53271312,13.12553276,12.2757176,13.51205316,12.9141071,13.2181094,12.13908747,12.0687463,14.14613547,13.80481611,13.84064901,13.75103811,13.00823676,12.44724877,14.08878481,12.03946763,12.7122044,12.04204061,11.2266054,13.20229161,13.32249796,11.63802086,12.42633832,12.5215433,14.0305752,12.72435807,12.4333053,12.58693145,14.21614918,12.88319434,12.9754358,13.34990287,12.59344027,15.04085117,13.83034547,14.39716057,12.51577072,15.98301032,17.8384871,15.2879784,11.59137364,12.80926908,13.36271648,17.52446394,12.5099897,15.57669414,10.98404563,15.50156928,13.13144477,12.77714118,11.32028903,13.19873677,13.31955801,12.69552445,14.258265,13.5011463,14.97579724,13.43348432,13.11903471,12.70466976,13.89313511,13.26170477,12.69342517,13.75516536,13.7288296,12.78950154,13.06040481,12.64913715,12.80704441,12.37416781,13.08162827,12.6840748,12.93599218,14.77908301,12.8209416,13.33271431,12.41113143,12.70705994,12.947007,13.70040568,11.95699884,12.69744358,15.6804958,14.38136729,12.05278133,12.78356855,11.70367301,14.44339798,14.7674905
C003_R+1,C003,serum,R+1,1,post_flight,I4,12.60432775,12.07656282,8.225419518,13.64580153,10.69617467,18.14726127,11.19029814,17.66818765,8.179439304,10.9703802,11.80942123,13.06368027,13.95221827,14.03611721,15.46626603,13.28342085,15.87062342,12.13045769,14.40697736,10.03935168,13.11104613,13.81874433,13.5259593,14.0023949,14.2370901,11.46085829,13.43996904,15.48680717,12.70495188,15.48759442,1.565096984,13.01324494,13.0844179,13.17453835,14.4507716,10.53749538,13.54570701,12.63406026,11.57803069,12.54697876,12.63825833,12.96266078,13.28582104,12.59351226,11.79985606,12.65130797,14.64478701,13.02979565,12.90167866,13.38659854,12.57540608,12.69610235,13.47404209,11.47691727,13.81535067,12.58409688,12.75319683,15.22305242,14.53172605,14.95149628,14.50430029,11.72228989,17.21486426,12.57526019,14.23723279,12.48655787,15.70016719,14.2328818,11.04270275,11.22158409,13.77799363,13.07112551,12.06852563,13.48270658,10.56422109,13.85898887,13.06671018,10.40120021,16.13880716,12.23300981,12.78086701,14.83721411,11.31632292,13.60627521,11.90085604,13.52391537,13.16373144,12.02115399,13.27031519,12.48457281,13.08555736,12.07765797,11.14633589,12.64246711,13.07969538,12.87064932,11.93607584,12.96532185,12.43460054,14.61322152,13.59539488,12.4027052,12.37162988,13.32654527,13.67850266,12.96093209,12.82245071,13.29545963,13.47375835,12.41326688,12.41942481,12.12898075,12.96364914,12.97743823,11.90950498,13.12859926,12.34560791,13.26496497,13.71849587,13.12856696,12.05232489,12.1778356,14.87641339,12.9829618,13.09743416,12.62087753,13.61852599,12.70193635,15.01009946,12.64372455,13.44456244,12.51897651,11.5012499,14.23912498,12.81729009,11.52498797,12.10993634,12.44623364,14.49686417,11.76706394,13.38977743,13.20089122,17.20041766,13.20405776,13.5116239,13.78548556,14.17369989,15.80344897,14.69312032,14.11962399,12.95061669,16.12898176,19.42220739,15.42976952,12.64328863,12.75231394,13.68455968,17.9932233,12.55633494,16.13258439,10.93543595,14.92139134,12.84279288,12.12475293,10.76708376,13.41515509,13.20214981,13.52528404,15.08369502,12.81553611,15.40698426,14.53784124,13.54360262,12.86021081,13.97223719,14.09656838,12.82992305,14.47628776,13.17210888,14.01148854,13.3524109,12.85889359,12.71106086,12.39982399,13.28694175,12.88735399,12.83032804,15.66819494,12.73996168,13.20272103,12.50855747,12.83624037,12.75634028,13.98425881,12.39805265,12.64444266,14.91214518,14.94371463,12.12025649,13.16124566,14.94296656,13.55597532,13.90380661
C004_R+1,C004,serum,R+1,1,post_flight,I4,12.62972223,12.17233107,9.539424227,12.59661776,12.3483504,17.82014103,10.53282619,17.63020942,8.947809646,11.30917849,11.90070715,13.15565384,14.10370673,13.5369942,12.81668893,12.76240213,17.13043814,12.41072335,13.37477437,11.96746205,13.77025984,13.89220778,12.96530968,13.59323769,14.89770414,11.58070575,14.14543379,14.1968777,13.41634739,14.89633343,12.558732,13.01723503,13.47868758,13.30196359,14.13277233,10.53275381,13.84371816,12.86512001,13.24995571,12.57962245,13.74430783,13.74505235,12.75328612,15.07576156,12.77900419,13.26521626,15.48901433,12.24309089,13.47162863,13.03820273,11.97276848,12.71754691,13.3050784,12.98677282,13.73751621,11.70135676,13.48122413,15.10547106,13.23261585,13.61459681,13.36956577,12.59916549,16.41498854,13.35200455,14.19098278,13.73184427,13.63098087,12.81692668,11.69668207,11.95505521,13.74377841,13.34230064,13.58255479,12.92715248,9.517085271,13.45191406,12.77960003,11.7812138,15.35437637,11.95931539,12.91848445,14.51092384,13.61430387,16.11984087,11.99842635,13.21122589,13.45428123,12.76464589,13.71686013,12.98775365,13.85969601,14.15399656,10.70700441,13.83331389,12.82419786,13.0434001,11.75395677,13.5214237,13.50953537,13.74923673,13.86803532,13.31750955,12.63621862,13.48125405,13.42895364,12.65886996,13.03734524,12.92945754,13.29657105,13.02508392,12.44133269,12.50758144,13.03899786,13.6616608,12.54981912,13.20794898,13.15710144,13.36356822,14.57570476,13.24816923,11.13388999,13.0141951,15.1810973,13.06790847,13.55775896,14.02854255,14.52669043,13.98369701,15.00673171,12.93290518,15.93230567,11.38285331,12.70610454,11.74013292,12.49650988,11.53647496,13.18937518,13.47954512,14.70616704,13.01703479,13.44207935,13.02494838,16.77209535,12.61867909,13.13668871,14.28321903,13.03355599,15.61977538,13.53963043,13.43990671,14.35575983,15.43436273,17.88193715,15.21919079,12.93710594,13.86613668,13.35213512,17.11757908,12.62508893,16.20004243,10.88468302,14.49695989,12.4409705,13.44242784,12.53503017,13.03371625,13.15558459,13.59541298,14.25802677,12.66194824,15.17377388,14.84095849,13.64592159,12.65701503,15.04753958,13.97546309,12.76293012,14.24729218,13.01355093,12.58051026,13.70560341,13.51814354,13.25558631,12.50829189,13.60014742,13.62669188,12.69086205,15.7577124,12.77882678,13.75758648,13.1206914,12.76208981,13.46073104,13.83424627,13.29807242,13.04286238,14.32104817,14.52064938,11.18192314,14.35415443,15.2928753,13.49881048,14.21318416
C001_R+45,C001,serum,R+45,45,recovery,I4,12.57222202,12.42013547,7.344736911,13.26038288,10.96283595,17.50183038,12.41468277,18.11072878,10.17131597,11.04453289,11.62444939,13.11525851,14.12314857,14.49009511,12.82492525,13.59669149,15.83478388,11.9089152,13.34969047,9.306877927,13.38010045,13.91521566,14.87261016,13.08919454,13.64463605,11.55672499,13.5978053,14.71024387,11.93698211,16.14631005,13.04414298,13.42241701,13.50398903,13.21826548,14.08593123,10.42113083,13.47876122,13.23679159,12.70277733,12.96565134,13.34763954,14.48841316,13.00977115,13.06195992,12.39636801,13.11561328,14.26060994,11.90959954,13.36044598,12.90042183,12.45218744,12.89924105,13.09869026,13.96601137,14.04188621,12.17516544,12.9479273,14.58988104,13.69741328,14.85368059,14.28662164,11.66264797,15.24208576,13.03755607,12.56172351,12.9089638,13.51438088,11.76311227,10.74477351,11.41812896,14.50771409,13.29553278,13.68010571,13.1467438,10.74757503,13.26711405,13.31360818,11.72476329,15.28350629,10.53062371,12.33485133,14.72825822,10.27462131,15.08387168,11.94070213,11.80385808,13.51150383,11.92935722,12.85755151,13.55098678,13.62774355,13.20363671,11.37645594,13.51577653,13.02055157,12.24349982,13.27640951,11.36969893,12.23324811,14.82647222,13.68674986,13.08782104,13.01134269,12.56608088,13.26207662,13.41922708,14.44502243,12.23121175,13.39709209,12.90361676,12.47780947,12.10609495,14.0011939,13.62477116,12.07295063,13.08696624,12.89638193,11.89711,12.31258654,13.02832667,12.83567201,13.3111984,16.82760215,13.62503612,13.17867875,12.76608541,12.96028365,13.85646843,14.78430517,13.02732953,13.82940486,12.36905324,14.42875504,8.378444708,13.92775623,11.83352006,12.82331642,13.64811598,14.97414684,11.63623079,12.61421977,13.44021571,13.9756162,12.93141042,13.56245587,13.9406968,14.31366433,13.13269726,14.69306137,13.12515586,14.19322099,15.81883249,18.21403083,15.49717585,13.68549337,13.79021111,13.70968909,16.63741611,12.72576006,16.35586838,10.70668056,15.74730182,12.93848976,12.2046492,12.46511568,13.05261453,12.75875265,14.18735825,14.74367347,12.84884472,15.29933889,14.6428175,13.71857558,13.34161595,14.81251326,13.33736511,12.7395797,14.04591102,13.38977019,13.86038182,13.6159739,13.03573652,13.38968881,12.90719325,13.22743614,13.95018801,12.72153621,14.97298891,12.55249431,13.81872351,13.36857989,13.12507072,12.92234463,13.98825691,11.62612106,13.08960538,14.71526555,15.05294348,12.09747949,13.00985678,15.60258456,13.66614813,14.29420714
C002_R+45,C002,serum,R+45,45,recovery,I4,12.70800425,12.26322559,7.761642723,14.22475658,11.02573154,16.85464815,11.29185717,17.93578894,10.40931765,11.20932983,11.4956367,12.9652823,14.73364154,13.74671855,13.89543843,14.62504334,15.50787009,12.55601397,14.6031971,9.943770841,13.54865942,13.38706301,13.10540899,14.6729954,12.60250146,11.44780564,14.29879878,14.30915743,16.72555962,15.15121514,13.67092245,13.40702221,13.03918069,12.96700323,14.51798178,10.61357672,13.42838129,13.08126587,11.58122374,12.32583566,12.73769608,13.46201237,13.25671644,13.7674681,12.7580623,12.88386995,13.93243926,14.46937927,13.19499,12.92036197,12.04467413,12.29574661,13.45225151,12.14555865,13.82993015,10.85022234,12.53666534,15.57584129,14.1531292,15.72770523,19.76744117,10.89891534,17.31113711,13.64942414,13.1669792,13.33441782,12.80244719,12.19495677,12.19448125,11.84248132,13.61118468,13.25251724,13.05264927,12.31121687,10.6540473,13.86408408,13.05655464,10.66896136,14.88137981,11.99836308,11.82829365,15.68627694,10.07837062,14.04310658,11.43268817,12.62781333,12.90112556,14.02620349,13.29330628,12.87358972,13.0733274,12.00560964,10.88142176,13.06752814,12.41112958,12.1674188,12.69898488,10.92167163,12.13488392,12.95657926,13.53887702,12.52726917,12.54511388,11.93648089,16.12530989,13.10677858,11.89531973,13.17636537,12.59637967,12.19769101,12.94960167,11.54032216,12.44021193,12.89990073,12.68074815,12.64610179,12.95706594,12.90990519,13.36837818,13.18627715,11.81386787,12.421452,14.3754716,14.05844341,13.27306062,13.71642137,13.92568362,12.70175994,13.87067762,12.61559346,12.20406277,12.67810795,10.8371898,10.71595346,13.40972867,11.05938503,13.03931977,12.66342224,14.28986274,12.37439159,15.070775,12.90150814,14.19766328,13.07475252,13.09562072,13.55944497,12.81576514,17.94886945,13.81680768,14.19159461,12.19165015,15.79934948,17.23622341,15.28757382,11.89136091,13.1532167,13.16614607,18.64490296,12.57797067,15.69693028,10.47539332,15.17107396,13.02892457,13.3103965,11.41097623,13.37580015,13.44474071,13.01140318,14.64205031,13.11703146,15.11409482,13.80041748,13.3618944,12.99327537,14.25124161,13.45034039,13.51429283,14.30968306,13.78266636,13.06678302,13.13714376,12.83641059,13.24798502,12.34497454,13.32364956,12.58551882,13.57534465,14.90292134,12.77499868,13.96469908,13.06752446,12.93814916,12.14581621,14.223843,11.87668306,12.93925441,15.91890093,14.5429022,13.33837427,12.73358594,11.97954895,14.58612753,15.0776719
C003_R+45,C003,serum,R+45,45,recovery,I4,12.60541852,12.20032156,8.428933751,13.82995034,11.16301668,18.13667999,13.2045314,18.28025412,9.05539228,11.29235713,11.35660474,13.10890617,14.4714782,14.24934105,14.33784885,13.01999985,16.17607266,12.17379328,13.88434444,10.01535621,13.31573312,13.63845886,14.01421281,13.66427237,13.90481368,11.23140152,13.40409901,15.36668692,12.44488201,15.69371695,1.134203197,13.28435693,13.2924325,13.20636937,15.27064923,10.50030619,13.77428888,13.2215352,11.76239638,13.12401953,12.29434708,13.08554769,13.27417241,12.82811662,12.51423435,13.03297525,14.56184299,13.8227405,13.4927928,13.52327009,12.51658038,12.75151617,13.08029566,11.69095223,13.89173579,11.57298976,12.17701822,14.46993523,14.48846225,14.7476288,15.01454749,11.14045425,17.71436499,12.91604197,14.09330782,13.36586433,13.73726088,15.24878854,10.34633582,11.14956756,14.27211309,13.09178421,12.35752679,12.94865577,11.08072414,13.41139782,13.20716187,12.33129622,15.80693355,11.48851926,12.61932383,14.26274359,11.4875589,14.13380507,11.83480353,12.93306962,13.33070072,11.95708836,13.58273407,12.57813877,13.28232461,11.95504058,11.08385128,12.90402561,13.48305737,12.36501599,11.88139391,12.06381314,11.9399983,14.15933825,13.78006024,12.51896273,12.7420323,13.21162822,14.35613778,13.13845643,12.886568,13.49370625,13.3853932,12.25823231,12.67181165,11.56566796,13.29813807,13.2661829,12.04737141,12.62749526,12.80827139,13.26360326,14.16118735,13.1829976,12.28985794,12.869235,14.45414918,13.43240458,12.06120507,12.79579137,13.02214189,13.00710666,14.57042077,13.47971917,14.03198902,13.1571635,12.05677172,11.68499029,12.76819708,11.93512178,12.90808278,12.91207735,15.28230802,11.60339323,12.83237548,13.45230714,12.94374945,13.06785285,13.40682471,13.89999483,14.50955268,17.50025385,14.55145416,14.00256407,13.05760926,16.41493156,19.28898822,15.51870696,12.96943711,13.06173197,13.09663974,17.72449898,13.03148003,16.29659611,11.36806665,16.62446533,13.98996004,12.16406703,11.63098651,13.45976412,13.22882674,14.09797698,14.91274935,12.65207343,15.53302605,14.88484965,13.78432666,13.14275906,14.80189886,13.96182,13.39820698,14.92393326,13.50877838,14.34812076,13.57662195,13.06517301,13.52140554,12.86353984,13.71936977,13.08012992,12.97792731,15.5896356,12.89688022,13.34325022,13.44240051,13.52091789,12.95268614,14.3733781,12.59074399,12.6380907,14.960184,15.02326522,12.75155849,13.27867083,15.85062416,13.88624617,14.17676736
C004_R+45,C004,serum,R+45,45,recovery,I4,12.66947414,12.30374212,9.275835308,12.6362414,11.32667394,17.94476499,11.06336007,17.82089918,8.889367277,11.3935788,11.44647992,12.586281,14.00389426,13.79732007,12.50071193,12.39112219,16.74590458,12.24548024,13.02265271,11.53405299,13.35210021,13.65008973,13.28688099,13.14134375,14.0267888,11.58415035,13.7659351,14.25252064,16.66705276,14.67453828,12.42298222,13.0388278,13.27545683,12.92055844,14.63581094,10.32193204,13.53696346,12.88082503,13.40037011,12.82200068,13.14303596,13.69298418,13.36054816,14.94624307,12.42891069,13.02226503,15.39917567,13.71929757,13.47218058,13.11782523,11.65016513,12.78614583,12.93354686,12.9155172,13.52487017,11.47723662,12.69784561,14.35561915,13.12910157,13.49279252,14.20806851,11.7107402,17.08000596,13.24974263,13.63017383,13.92338669,14.34559172,14.25545033,11.69516681,11.51070592,14.15533232,13.22008822,13.56993053,12.75893367,9.906736916,12.98999499,12.55314944,12.72582411,15.28662503,11.35169732,12.85029716,13.72537489,13.19601464,16.2274228,11.91399189,12.69969035,13.3501154,12.75514813,13.38382902,13.2094253,13.46162899,13.78995502,10.439593,13.62737493,13.81841447,12.5178904,11.29554655,12.30917976,13.50839041,13.01387902,14.01532606,12.81537957,12.4473847,12.8992524,14.11779367,12.82584047,12.92001131,12.95936154,12.68430737,12.91221574,12.6361737,13.16733829,12.97858252,13.32774825,12.01610721,12.59085038,12.88130964,11.82496921,14.29130888,13.05429529,12.91224777,13.1023168,14.9175149,13.05958098,13.22819314,13.92083733,13.54823527,13.81646461,14.5628954,12.97048044,15.55112489,12.85816168,12.955387,11.51325231,12.47819211,11.63357631,13.04256416,13.53928739,14.87143632,12.70940028,12.94659796,12.8781526,13.11813143,12.63119464,12.93350682,14.13634219,13.14282533,16.89368618,13.47091632,12.83941438,14.23111043,15.68218201,17.50824439,15.33214962,12.80720608,13.68222033,13.11290191,16.92079299,12.74178643,16.2664629,10.59705162,15.97563474,14.26107418,12.31258297,12.63906727,12.86506333,12.95923997,13.31176741,14.24105404,12.90213181,15.10425288,14.94680318,13.42104863,12.75761949,13.65049078,13.66421776,12.82998016,14.4321305,13.14803285,12.5529158,13.46043697,13.05479777,13.1831169,12.34961885,13.26874651,12.76373133,12.63983719,15.77545441,12.58615433,13.49085136,13.13638563,12.81042768,12.96415815,13.86047324,12.67282789,12.64348687,14.24102282,14.5939898,12.29362196,13.60838358,15.29571706,13.37613439,13.87069511
C001_R+82,C001,serum,R+82,82,recovery,I4,12.81363512,12.49946411,7.664458178,13.34545095,11.95424327,17.50427848,11.7613516,18.05052717,9.429372591,11.03429698,11.60930046,13.06167031,14.21527786,14.26527728,13.25661442,13.23203721,16.06389335,11.51908836,13.53416782,9.436781464,12.95837758,12.65001738,14.60488403,12.98955078,13.91877483,11.76622108,13.42130851,15.15307909,12.00300442,15.94457704,12.44025729,12.91358533,13.08696716,12.84579839,14.08456781,10.35572981,13.12369461,12.72383193,12.49561557,12.59691093,13.47774617,14.17674054,12.10477521,13.0877488,12.12602188,12.65144525,13.96088228,12.21188947,12.7151057,12.72184644,11.9500526,12.41360313,13.10066445,13.56092607,13.98758593,12.14776448,13.21870442,14.52132384,13.86351525,14.73259993,13.82468067,11.36072375,16.30817913,12.86697809,12.3347736,12.65597683,13.13371272,12.57722622,10.92847091,11.961161,14.09914928,13.20202385,13.26436625,12.8630313,10.20998782,12.7695213,12.78135831,11.41731074,15.08332858,10.11307181,12.2314541,14.59886823,10.109644,14.99615595,11.4544365,12.19168545,13.01701271,11.94357057,12.36144463,13.68518574,13.26478445,13.10228587,10.82773119,13.14902125,12.32649868,11.82862084,13.05065269,11.97231913,12.06226068,14.62044683,13.35150576,12.55549281,12.61060602,12.500886,13.3773835,12.87527491,13.94144036,11.99951634,13.48408919,12.80953154,12.6935944,11.55748635,13.49651099,13.25026585,12.24427836,12.94144834,12.21390489,13.40787913,12.47302699,13.16370988,13.33740778,12.9829036,16.60638422,13.13186407,13.46336448,12.46097571,13.10647453,13.3616638,14.51135668,12.94265207,13.8952435,12.43318823,14.17624617,11.02448495,13.48536867,11.71789638,12.7704478,13.2350161,15.05393724,11.52922817,12.55355462,12.95086249,16.05727741,12.63249638,13.20151955,13.47956903,13.85869325,13.60327442,14.0322357,13.47707577,13.31450001,16.14280995,17.91860704,15.73200845,13.35275501,13.43999973,13.33012991,16.72223527,11.82625485,16.27254859,11.19633284,15.07574452,12.77190564,12.34789576,11.9785681,13.14048151,12.47014457,13.41383677,14.76844218,12.85191886,14.90683633,14.26931258,13.30978212,12.89579057,15.2320267,13.04778741,12.65772197,14.14399123,12.95250057,13.72416361,13.27917084,12.65886032,12.97174171,12.38434093,12.96778255,13.51332967,12.91195267,14.92066427,11.97895947,13.44866185,13.17776943,12.61662906,13.40074779,13.4663215,11.99560912,12.64760978,14.77721408,14.92381118,10.94243058,13.06806637,14.91128268,13.24453684,14.47372286
C002_R+82,C002,serum,R+82,82,recovery,I4,12.68311599,12.06768047,7.842925571,14.14786819,11.9798643,17.00612518,11.35726485,17.9251036,10.31926707,10.65791587,11.91031593,12.73779469,14.67742206,13.7822749,13.50252762,14.44979509,15.28458555,12.5493622,14.63256455,10.78721156,13.61470985,13.70203244,13.13120418,14.23619626,12.78508476,11.49766474,13.6033915,14.30866276,12.10223437,15.32626077,13.65032936,13.53836335,12.92650166,13.33075959,13.50161771,10.8184539,13.38232224,13.24126871,11.61216652,12.11536787,12.42911022,13.54426214,12.07626748,13.85217121,13.06409134,12.81543012,14.04702882,12.44619368,12.75080123,12.7900032,12.77985715,12.29307534,13.70036861,12.80321403,13.92005562,11.25797572,13.42121064,16.25938512,14.29805132,15.92535745,13.08245108,11.12512986,16.73372139,13.42651812,12.56907511,13.08054349,12.71132888,12.00781989,11.43688209,12.1318213,13.56227855,13.37490153,13.17835235,12.64659305,10.14457961,13.88285608,13.04126544,10.38552337,14.77719412,11.98753395,12.45289728,17.12418981,10.1675386,13.96081543,11.56701482,12.66110387,12.89169725,13.96932617,13.30363741,13.38903543,13.14229177,11.87079175,10.85569616,13.1857473,11.61215019,12.16894246,12.52561824,12.05877719,11.72482212,12.75849686,12.75947659,12.68742355,12.38381604,12.04409087,13.25082045,13.26307874,12.30978041,11.9658275,12.85390608,12.38882299,13.19523847,11.81572496,12.56194954,12.92784297,12.75456466,13.03160659,12.71738823,12.8608231,12.9678283,13.1867869,12.31849109,12.4137254,14.02992201,14.16742114,13.65485886,13.60182268,12.79291927,12.74047397,14.40014649,12.71826875,12.6349686,12.86110762,11.38910074,12.27884363,13.58240222,11.44049859,12.81768055,12.7065463,13.62333291,12.16718734,13.0667591,12.88451796,14.73339674,13.28344266,13.28428801,13.5659323,12.99000605,13.36633157,14.19470884,14.2033782,12.64987989,14.82379236,16.95507408,14.49013377,11.87525402,13.30819005,13.44524585,16.39727148,12.86400346,15.66792089,10.35598762,13.76346104,12.24826464,12.83870381,11.40127495,13.49667276,13.21826877,13.1441837,14.37680592,13.44115331,15.07651492,14.02295824,13.4254117,13.24720921,13.5638443,13.39910412,13.06501024,14.07243233,13.97266049,12.98469681,13.18951142,12.703291,13.37783932,12.31098458,13.19941063,12.91845737,12.95040037,14.98659192,12.92515147,14.0979329,13.11969538,13.13968433,13.38204543,13.68781123,13.10358107,12.92943336,16.01237902,14.43467389,11.93324189,13.10282993,11.75710318,14.8499187,14.58027049
C003_R+82,C003,serum,R+82,82,recovery,I4,12.41648486,12.06811727,8.435867498,13.62006834,11.51783779,17.96171158,13.1322037,18.02294877,8.467336021,11.14046039,11.27806715,12.91570865,13.98164594,14.35313077,14.29046124,12.41084108,15.55731295,11.73441812,13.9674559,10.17806127,12.98273726,12.73020613,13.28072785,13.96602217,13.83328282,11.42672551,12.99118127,16.05657028,12.44710988,15.60400496,2.542957946,13.03613954,12.98191018,13.35733202,14.15847395,10.75932937,13.41764431,12.81935453,11.6085712,13.07027447,13.36904933,12.94474922,11.8015141,12.64051439,12.25554422,12.77618527,14.27528758,12.47319072,12.98692484,13.12964911,12.20359953,12.46250756,12.96880952,11.25510729,13.76366575,12.33199685,12.77320046,14.68177701,14.33829198,14.67651737,12.90848972,10.92389962,16.77018473,12.74790669,14.03355063,12.7246487,15.42229189,13.54516279,10.40878035,11.36926448,13.86410011,13.09210492,11.19802982,13.20559224,10.17290113,13.51831146,12.92711379,10.01916105,15.36096928,11.39785109,12.77364904,14.51724313,10.52078247,13.71129781,11.47310583,12.558847,13.14237543,11.84743818,13.36593374,12.9752938,13.15686058,11.97079877,10.72850046,12.50968917,12.39799077,13.01211214,12.06940675,12.24602135,12.25712231,13.61333768,12.8082361,12.37798698,12.41942506,12.85060615,13.27361399,13.00338275,12.20756627,12.61542889,13.33631717,12.654553,12.46536908,12.11376895,13.01006055,13.00264073,12.456604,12.67701446,12.25796258,13.30494354,14.2827485,13.09494406,11.50599511,12.6387782,14.4842814,13.30238201,12.25357472,12.22542491,13.3506641,12.50731513,14.2341567,13.3357284,13.84637116,12.8400348,11.95916674,13.46067031,12.41589117,11.59232265,12.41144143,12.50077526,14.23895591,11.53903003,13.1129865,13.06052231,16.40214293,12.78247114,12.89285151,13.48513589,14.25804248,13.94776313,14.22828594,13.8596856,12.36709966,15.16486731,18.66550906,14.68066799,12.65788527,12.62443548,12.98845117,16.92493938,12.85798677,16.04727299,10.21645889,14.28687974,12.81191066,12.49790706,11.56090712,13.09477617,12.96640004,13.47582056,14.62802231,12.76873247,15.27121163,14.53036041,13.40288113,12.8846761,13.52794361,13.45459982,13.03232207,14.30154217,12.98100308,14.13197631,13.35325378,12.6453457,12.93162007,12.52535946,13.18702056,12.93809293,13.25008256,15.44614658,12.46891674,13.347224,13.05766944,13.08317253,13.09710436,13.83265815,12.46003707,12.39076504,14.77591405,14.66753677,11.18618404,13.23074869,14.66746452,13.70978079,14.07192727
C004_R+82,C004,serum,R+82,82,recovery,I4,12.59220316,12.01261424,9.166151471,12.4630635,11.6554819,17.57829263,11.02800904,17.18213752,9.009379584,11.47730717,11.46809563,12.62173563,13.70638307,13.73721846,12.6076216,12.39250623,16.45970914,12.28137916,13.70336951,10.84503233,13.52990913,13.75365104,13.21104682,13.2634966,14.24461917,11.51762156,13.49827275,12.21806949,16.36198702,14.46772872,12.26067008,12.96974357,13.03134926,13.08174708,13.87821577,10.34915585,13.38155317,12.61716441,13.20002348,12.66265691,13.62279821,13.60930509,11.70358844,14.81869258,12.73079123,12.95526902,15.18155804,12.4926824,13.18285868,12.83795252,11.40396009,12.27925321,12.68970005,11.89090722,13.59776311,11.43648659,13.24389657,14.34760735,12.89349241,13.26127789,12.48837117,11.73315738,16.09371405,12.50737939,12.84220552,13.25960214,13.66939055,12.89900072,12.34977915,11.76099245,13.7380512,13.01690213,13.56686885,12.85640042,9.494686391,13.21638065,12.44235912,10.98542705,15.23230521,10.93687681,12.31876432,14.08066484,12.42831555,15.93313539,11.33583915,12.84873599,13.26187577,12.65188761,13.32554268,13.23876465,13.30579974,13.78917743,10.52564161,13.43101558,12.4526368,12.52292115,11.638387,12.28936059,13.3024713,13.1073636,13.72620324,12.51838465,12.18835358,12.50851516,13.44550458,12.68199154,12.69833659,12.55434535,12.78619674,12.85990549,12.36925059,12.40629628,12.71638717,13.07558155,12.1485695,12.80369247,12.66865134,12.85751818,14.1770205,13.10817439,11.82505789,12.8927533,14.45041854,12.9123939,13.2207231,13.80428225,14.23922782,13.82612973,14.73674675,12.88726117,15.48880699,12.8759021,13.10198789,12.0812087,12.41823874,11.59753413,12.71418355,13.32112172,14.34606471,12.70694012,12.88188787,12.51878102,14.51926203,12.5848353,12.93376464,14.12918274,12.90276367,14.51203354,13.48519962,12.84513175,14.43576057,14.7927367,17.54948397,14.76116289,12.80040971,13.5041384,13.28634724,16.56749453,12.51803752,16.11993343,10.18200886,14.76491939,12.7255706,12.60496328,12.47775838,12.84705027,13.21551876,13.6364858,13.9072373,12.87309167,14.85620543,14.66262375,13.52199566,12.57631116,13.83790885,13.48314784,12.65523644,13.8003511,12.97532421,12.53780623,13.39191608,12.80094099,12.75350853,12.09275088,13.32023317,13.13814571,12.36797732,15.76873984,12.39015455,13.40920165,13.04406047,12.78953265,13.42372762,13.63996924,12.43403393,12.57357885,14.20537924,14.49466367,11.31927945,13.35305706,14.59096166,13.37364727,13.71399534
C001_R+194,C001,serum,R+194,194,recovery,I4,12.63855979,12.19276676,7.462065815,13.29020985,11.88162939,17.17500394,10.87477019,17.90476257,9.800937136,11.10125514,11.69565429,13.05753155,14.17081166,13.78913485,13.37931854,13.20096728,15.78774426,11.4545453,13.44991093,9.863932405,13.01136242,12.93527818,14.42903116,13.16814041,14.06990621,11.62246012,13.54917666,14.82548027,11.86685707,15.7584751,12.55249368,12.85037039,13.15106255,12.8703835,13.92106862,10.39729819,13.22212574,12.95776946,12.5668365,12.64473623,13.00674255,14.10494077,12.34496875,12.58028513,11.70718394,12.66066869,13.75769309,11.7996955,12.91291182,12.75192973,12.28723462,12.50224471,12.798773,13.64011998,13.72188018,11.91270534,13.26350879,14.41472609,13.54791079,14.52638401,13.85119621,11.52558506,16.23831703,13.54340236,12.72012553,12.95151342,13.81507026,12.5447852,10.16721593,11.80483781,13.78031835,13.21313302,13.28782721,12.8498202,10.06155365,13.09564439,12.84173358,11.51779635,15.09436615,10.27061201,12.29259171,14.38365384,10.36306353,14.79079274,11.69032608,12.2951226,13.04372155,11.79646001,12.4213441,13.47643434,13.25001368,13.21449055,10.99953786,13.14307496,11.88181418,11.86516725,12.89411321,11.93085978,12.62905808,14.66633173,13.34622629,12.62539805,12.4340464,12.64332902,13.14258229,12.81360902,13.84352181,11.85024543,13.63648653,12.68404538,12.59560851,12.19880341,13.40784242,13.31420979,12.79066385,12.85482283,12.28490243,13.27123208,12.35684703,12.86871006,12.73306754,12.920473,16.78967447,13.13314264,13.89491582,12.30537478,13.49923921,13.28771359,14.39778581,12.85350206,13.95402189,12.4883379,13.98135223,9.522395047,13.44278476,11.97336976,12.69248387,13.4786119,15.08133803,11.61125942,12.52238753,13.24794081,16.3570608,12.5483823,13.15319377,13.45903462,13.8718987,13.1139815,14.51204512,13.36502143,13.31437288,16.05191637,18.05484371,15.66183878,13.42657631,13.46590714,13.32938484,16.780061,12.35422743,16.05347806,11.18952655,14.1330837,12.1552833,12.5048761,12.0303008,13.2251771,12.51381676,13.36095733,14.55264154,12.70739913,14.92787452,13.93626523,13.32696075,12.94716722,15.40328602,13.10149993,12.58558693,14.06536502,12.98859726,13.68106223,13.34432103,12.77188425,12.98973513,12.55312539,12.91745988,13.4412446,12.33291183,14.81418438,11.67081544,13.48304664,13.36661814,12.74570068,13.35975638,13.65415648,12.42193323,12.64715196,14.56760796,14.70268139,11.14951107,13.19008104,15.09606121,13.06747435,14.24693497
C002_R+194,C002,serum,R+194,194,recovery,I4,12.65487805,12.18892809,7.705941643,13.8189383,12.0305911,16.78652943,11.41735062,17.92337175,9.87327484,11.14643393,11.86141589,13.24959261,14.7108406,13.50374314,13.85835709,14.32733182,15.56786131,12.10743154,14.56920476,11.99628135,13.51533435,13.12273474,12.86074398,14.86884619,13.03410115,11.53170899,13.70952361,14.12136968,12.1269241,15.16382881,13.67714353,13.4372815,12.81814516,13.06982897,13.47387267,10.96703557,13.33876471,13.05294236,11.75691321,12.33989201,12.96107913,13.34060781,12.09277905,13.70397468,12.69884741,12.76310535,13.87471402,12.41784263,12.91585155,12.6236508,11.97775574,12.28109748,13.50882357,12.40716288,13.661945,10.97690313,13.29970458,15.6155843,13.95640984,15.77194603,12.66982966,11.38503635,16.62886307,13.77429248,13.90353846,13.14019059,14.35737225,11.15432714,11.23721398,12.01731465,13.42584389,13.29358141,12.70898751,12.58572736,9.993273045,14.07517335,13.02722572,10.4849857,14.66706726,11.93016511,12.11861852,16.15905289,10.24005768,13.76198154,11.77621596,13.0339305,12.79164747,13.78680654,13.1171894,13.49045709,13.09005846,12.13149433,11.19725739,12.8943198,11.64877127,12.24033416,12.50018812,12.84302891,11.73578487,12.83754418,12.77512285,12.69169788,12.28791045,11.97377001,13.16818853,13.1641574,12.17783065,12.06040039,12.3482765,12.36192074,13.13345237,12.28943034,12.42967892,12.82604419,12.58084265,12.55984454,12.48904431,13.57356154,12.95934561,13.08792156,12.74773784,12.3520448,14.20671052,14.01648958,13.39821891,13.73582231,12.6606664,12.47133107,13.81471041,12.65106173,12.66381644,13.03081522,11.34966246,11.85758675,13.41857337,11.30309422,12.58282802,13.03001484,13.60297437,12.07059441,13.28250844,12.93556734,15.24603327,13.11622585,12.82313419,13.44600418,12.7510893,13.43684336,13.9874033,14.35810174,12.19435628,14.88867163,16.79054916,14.39225726,11.73334708,13.17195012,13.15714899,16.45898742,12.70853395,15.53687191,10.10717204,13.71527833,12.48605869,13.52812233,11.37430297,13.56935772,12.99183245,12.79973633,14.37117786,13.3075508,15.02942448,13.78293922,13.2913632,13.09723577,14.06143607,13.43633495,13.06664061,14.03447885,13.73269535,12.87784734,12.96393747,12.62134112,13.11299035,12.26831062,13.12279878,12.62889177,13.2074724,14.69958082,12.72481425,14.0654956,12.85239016,13.00405353,13.38129305,13.48110964,11.78894778,12.76169945,15.8922196,14.38183991,11.77760854,13.26898833,11.52686742,14.46927985,14.97191537
C003_R+194,C003,serum,R+194,194,recovery,I4,12.35090779,12.30588246,8.051075088,13.81528097,11.56339298,18.05283526,11.83273977,18.20336447,8.820727354,11.01894237,11.92468065,12.77484976,14.25073972,14.07819015,14.47025154,12.25884342,15.96999696,12.60120396,13.96852242,10.69516953,13.02006993,13.15181121,13.53528819,14.55198024,14.19074604,11.52605387,12.95716876,15.97227829,12.27160841,15.6488365,0.0,13.17996571,13.17939635,13.3644252,14.28888499,10.64058968,13.56425975,13.1398098,11.69650125,13.88521843,12.05277547,13.03687525,12.97042872,12.7529709,12.88061211,12.98856581,14.51061603,12.20396101,13.16459825,13.13106124,12.46487656,12.71261236,12.91195411,11.36875152,13.58709696,12.09551947,12.88183274,14.49551077,14.50688622,14.78421045,12.30233198,10.77190979,16.88326934,13.80761784,15.08274789,13.29093422,15.20042754,13.60039823,11.77549158,11.14188222,13.8966783,13.02650942,11.58873744,13.06942493,10.19688934,13.83012247,13.20841976,10.49806757,15.48101734,11.3953356,12.8528396,14.60646439,10.78445266,13.7863837,11.38120275,12.70771185,13.25324764,11.75387936,13.38758186,12.95513192,13.27460494,12.22868714,10.82443509,12.72496952,11.92993384,12.80772173,12.27581445,12.3741175,12.27848355,14.35390967,12.78625338,12.51311583,12.49629959,13.15244705,13.27684958,12.98934638,12.84238267,12.54893266,13.25752996,12.87509563,12.33267432,12.03214245,13.04861134,13.01536712,12.0539449,12.49432585,12.46386268,13.4601506,14.24563486,12.89128156,12.21851305,12.7063632,14.50493753,13.33809732,12.26196196,12.74257773,12.65596008,12.69578888,14.66411661,13.33454516,14.00840212,12.97647859,12.86148264,13.14518374,12.49318821,11.71516827,12.34904664,12.81302233,14.0918762,11.49064557,13.01433635,13.11872162,16.21548371,12.86557656,12.96470452,13.81363419,14.48802649,13.54983667,14.75046464,13.93376994,12.71619182,14.62155971,18.57319537,14.5082303,12.79474111,12.89334937,13.17780223,16.96505447,13.11681604,16.10078906,9.692074991,13.28337426,12.30656591,12.77126441,11.68129745,13.11007088,12.99589128,13.62991544,14.77082819,12.92726762,15.30086572,15.00405507,13.72564367,12.90993271,13.60522029,13.66786419,12.93629158,14.378685,13.22312273,14.13174052,13.27436447,12.7610184,13.00959093,12.61740292,13.34371302,12.80974435,13.11475673,15.56078354,12.69146046,13.46700336,13.3334928,13.53084505,13.33124067,13.85584399,11.99867916,12.59682244,14.87470785,14.85239862,11.69531952,13.1837414,15.20616081,13.88500941,14.08435805
C004_R+194,C004,serum,R+194,194,recovery,I4,12.65954651,12.46433465,8.890991477,12.50867964,12.24007272,17.97658613,10.71850904,17.6598496,8.583685117,11.53811597,12.34768148,12.88792459,13.9005026,14.09907702,13.33497692,12.62570739,16.48356783,12.76773212,13.16194478,11.52118864,13.47545387,13.63583264,13.54087674,15.48215848,14.72111661,11.87432533,13.92594845,14.84083768,15.66275367,15.12400904,12.27153318,13.2046514,13.56064522,13.12778397,14.43426991,10.8502012,13.61461842,12.77576013,13.36379012,12.62061012,13.65466274,13.45119756,12.73810739,14.55172621,12.03862562,13.1919506,15.867935,13.04837445,13.89733379,13.22699422,11.63108669,13.01998278,13.18880468,12.82188186,13.55283208,11.72448561,13.38703504,14.70534275,13.25150061,13.64481955,13.90228648,13.53868976,16.88632816,13.38540936,15.5531723,13.61607436,13.81318263,13.84231017,11.92091201,11.56151245,13.9883737,13.31693523,13.45314731,13.02473983,9.789627446,13.05848112,13.08818412,11.67206491,15.31978756,11.58355241,12.72032561,15.68593595,12.12817692,16.84831609,12.25744783,13.55641266,13.45902167,12.66303192,13.72904023,13.81685943,13.88311827,13.74150613,11.3768896,14.00444948,12.71033894,12.6622413,11.96976768,13.59486579,13.43806454,13.24019573,14.19954272,13.24778469,12.64856714,12.81099992,13.67463144,12.78786018,13.1848571,12.48593381,13.08913794,13.21311053,13.36039536,12.42417827,13.64123137,13.51169382,12.36815275,12.90607691,12.85695111,13.30516688,14.20872938,13.31122848,12.98249237,13.0758213,15.2886785,13.13246482,13.1118929,14.02636517,13.79140899,14.00464031,14.80381464,12.87897289,16.10024243,13.25009162,13.38270092,12.66928963,12.67362692,11.55229219,13.29326295,13.34850188,14.27592564,13.75918894,13.56341959,12.918149,16.95055413,12.6693862,13.05549966,14.34102232,13.38163441,14.86846534,14.12698179,13.34014315,13.85747154,14.92251378,17.76201895,14.98741732,12.96563283,13.98182086,13.34460543,17.13748562,12.9895658,16.28343742,9.683340594,14.13590917,12.90219889,13.38160852,12.77698625,12.95006617,13.05916295,13.22829684,14.23868098,13.2325484,15.08876411,15.21016601,13.59384701,12.69701174,14.75847002,13.91934226,13.02578758,14.41929825,12.985382,12.70980038,13.64406738,13.31291236,13.01669039,14.8525624,13.50844582,12.79304936,12.72470319,15.63200838,13.25221323,13.93812647,12.98470451,12.67057026,13.3309601,13.75164602,13.20672827,12.88105591,14.53598,14.69982801,11.7718336,14.10536749,14.97487566,13.35486312,14.01002228
