human_gene,CD4_T,CD8_T,other_T,B,NK,CD14_Mono,CD16_Mono,DC,other,skin_de
FGR,0.351746024,2.332676563,0.352525356,0.269196543,0.320653211,1.110167549,0.351883425,0.351599832,1.323729843,0
CSF3R,0.240105608,0.229117389,0.671208684,0.417471313,0.242411847,0.927056193,1.788984785,2.374863356,1.107431725,0
ST6GALNAC3,0.139796234,0.361496692,2.041139851,0.603566952,0.369049023,0.900180687,1.151728246,2.954523495,0.768635185,0
LRRC8D,2.388824459,0.322919535,0.209042586,2.182151203,0.586296493,0.936507472,1.044840567,0.822949592,1.205148414,0
EVI5,1.02796469,0.218084991,0.19593518,2.154521354,2.402381201,0.828694807,1.800505872,0.152713438,0.73633676,0
DPYD,0.365845474,0.602550858,0.327522181,0.689309812,1.876333636,1.073594252,1.022804483,0.750536647,0.578442578,0
SLC22A15,0.425729955,0.368599943,0.376682783,0.554514416,0.182585075,0.914494324,0.9936563,0.563523795,2.456013278,0
NOTCH2,0.28894698,0.279494346,1.232884544,1.271831395,0.740921322,0.873515006,1.109548012,0.692269633,0.33528333,0
CTSS,0.929333867,0.590336088,0.678403229,0.983794566,0.73808721,0.9355625,0.950100751,0.66076018,0.681806458,0
S100A9,0.584106936,1.029848803,0.556698098,0.936607839,1.077091306,0.741559294,0.951619538,0.632210922,0.317836229,0
S100A9,0.584106936,1.029848803,0.556698098,0.936607839,1.077091306,0.741559294,0.951619538,0.632210922,0.317836229,0
S100A8,0.638681748,0.692546601,1.108259217,0.246341782,0.244895617,0.562618242,-0.888299915,0.743354354,0.923186727,0
MNDA,0.872375955,0.160053311,0.827577656,0.906807464,0.14632719,0.86753875,1.042114635,0.72940433,0.697236844,0
MNDA,0.872375955,0.160053311,0.827577656,0.906807464,0.14632719,0.86753875,1.042114635,0.72940433,0.697236844,0
MNDA,0.872375955,0.160053311,0.827577656,0.906807464,0.14632719,0.86753875,1.042114635,0.72940433,0.697236844,0
RCSD1,0.139225258,0.868744187,0.258771089,0.677141993,0.176668017,0.816638817,1.14685573,0.628177865,0.590054824,0
NCF2,0.784977146,0.837229233,0.134118497,0.140673555,0.737678489,0.707819671,0.954307909,0.48300009,0.365956102,0
RGS18,0.263415208,0.130882522,0.142206683,0.773411065,0.870459538,0.747697749,0.934212716,0.652744766,0.703951751,0
NEK7,0.923027972,0.075193087,0.818330464,0.906018449,0.783379339,0.703517736,0.77964961,0.65852826,0.442552748,0
PTPRC,0.612686748,0.50331556,1.140459605,1.000427345,0.579901782,0.724606345,0.576920777,0.767787173,0.452600543,0
DISC1,0.110992685,0.626517497,0.166692039,0.785720147,0.792716108,0.71888228,0.681599512,0.693117037,1.096550895,0
LYST,0.601885854,0.26426304,0.054065932,0.801559075,0.786628723,0.75196304,0.810925248,0.623871081,0.401234023,0
CEP170,0.579847162,0.100410167,0.595945815,0.581136955,0.243399799,0.39413998,0.760696474,0.65133641,0.433000096,0
ASXL2,0.413465029,0.609586112,0.645210074,1.039501038,0.709377466,0.903614252,0.718834512,1.045581468,0.379076746,0
CDC42EP3,0.664877152,0.42072311,0.711477461,0.541965269,0.536485729,0.656696466,0.769579592,0.677933581,0.231309022,0
SLC8A1,0.38951845,0.638192985,0.718173556,0.822201008,0.719295009,0.658479618,0.784259752,0.247710674,0.883886388,0
CCDC88A,0.703381034,0.631820486,0.634182556,0.819160743,0.393022759,0.712636874,0.880880521,0.596517031,0.623867253,0
ARHGAP25,0.609918432,0.42420768,0.683371458,0.591609986,0.702279902,0.742303633,0.761848599,0.748902435,0.48498206,0
DYSF,0.743498287,0.52705314,0.725471925,0.654971168,0.058575135,0.568660783,0.123856618,0.605087605,0.355757038,0
TBC1D8,0.57562432,0.465455022,0.653600887,0.679335458,0.527670391,0.602380784,0.873156633,0.663513149,0.098342709,0
KYNU,0.64860426,0.510126009,0.433033062,0.928659168,0.749875052,0.85332605,0.759791233,0.568777073,0.514397375,0
BAZ2B,0.607726075,0.461452586,0.26868178,0.522452885,0.1008429,0.645941189,0.69848548,0.663177273,0.372981684,0
SESTD1,0.601498796,0.63082729,0.587524496,0.130494404,0.463461578,0.734886496,0.751320887,0.753829247,0.52514481,0
ZNF804A,0.478615859,0.583772742,0.935600775,0.522202844,0.616692362,0.610643836,0.908046391,0.733081656,0.844657892,0
NABP1,0.577307289,0.599589341,0.552243928,0.529065983,0.572380485,0.785634785,0.846111265,0.550306019,0.368236303,0
KANSL1L,0.100696068,0.461151407,0.582620675,0.156483252,0.625084565,0.697375856,0.684837378,0.609099945,0.678131794,0
SLC11A1,0.468931837,0.515468676,0.107046751,0.611328447,0.538816862,0.606215981,0.718782407,0.509488133,0.58133489,0
PID1,0.464096967,0.479151106,0.564295929,0.750023259,0.556319744,0.829612128,0.709675679,0.579006952,0.411546813,0
ATG7,0.4125309,0.38270725,0.140136684,0.466866495,0.645097421,0.635699135,0.62203787,0.690085258,0.635882158,0
UBE2E2,0.776441536,0.087756526,0.737009961,0.556335668,0.066298561,0.690607579,0.670266151,0.628080827,0.374740141,0
FRMD4B,0.600130136,0.613890098,0.616229726,0.658830901,0.044141876,0.751649313,0.769037881,0.25299731,0.325141378,0
CD86,0.614281934,0.543800882,0.459348495,0.711714519,0.455286275,0.592076719,0.760238236,0.370934958,0.338617901,0
DNAJC13,0.607034447,0.463363073,0.121076311,0.59832685,0.546583813,0.617869973,0.685034162,0.486721659,0.4892902,0
PLSCR1,0.424281252,0.646298735,0.047805276,0.473281029,0.429743431,0.658602489,0.685024,0.747927512,0.69012115,0
PLSCR1,0.424281252,0.646298735,0.047805276,0.473281029,0.429743431,0.658602489,0.685024,0.747927512,0.69012115,0
ANKUB1,0.646906906,0.531682713,0.662979953,0.593162245,0.384094487,0.737397659,0.807652538,0.450444872,0.62481626,0
RNF13,0.68847231,0.041262792,0.661736118,0.68939044,0.412599442,0.617127382,0.666846319,0.681618542,0.508647751,0
MBNL1,0.82466481,0.317644541,0.06160378,0.531883888,0.306485751,0.982240562,0.71464305,0.429481236,0.427701987,0
RBM47,0.570575952,0.539876664,0.626796704,0.461214358,0.526887703,0.590981554,0.80670049,0.437304878,0.521985425,0
PF4,0.490015471,0.606084194,0.413312445,0.723799322,0.484041598,0.565081358,0.632874142,0.56546225,0.099986181,0
PPBP,0.416544258,0.396501643,0.508443945,0.065046339,0.448279368,0.643690709,0.551648542,0.503436174,0.743537118,0
BMP2K,0.733780714,0.401539957,0.413566445,0.466196554,0.530407949,0.62754085,0.69731944,0.575272903,0.398283515,0
ANTXR2,0.548902327,0.427358615,0.574803496,0.610260741,0.501258499,0.638618919,0.675584161,0.572954075,0.527150547,0
WDFY3,0.554536975,0.536964811,0.540869888,0.474442741,0.631547734,0.568512682,0.535184621,0.29334075,0.352149222,0
ARHGAP24,0.529165367,0.408685722,0.51461657,0.838145326,0.442388692,0.733930858,0.54416298,0.469907666,0.71955089,0
DAPP1,0.45721223,0.606860411,0.522073733,0.517157533,0.510230263,0.524910959,0.617286986,0.360489769,0.33047124,0
SGMS2,0.072021835,0.575440895,0.072604119,0.552100522,0.460673956,0.543016303,0.749376117,0.76746681,0.372334249,0
SCLT1,0.417623928,0.51157131,0.401020784,0.481645179,0.558832026,0.620489834,0.686786445,-0.491340788,0.367113292,0
MAML3,0.453460998,0.518169148,0.603751149,0.573248947,0.471018726,0.857772333,0.727320577,0.535977044,0.375247329,0
TBC1D9,0.505733276,0.406669129,0.571330917,0.075539802,0.046605063,0.617507965,0.701963461,0.492514588,0.419228103,0
IL15,0.473364658,0.346925277,0.755642194,0.563006621,0.42691855,0.669269541,0.676801104,0.566647327,0.43076712,0
TLR2,0.079924563,0.432247532,0.675659381,0.572978338,0.551188599,0.659434233,0.750854976,0.682327484,0.311825699,0
DDX60L,0.429018342,0.581351412,0.614104719,0.461299019,0.484095116,0.651015211,0.643525646,0.603119285,0.379295939,0
ACSL1,0.485881578,0.485492287,0.605099121,0.503122705,0.468303318,0.530061276,0.807904416,0.486899747,0.387627117,0
FYB1,0.40358946,0.469491474,0.490125391,0.644088571,0.533160882,0.501746652,0.66759625,0.286721491,0.510907572,0
MAP3K1,0.656114786,0.387738206,0.294622459,0.490743762,0.524755778,0.547884524,0.618365659,0.704710107,0.361899928,0
ZSWIM6,0.365564195,0.052539108,0.652470769,0.372982216,0.552116632,0.601261846,0.645805599,0.566755839,0.618444136,0
NAIP,0.405964974,0.644797798,0.416546463,0.782764694,0.467967073,0.512008985,0.566896316,0.473740321,0.457938929,0
POLK,0.458482063,0.442369582,0.550653402,0.390578377,0.479390898,0.583422281,0.668239146,0.534031661,0.407020445,0
S100Z,0.466438459,0.437835109,0.399190468,0.452687532,0.359194179,0.667511022,0.540450336,0.333047889,0.217964119,0
VCAN,0.414929132,0.421022607,0.510715136,0.461517049,0.045772956,0.561203077,0.625034601,0.362938904,0.446340675,0
RASA1,0.370455557,0.770774059,0.576564674,0.382498006,0.039408433,0.612621022,0.675141295,0.366897173,0.428867541,0
MEF2C,0.301921176,0.41047681,0.062888964,0.440487452,0.408051318,0.255387518,0.585891267,0.461162507,0.581363923,0
MCTP1,0.484610961,0.426276974,0.406184737,0.373103303,0.483315015,0.695230108,0.556779572,0.481269894,0.636707391,0
ST8SIA4,0.504120793,0.396307498,0.547254298,0.433170782,0.477273205,0.612665708,0.781124098,0.42110467,0.361234399,0
DOCK2,0.30215061,0.401781058,0.451305826,0.397834356,0.310339665,0.456009552,0.701802991,0.319501357,0.574088673,0
LCP2,0.546246886,0.426098529,0.402647331,0.442601627,0.514957874,0.531197222,0.934920825,0.582123624,0.465283145,0
RNF130,0.465623454,0.288041384,0.505522859,0.355054652,0.629726728,0.521161685,0.610839664,0.600667488,0.370589026,0
F13A1,0.448579043,0.369394221,0.423911766,0.503325182,0.523385497,0.478092789,0.605341581,0.494972731,0.410928308,0
NEDD9,0.381801315,0.481903108,0.553592918,0.438322751,0.431403159,0.631337928,0.616187781,0.465833675,0.514805591,0
TMEM170B,0.378584719,0.698299504,0.423581587,0.472492068,0.053350125,0.525337485,0.572776323,0.517775215,0.508517685,0
KIF13A,0.354883477,0.356861451,0.323443275,0.490754554,0.445497064,0.521164381,0.598662172,0.622595676,0.704842075,0
RNF144B,0.4152384,0.014889215,0.371185554,0.497890344,0.332097729,0.518463363,0.416196135,0.50408472,0.687063208,0
RIPOR2,0.387665348,0.413626005,0.262693673,0.259280582,0.080102857,0.444612815,0.612416304,0.402334401,0.405245796,0
STX7,0.418314578,0.197564775,0.344785721,0.484498525,0.241123399,0.487658095,0.487924404,0.413275462,0.610328285,0
STX11,0.589242655,0.446828323,0.399995779,0.602432957,0.441717502,0.434916468,-0.539996114,0.460179129,0.424256182,0
OPRM1,0.436793614,0.054776472,0.42533768,0.23384625,0.468520883,0.542329428,0.535908136,0.451478484,0.362299267,0
IPCEF1,0.280793614,0.280937741,0.34958202,0.080172647,0.185933139,0.55425371,0.610228568,0.502538722,0.387748543,0
QKI,0.307247788,0.2806652,0.563089574,0.463091264,0.480957356,0.645967903,0.592088222,0.392864002,0.295371514,0
AHR,0.411395691,0.351220788,0.468597034,0.3975548,0.380854549,0.552221948,0.502599885,0.443818122,0.459340943,0
HDAC9,0.362115469,0.371722512,0.545850204,0.279406064,0.519261868,0.628825459,0.56528265,0.591504227,0.393878559,0
SNX10,0.357789233,0.345813523,0.564349476,0.440465038,0.554378748,0.624345175,0.572723584,0.393663848,0.457079903,0
SKAP2,0.39389143,0.37954512,0.494383385,0.500920963,0.337315816,0.524386452,0.489823318,0.491241174,0.570691153,0
JAZF1,0.40723145,0.298466506,0.526586498,0.464921387,0.371432103,0.456214045,0.704404225,0.500484281,0.219867912,0
CREB5,0.051597716,0.34992939,0.247810093,0.376707748,0.293335838,0.539441867,0.654273114,0.490839829,0.351995811,0
CPVL,0.060151528,0.505256534,0.441140227,0.463160478,0.468371808,0.498220423,0.533397612,0.353156013,0.550484251,0
ELMO1,0.31527191,0.286039089,0.35265871,0.477546837,0.310637699,0.457286843,0.570023487,0.417042292,0.482195013,0
TNS3,0.31492014,0.05372791,0.471298479,0.400814936,0.498247599,0.501943818,0.735579638,0.574808401,0.923312391,0
GSAP,0.279286393,0.230855379,0.560894674,0.396866153,0.403390659,0.493764001,0.591618269,0.337686081,0.297563577,0
CD36,0.30615633,0.301233489,0.318913665,0.341825069,0.288556583,0.368658319,0.538404562,0.543790191,0.404845824,0
TFEC,0.370153301,0.313861278,0.540618433,0.306505775,0.441359451,0.260506652,0.663662968,0.34639536,0.421640234,0
TBXAS1,0.361915806,0.392429965,0.422616549,0.362397708,0.348716173,0.478984022,0.446839722,0.396341726,0.706952236,0
DOCK5,0.49461977,0.32150557,0.553059235,0.379655161,0.402519927,0.449688798,0.468248728,0.466133605,0.356208482,0
PTK2B,0.357597706,0.379276462,0.297315718,0.532253863,0.026443516,0.435784362,0.648203614,0.311280851,0.383747181,0
HMBOX1,0.326689749,0.371107527,0.38287271,0.454937425,0.418348125,0.534357428,0.417135327,0.324265352,0.31376526,0
SPIDR,0.317637898,0.026314219,0.504227155,0.084765569,0.410524545,0.37106502,0.386671917,0.314593585,0.616047921,0
CPQ,0.349231575,0.042592186,0.306225557,0.402765427,0.523339108,0.418375765,0.57549287,0.46744383,0.265769323,0
STK3,0.392512554,0.26462822,0.572510152,0.468044632,0.370994591,0.444931818,0.552262063,0.428655034,0.323155074,0
TRPS1,0.419309571,0.40608011,0.6498634,0.39282597,0.487083778,0.488795523,0.536307996,1.109304626,0.11275384,0
ASAP1,0.281250402,0.43058946,0.437195352,0.070420232,0.376193641,0.455667829,0.604551991,0.472054154,0.180202057,0
DOCK8,0.413497983,0.242362906,0.557953986,0.419794577,0.079267814,0.560308294,0.49516806,0.440747055,0.554475917,0
JAK2,0.504112272,0.439937985,0.301941938,0.081948818,0.135182535,0.435325014,0.638778108,0.433834033,0.501801707,0
C9orf72,0.234590372,0.398829389,0.457793527,0.362171278,0.421357277,0.492795653,0.488926116,0.565962851,0.162640154,0
DAPK1,0.402234526,0.371781089,0.467670633,0.3483725,0.317337188,0.514789899,0.580850752,0.541317968,0.314407011,0
SYK,0.22462896,0.381398275,0.42789126,0.454954235,0.348031107,0.412617292,0.578744359,0.407387753,0.338872774,0
FKBP15,0.222524111,0.368551683,0.444055419,0.551250912,0.342931544,0.425235382,0.507110356,0.498700262,0.412726821,0
MEGF9,0.322382121,0.552151829,0.356536235,0.161458918,0.604100989,0.432804481,0.450055444,0.359526578,0.331934048,0
CNTRL,0.467650266,0.310870809,0.469691875,0.416579445,0.308208005,0.402950827,0.644515159,0.389289688,0.350274883,0
DENND1A,0.312071204,0.519639698,0.037320883,0.434809397,0.451050861,0.560069182,0.489459361,0.491820568,0.344728057,0
SETX,0.309694621,0.260572879,0.345422565,0.402163541,0.239553697,0.392303919,0.476545579,0.480074602,0.215381345,0
FCN1,0.339559159,0.543395425,0.693553818,0.353514446,0.628243384,0.425675494,0.345171191,0.48339813,0.321659353,0
PLXDC2,0.356703087,0.407455171,0.38436293,0.397975839,0.372529555,0.421128104,0.4892475,0.457339135,0.153461028,0
ALOX5,0.290894808,0.292121468,0.405552394,0.29009395,0.358574002,0.39309825,0.451604071,0.400667169,0.199735127,0
IPMK,0.273765407,0.478425605,0.432907537,0.422303056,0.448396872,0.429431446,0.379445262,0.41253225,0.441258968,0
LRMDA,0.36191548,0.351135553,0.374818362,0.450680596,0.413954996,0.644408528,0.534212325,0.231386863,0.3109582,0
PTEN,0.291205638,0.396048133,0.420253309,0.380481856,0.521578303,0.416390237,0.529891868,0.349179608,0.161046309,0
ENTPD1,0.460077962,0.250409146,0.318254224,0.373825422,0.516424791,0.396858074,0.475479706,0.407800883,0.33014188,0
SHTN1,0.250951796,0.078836422,0.376864518,0.294735728,0.472436167,0.458695267,-0.558078533,0.556343271,0.333320431,0
PTPRE,0.279407302,0.318210541,0.386128779,0.107085598,0.372974326,0.410612595,0.40220421,0.309886269,0.510018118,0
SBF2,0.014225048,0.268613165,0.793776829,0.12356863,0.444215114,0.395287492,0.422849946,0.560963742,0.471065451,0
MTRNR2L8,0.323677133,0.491095747,0.469293297,0.860936033,0.028836463,0.429376219,0.510124064,0.330556546,0.321204283,0
MICAL2,0.328500236,0.244901591,0.388932909,0.318389763,0.345576189,0.428675986,0.491284513,0.651396297,0.41482877,0
PHF21A,0.326356486,0.391054766,0.393635884,0.320313871,0.235647168,0.429866199,0.532455839,0.413048406,0.284291747,0
MS4A6A,0.243766323,0.430890803,0.059112274,0.156401435,0.369457753,-0.801626272,0.482324923,0.454098174,0.331619367,0
MS4A6A,0.243766323,0.430890803,0.059112274,0.156401435,0.369457753,-0.801626272,0.482324923,0.454098174,0.331619367,0
MS4A6A,0.243766323,0.430890803,0.059112274,0.156401435,0.369457753,-0.801626272,0.482324923,0.454098174,0.331619367,0
AHNAK,0.368862288,0.328728602,0.335212922,0.492409715,0.524821724,0.369546629,0.377642418,0.400165669,0.394220232,0
JAML,0.328908312,0.363928308,0.297384015,0.299416452,0.444755586,0.410842232,0.429392792,0.345496566,0.734762191,0
NRGN,0.242628466,0.406149223,0.35213242,0.101612069,0.40447729,0.368688713,0.421104821,0.378979015,0.227564621,0
FLI1,0.029091375,0.474248474,0.422988708,0.40757482,0.453513684,0.419956764,0.526880637,0.405391779,0.390932667,0
CLEC12A,0.253624666,0.283025908,0.389687819,0.380310271,0.286188409,0.493889133,0.490176493,0.578038343,0.205322327,0
CLEC7A,0.279566804,0.31995463,0.525585939,0.44671436,0.441273066,0.428653438,0.457394949,0.284921126,0.231571709,0
ETV6,0.363991586,0.43552743,0.280477182,0.374674664,0.460593107,0.43421421,0.497892729,0.413160465,0.463470111,0
PLBD1,0.412887362,0.298922015,0.364740975,0.45607394,0.346558737,0.414683915,0.427395061,0.342161955,0.312664424,0
FAR2,0.411851753,0.375438259,0.274174149,0.30881407,0.507084594,0.456562096,0.456382016,0.448784374,0.309391586,0
FGD4,0.212305169,0.365410537,0.340859349,0.272712069,0.381010627,0.430640792,0.517016658,0.311104579,0.319596028,0
CPNE8,0.314910201,0.369177859,0.4731661,0.331283865,0.409465602,0.249954144,0.365262455,0.405757091,0.274152622,0
LRRK2,0.34454652,0.349667495,0.42875291,0.405742822,0.34721483,0.38035863,0.459377941,0.388601702,0.23953971,0
LRP1,0.392610145,0.207348332,0.426848747,0.326555652,0.33023837,0.39276029,0.428740137,0.49393274,0.617717523,0
USP15,0.207774385,0.279304188,0.162920204,0.358356598,0.332571972,0.413216049,0.584542441,0.342161955,0.543392777,0
IRAK3,0.301098132,0.509429942,0.424020774,0.272304009,0.378368463,0.440625367,0.47948384,0.384654037,0.247111603,0
LYZ,0.286445952,0.302430596,0.371212289,0.040028507,0.399079583,0.393444021,0.446579303,0.302050718,0.672512755,0
TMTC2,0.325333552,0.3151806,0.299994555,0.294609034,0.29778806,0.355338438,0.52084612,0.4038226,0.351568996,0
ATP2B1,0.305004768,0.414456171,0.391616264,0.051098991,0.377181613,0.478001426,0.513938036,0.551267332,0.316165565,0
PLXNC1,0.286013938,0.237931301,0.354436262,0.359559068,0.333778041,0.391238358,0.470405661,0.530093946,0.255281848,0
WASHC4,0.424131937,0.233072531,0.419266758,0.438352151,0.257845945,0.423663747,0.50780904,0.760570959,0.302274348,0
MED13L,0.211465936,0.203378068,0.385065147,0.402635318,0.284831724,0.431722449,0.584295776,0.331364609,0.324600265,0
GLT1D1,0.303479464,0.290456413,0.405392382,0.370099716,0.382188636,0.431163249,0.463075919,0.299420695,0.091044024,0
WDFY2,0.26363639,0.396363272,0.243790777,0.355477035,0.514420924,0.388940032,0.438645105,0.314877331,0.468133549,0
TNFSF13B,0.245399423,0.334191587,0.364499143,0.380782726,0.2591902179999999,0.326876852,0.484098684,0.369833033,0.349944136,0
ATP11A,0.232582363,0.396320457,0.052351814,0.039409233,0.197668804,0.495131236,0.390360061,0.320166347,0.266490585,0
RTN1,0.209462523,0.173265883,0.05421731,0.372078328,0.198675462,0.374758278,0.488722143,0.323771795,0.244281566,0
NUMB,0.330565354,0.366787669,0.460704524,0.326217608,0.034903413,0.367308494,0.453640339,0.284173173,0.40089504,0
SPTLC2,0.294746388,0.147430431,0.369260081,0.361499164,0.293640347,0.348174228,0.484849807,0.520839312,0.498455831,0
SLC24A4,0.167413114,0.364845553,0.376634924,0.613661945,0.409963579,0.434161179,-0.430815633,0.422665313,0.308950065,0
TNFAIP2,0.176299818,0.337015018,0.313344565,0.472579432,0.347859399,0.474762887,0.495641739,0.420720456,0.298241697,0
SLC12A6,0.26227719,0.291786266,0.276572985,0.127422099,0.344319876,0.35918902,0.571488928,0.558251847,0.353868394,0
DMXL2,0.580123996,0.27820301,0.428169738,0.402347202,0.303981922,0.376969073,0.427680394,0.398910504,0.534311905,0
VPS13C,0.296408347,0.191025071,0.365432308,0.200427921,0.38048889,0.328508823,0.397866287,0.348974242,0.306163017,0
ZNF710,0.638799447,0.33051459,0.476332909,0.350278671,0.275026041,0.624032976,0.385935792,0.281108313,0.188876129,0
MEF2A,0.233733997,0.265387848,0.42872117,0.134228632,0.419826976,0.353307584,0.367941945,0.418826741,0.173063881,0
CIITA,0.257672662,0.221692951,0.372368236,0.351175859,0.177582923,-1.451524465,0.463031545,0.227512493,0.209041603,0
CPPED1,0.032467809,0.285037159,0.354576173,0.332505375,0.39580175,0.326060332,0.45905577,0.310535849,0.303767365,0
ZFHX3,0.086732655,0.349190458,0.291910521,0.416542139,0.282782695,0.398148941,0.439069933,0.336980475,0.162681684,0
PLCG2,0.281746613,0.334923923,0.326600966,0.332510333,0.298809044,0.398900712,0.40141722,0.575044074,0.293740005,0
GAS7,0.277911178,0.259162967,0.270495902,0.307828857,0.319309246,0.403246115,0.505564473,0.353065745,0.264348812,0
VMP1,0.160953578,0.241131892,0.032716733,0.25204267,0.299462433,0.399495039,0.387437476,0.269078352,0.193154055,0
USP32,0.595238068,0.380094444,0.010195767,0.329960935,0.035854745,0.505096455,0.386700651,0.311545299,0.30464359,0
PECAM1,1.796395938,0.026499966,0.414941787,0.36152968,0.189042326,0.399624581,0.346092575,0.336010445,0.300182284,0
EMILIN2,0.053051822,0.077979449,0.272065611,0.320141878,0.396225865,0.462806201,0.301344431,0.279485679,0.256457601,0
RAB31,0.289792683,0.334119996,0.376499781,0.311352528,0.215859775,0.363150076,0.375794196,0.61123088,0.555241243,0
ZNF516,0.377855069,0.269626189,0.466828406,0.381653313,0.282175494,0.299495979,0.494835267,0.423573812,0.287784487,0
RIN2,0.250824856,0.230802318,0.267698722,0.257487347,0.418210973,0.41510226,0.316292676,0.282101386,0.174618652,0
HCK,0.245134675,0.243608215,0.310440933,0.347329239,0.241732431,0.311276099,0.41009028,0.493002394,0.248499954,0
SULF2,0.122390313,0.347242548,0.314935094,0.339783869,0.3713650539999999,0.368553387,0.359003464,0.428275516,0.256624603,0
BACH1,0.120765381,0.267092762,0.301820221,0.326587471,0.222613735,0.421921066,0.443245937,0.369007141,0.297889474,0
IFNGR2,0.198377964,0.523136913,0.049516634,0.254840547,0.360612675,0.317519701,0.40134759,0.357373629,0.234013231,0
GRK3,0.440422504,0.050238671,0.388387312,0.406996426,0.243319099,0.291823374,0.374016035,0.361074136,0.291798791,0
AP1S2,0.274075235,0.109512236,0.327561725,0.240705641,0.397034349,0.386773104,0.412376815,0.271656687,0.182598684,0
CYBB,0.310428924,0.307301887,0.200603572,0.343185538,0.208995872,0.395592977,0.403172602,0.650105642,0.540795181,0
DIAPH2,0.402727304,0.275020136,0.288605988,0.356781903,0.349865873,1.692423692,0.613817363,0.292898514,0.140603963,0
DOCK11,0.147034401,0.267806506,0.346657251,0.295144749,0.275865278,0.333076968,0.406925452,0.429590809,0.191430801,0
SLC9A9,0.35111186,0.23419134,0.196963878,0.307147899,0.258106396,0.424952251,0.489774125,0.273342368,0.44044117,0
MBD2,0.271045721,0.263744675,0.41219552,0.315421574,0.358474548,0.304039111,0.299502453,0.322883997,0.212186868,0
GPD2,0.301378672,0.350659217,0.305375467,0.31764994,0.300334837,0.280891011,0.378455827,0.521135219,0.195865173,0
IL17RA,0.261098317,0.273375581,0.175358015,0.404371043,0.215734571,0.330701925,0.39118552,0.383754561,0.203178864,0
ZNF438,0.269278099,0.365125555,0.324802661,0.259637191,0.26893062,0.413239531,0.397152455,0.405737435,0.350320315,0
ANKRD44,0.040681539,0.289246935,0.051968774,0.334058547,0.296475455,0.369621636,0.402319824,0.423352174,0.371552845,0
MAPK14,0.333257267,0.334999004,0.321498478,0.259867127,0.378565003,0.342975723,0.282324404,0.322788096,0.485098832,0
RELCH,0.25167419,0.248293975,0.138291164,0.231203861,0.33514327,-0.933801418,0.397471318,0.26579683,0.37628431,0
TANK,0.07076563,0.533605586,0.378124622,0.240379636,0.395581572,0.319455305,0.545096013,0.907788718,0.039967554,0
RUNX1,0.294625025,0.352207108,0.321513019,0.286871756,0.223569665,0.35334098,0.338334127,0.320135649,0.234013231,0
TRIO,0.236579937,0.327483595,0.36864497,0.053548306,0.214962927,0.321930402,1.702131101,0.344338787,0.249905076,0
PICALM,0.588451047,0.236336312,0.30781399,0.387056695,0.327430121,0.339387203,0.373694987,0.298038274,0.30959937,0
ARHGAP26,0.216874392,0.315617262,0.2899165,0.437231997,0.246548111,0.310651722,0.33892327,0.358447638,0.191690462,0
MAPKAP1,0.272438768,0.19787161,0.377790088,0.38183138,0.419798983,0.370550958,0.396326679,0.351723527,0.22912786,0
ADAM10,0.347871549,0.035857617,0.340523631,0.19886823,0.296495775,0.425256803,0.36765157,0.332966778,0.33494458,0
MANBA,0.294563444,0.384380897,0.33736279,0.25930536,0.331924225,0.758921588,0.445397088,0.405622275,0.235018944,0
PRKAG2,0.288932309,0.230093969,0.356761976,0.293474348,0.385887335,0.374040007,0.389116835,0.468285094,0.256409981,0
CEPT1,0.343130101,0.255242008,0.445127627,0.323535529,0.289576179,0.313944884,0.340012552,0.348541671,0.231151956,0
FRY,0.279970618,0.280913188,0.252913318,0.288316389,0.195405001,0.398189427,0.460762946,0.258959816,0.18607705,0
IKZF1,0.293686761,0.232956654,0.182459704,0.195477384,0.328405899,0.3156194,0.36771016,0.393981989,0.298500411,0
TBC1D22A,0.241065888,0.241996127,0.352584239,0.297061378,0.388544142,0.310987557,0.421316102,0.276074247,0.249111089,0
TTC7A,0.183860424,0.335129669,0.045341559,0.322032757,0.299573309,0.352220245,0.326637939,0.309129673,0.668150354,0
KCNQ1,0.262546056,0.293004612,0.380452632,0.353002706,0.288979823,0.317004899,0.483174251,0.335796709,0.332999202,0
MAP4K4,0.231902306,0.277138147,0.256467808,0.296916957,0.39694188,0.472248521,0.361374369,0.205438304,0.195436199,0
CHST11,0.234720047,0.146949542,0.249706389,0.276475951,0.318545562,0.349468874,0.323193388,0.204235539,0.345027379,0
ASAH1,0.299286686,0.229008572,0.335470885,0.343324164,0.238331279,0.362605812,0.359711883,0.282479689,0.178097978,0
PHKB,0.389952939,0.242229818,0.274128872,0.272165624,0.293770106,0.317460208,0.314904369,0.345420537,0.221448053,0
ACER3,0.273135829,0.181547473,0.381087516,0.329699434,0.238527212,0.387997581,0.186137899,0.702232731,0.042692191,0
TET3,0.212913649,0.323801575,0.2326051,0.245572819,0.304104513,0.352453653,0.344356688,0.240891523,0.24592791,0
CERT1,0.202553807,0.103831843,0.226393298,0.549651292,0.215651284,0.325333355,0.352325122,0.302381344,0.423358751,0
MYCBP2,0.179030767,0.141808022,0.294269955,0.356828736,0.343338591,0.322309767,0.362825175,0.428746621,0.228160505,0
RESF1,0.501468285,0.303295592,0.198024939,0.226631802,0.145998409,0.348721666,0.330215041,0.12685628,0.193050992,0
NCKAP1L,0.351895692,0.269710669,0.223626178,0.262116191,0.304599103,0.322662466,0.243717269,0.267921527,0.188195882,0
ROCK2,0.180465245,0.186758459,0.294977265,0.316597461,0.027409111,0.323482055,0.381864422,0.131429009,0.512996183,0
DENND5A,0.492744585,0.03596146,0.296667553,0.26591849,0.307703982,0.389152504,0.44771745,0.58328541,0.202333793,0
MDFIC,0.238718189,0.192004102,0.198204289,0.284346875,0.356246561,0.304465414,0.313000595,0.238093706,0.234013231,0
TRAPPC8,0.199247332,0.21473494,0.3169395,0.226849839,0.351285088,0.286459394,0.359726801,0.322380032,0.193329056,0
UBE2W,0.201128738,0.138189693,0.299982822,0.301587544,0.320311815,0.308797571,0.445605355,0.28097012,0.18058778,0
HIPK3,0.188526405,0.202094749,0.132585004,0.199230079,0.370327169,0.341031276,0.189926858,0.362819918,0.235689809,0
IFNAR2,0.150428935,0.358536665,0.21412193,0.193219566,0.259836835,0.320873303,0.357847366,0.282259551,0.217111829,0
ACAP2,0.2464317,0.285152698,0.431886441,0.260847685,0.018174098,0.383656682,0.34632172,0.399283365,0.514432819,0
CARD8,0.315723876,0.212714656,0.381124468,0.260040215,0.250089589,0.324329443,0.200672751,0.270281283,0.309326619,0
CD58,0.268036093,0.231060339,0.394083025,0.265001882,0.31515491,0.29310547,0.323572336,0.788412819,0.176527736,0
AGFG1,0.292186535,0.202221999,0.289376773,0.360283456,0.239970851,0.262159388,0.309907972,0.33292453,0.137370265,0
TAOK1,0.243474961,0.290417992,0.199419648,0.226056366,0.264652906,0.310379009,0.446764743,0.289620068,0.168881429,0
APLP2,0.271900436,0.295020762,0.256761668,0.300301577,0.321613084,0.24846151,0.466933773,0.346763437,0.139438418,0
TMEM154,0.230522344,0.138286163,0.081541533,0.378880066,0.128080063,0.272353126,0.334516462,0.504620033,0.295446327,0
GNAQ,0.225414253,0.250942526,0.514291428,0.228054849,0.280770027,0.311163631,0.383890754,0.234712269,0.358303799,0
TET2,0.268374832,0.044858163,0.313239137,0.180519842,0.172542281,0.298527763,0.346700004,0.189920396,0.065370143,0
ZNF638,0.045023748,0.251123686,0.131294297,0.213899297,0.264576932,0.294177475,0.255111195,0.239054498,0.213053612,0
NCOA2,0.198083701,0.578555078,0.037932827,0.260997142,0.387763565,0.429419667,0.333423734,0.428073879,0.348573853,0
PARP14,0.295279937,0.30357777,0.268895286,0.288736848,0.158730965,0.304841077,0.34262132,0.284647525,0.476088018,0
SMG7,0.207728644,0.286401865,0.19348218,0.060189696,0.272411347,0.404794397,0.756812691,0.333307157,0.191732608,0
TUT7,0.180479383,0.033093568,0.235815199,0.475806538,0.265692889,0.347029325,0.343146286,0.389429097,0.214521597,0
USP25,0.17558816,0.240647624,0.256436604,0.603861914,0.402170745,0.330613938,0.219393149,0.351996602,0.276523526,0
UVRAG,0.181840096,0.021894897,0.314034711,0.167576365,0.327732591,0.295761912,0.382889689,0.359128432,-0.838121445,0
LRRFIP1,0.307683536,0.317235469,0.252056184,0.249735348,0.231377191,0.363707416,0.341717274,0.297708544,-0.408280358,0
CBL,0.174041162,0.263831217,0.179145242,0.25200255,0.21296068,0.29331624,0.433733593,0.370729425,0.321981731,0
ZEB2,0.187719543,0.416181879,0.259602707,0.310503523,0.023468518,0.375667401,0.440633506,0.177274187,0.124720629,0
SPG11,0.165148706,0.230482207,0.324126047,0.204863715,0.343826821,0.297950859,0.283996427,0.237000053,0.245533348,0
ANKS1A,0.38100719,0.240339771,0.227868189,0.228384571,0.269984498,0.397774559,0.240836602,0.086080718,-0.570987777,0
SLCO3A1,0.243381179,0.296613242,0.436449966,0.26836793,0.20242953,0.249825505,0.289562966,0.242495972,0.683582103,0
IQGAP1,0.22490053,0.277098585,0.372610222,0.268556547,0.287322639,0.264602234,0.34318775,0.24911203,0.374515439,0
KLF7,0.176213866,0.184199926,0.203110821,0.349542743,0.218004843,0.304183052,0.357504249,0.252901583,0.37521495,0
INPP4A,0.274874545,0.267419004,0.121050123,0.331705738,0.323241956,0.370777111,0.336687787,0.36029324,0.367163489,0
AFF1,0.223384854,0.182434886,0.357845864,0.21053726,0.263657282,0.348430188,0.309356288,0.190349203,0.136578,0
VCL,0.212695562,0.316707784,0.182105259,0.212324027,0.327181211,0.312437989,0.345795911,0.207198388,0.254324085,0
SLC49A4,0.270117103,0.181539293,0.043121247,0.300432291,0.189016565,0.29178069,0.278088972,0.156002625,0.130147801,0
ERBIN,0.289773475,0.190443571,0.179266803,0.338746098,0.310743979,0.268402971,0.434571341,0.264062371,0.408789629,0
MTSS1,0.273172979,0.289435741,0.130064697,0.21644674,0.208680113,0.279766327,0.30008125,0.257102956,0.237874578,0
MICU1,0.306398279,0.050082439,0.289039849,0.265335059,0.246841136,0.325675071,0.377922187,0.300175604,0.187330117,0
LCORL,0.245730881,0.173932742,0.347819087,0.290757399,0.237705359,0.291316169,0.310423284,0.472834737,0.323051289,0
CFLAR,0.231361716,0.256531894,0.245954661,0.249487444,0.250885501,0.29496702,0.270515618,0.477445071,0.16252504,0
MFSD4B,0.162781678,0.177341692,0.35103432,0.088454777,0.102399049,0.315984638,0.358373329,0.343391376,0.315857654,0
MFSD4B,0.162781678,0.177341692,0.35103432,0.088454777,0.102399049,0.315984638,0.358373329,0.343391376,0.315857654,0
MFSD4B,0.162781678,0.177341692,0.35103432,0.088454777,0.102399049,0.315984638,0.358373329,0.343391376,0.315857654,0
SMG1,0.217153622,0.225435486,0.274498243,0.464524248,0.262705979,0.334532717,0.348504982,0.1393782,0.386210745,0
SNX29,0.183155001,0.192573597,0.217345539,0.246410521,0.200737493,0.322988654,0.251700178,0.227172844,0.103545273,0
UTRN,0.202527177,0.172747241,0.287226017,0.209824363,0.316417975,0.300635189,0.307250852,0.232349408,0.268667044,0
CCNY,0.182818081,0.252140571,0.227242979,0.135018103,0.156519887,0.343155504,0.320045396,0.324431546,0.208630055,0
PSTPIP2,0.259757211,0.242747579,0.343771249,0.255323558,0.157018849,0.263691977,0.327500616,0.192702729,0.238859669,0
SMAD2,0.202495127,0.265226535,0.353666083,0.201919496,0.034777365,0.273059104,0.337866158,0.169748374,0.143104735,0
CELF2,0.207974466,0.215422701,0.370716612,0.326367139,0.257973438,0.264129457,0.336773517,0.453429077,0.22511752,0
TBC1D5,0.330936462,0.22782482,0.232869116,0.191292716,0.078205946,0.249621555,0.317072784,0.194269201,0.196263954,0
FBXL5,0.318706957,0.324019322,0.341065419,0.235409623,0.210582871,0.275265073,0.325963203,0.338468862,0.177529956,0
JARID2,0.147924849,0.399536667,0.250168102,0.211819431,0.348649484,0.244256353,0.301059394,0.211932018,0.336151325,0
RBPJ,0.164186351,0.064261319,0.178889935,0.321071511,0.274060485,0.286951059,0.375426863,0.273595978,0.274906578,0
SLA,0.209392199,0.248412195,0.209239178,0.039065771,0.243069486,0.383645547,0.070234685,0.19063219,0.210467364,0
DMXL1,0.169358268,0.169903754,0.156814332,0.462679083,0.262215332,0.366964661,0.36421324,0.253436776,0.125247231,0
COP1,0.289754242,0.177952453,0.275144456,0.236260398,0.173062885,0.285624093,0.332496232,0.278859373,0.160515418,0
GAB2,0.117017514,0.207491364,0.235383653,0.140192222,0.215234762,0.275036591,0.338018439,0.229451753,0.332963076,0
XRCC4,0.279395666,0.247242911,0.394763653,0.148814581,0.314155993,0.286262096,0.110460061,0.284933887,0.092691712,0
TRIM38,0.362488894,0.240784707,0.283447413,0.289692831,0.209332521,0.252374626,0.313488805,0.289294826,0.172979271,0
DDX17,0.212449893,0.321594521,0.123946351,0.209945441,0.279178867,0.288885988,0.307997685,0.299665835,-0.425219349,0
SDCCAG8,0.22494648,0.266428306,0.125469984,0.186396079,0.256863711,0.297299949,0.374406933,0.24407612,0.197827138,0
TMEM131L,0.232010617,0.207087557,0.058331466,0.237533397,0.282117039,0.323828611,0.285163405,0.083278461,0.150737864,0
EXT1,0.162649389,0.348020716,0.160234536,0.313625913,0.250605382,0.320983464,0.272710368,0.228786163,0.243999788,0
PIKFYVE,0.159440926,0.163698887,0.273096394,0.122169178,0.211708414,0.277278224,0.339461832,0.234601453,0.407979171,0
FNDC3B,0.353162371,0.320416733,0.173302455,0.243988772,0.264928098,0.25413274,0.341277295,0.950072115,0.637912279,0
IGF2R,0.465611746,0.220503126,0.034479627,0.223805732,0.238919854,0.296870923,0.376778166,0.29589257,0.313882513,1
ALPK1,0.182978622,0.512429853,0.035477497,0.209874376,0.048102159,0.341349932,0.38884761,0.189733483,0.746321189,0
ARHGEF3,0.131379373,0.222369527,0.298132009,0.236988956,0.209343667,0.287736604,0.358689801,0.316755981,0.281421347,0
RAB27A,0.091815602,0.345945304,0.20081134,0.234809759,0.216632917,0.235618966,0.305175886,0.282090494,0.331654793,0
MTFR1,0.29882151,0.234684312,0.212060753,0.168350466,0.09550058,0.28608748,0.11853947,0.139795335,0.206026904,0
TTC17,0.158468202,0.204538951,0.218885391,0.158074384,0.217520431,0.27735857,0.306384286,0.261071967,0.144106259,0
AKAP13,0.106482249,0.185782871,0.181007051,0.232971333,0.029082343,0.304170212,0.313222138,0.224636493,0.093846433,0
CYB5R4,0.195991185,0.121170906,0.227466442,0.137238053,0.193934317,0.246301553,0.292568983,0.329508531,0.128989348,0
CREB1,0.110110092,0.220808676,0.334068455,0.475090944,0.299678692,0.261121676,0.235259462,0.197486077,0.147481581,0
SNTB1,0.130165823,0.034928358,0.217512994,0.131723625,0.270158641,0.266492962,0.346684983,0.516471182,0.31508929,0
LARP4B,0.245568266,0.123930877,0.219197811,0.253882212,0.25949385,0.280199384,0.319981576,0.185458191,0.169531626,0
RIC1,0.201861539,0.138965087,0.171654703,0.255508752,0.187499635,0.207035207,0.434517824,0.240489645,0.145987921,0
WDFY4,0.222860187,0.197618319,0.124803221,0.176465295,0.256242213,0.248125087,0.364297764,0.320527092,0.107749458,0
IL10RA,0.37001052,0.092319002,0.330724904,0.131879262,0.162520831,0.274485752,0.301327753,0.225165693,0.101971646,0
ANO6,0.248657507,0.110415401,0.331972439,0.395179566,0.175846264,0.245656128,0.319704033,0.393074942,0.217780711,0
RAB10,0.201074062,0.228627194,0.307457026,0.249910584,0.111933952,0.117748252,0.221090462,0.200202429,0.133428482,0
VPS8,0.186218476,0.136538714,0.254477114,0.044198486,0.042895241,0.254744562,0.311547147,0.337843938,0.054971696,0
LYN,0.122787444,0.183296642,0.210654449,0.226694744,0.035963402,0.315044263,0.398619369,0.163382156,0.110438546,0
ATXN7L1,0.080726763,0.249365029,0.154234261,0.266153264,0.284009892,0.287772437,0.443842285,0.320679549,0.599042117,0
LDLRAD4,0.286867419,0.081971573,0.473165756,0.143446253,0.219545765,0.354998544,0.279833251,0.322418841,0.124409013,0
PREX1,0.210457157,0.228032147,0.238309936,0.241344826,0.075108437,0.195657007,0.227359459,-0.153012565,0.063792565,0
AP3B1,0.174109439,0.185218717,0.17558405,0.227340303,0.025033326,0.225181532,0.209029003,0.181393564,0.188012609,1
PLCL2,0.019778236,0.032580276,0.347962521,0.274089872,1.912223207,0.320283166,0.112641838,0.168348408,0.289752502,0
CUX1,0.213948839,0.018112103,0.231749529,0.183004744,0.308014821,0.25607158,0.240475075,0.215255135,0.340313887,0
RASGEF1B,0.232806102,0.177350004,0.167033805,0.1694959,0.17407218,0.263991972,0.265627117,0.143668004,0.417299028,0
CEP350,0.184892434,0.147973085,0.021560504,0.253473242,0.293360503,0.280981583,0.213976407,0.290053959,0.303899965,0
ZBTB20,0.181540783,0.17768962,0.067736858,0.259193687,0.20121682,0.250101675,0.32050412,0.378395047,0.370641886,0
NIN,0.094477359,0.211035713,0.146209806,0.096890016,0.201171769,0.280281905,0.291184311,0.227443863,0.12093541,0
HEATR5B,0.129021741,0.159325038,0.112477997,0.182059837,0.149668632,0.217082601,0.203780068,0.232638297,0.182771459,0
SRBD1,0.138964648,0.201317671,0.059368776,0.107225064,0.217819854,0.296296335,0.248008675,0.235562539,0.212743655,0
SGK3,0.149015566,0.25028617,0.376523731,0.219604191,0.220359317,0.263708404,0.291889269,0.154750286,0.156452873,0
ETS1,0.172457635,0.118472691,0.243566094,0.208779611,0.222219253,0.2986053,0.314609345,0.275187457,0.256139895,0
PSEN1,0.188975943,0.151952436,0.249593791,0.205733312,0.133199899,0.26091596,0.188699554,0.202788611,0.08971286,0
MRTFA,0.134230626,0.123036086,0.260494707,0.200906303,0.178423937,0.253121576,0.272415779,0.30276256,0.219680349,0
RB1,0.15241,0.076869053,0.292192129,0.137611804,0.279441218,0.257240991,0.295903926,0.282094842,0.087550254,0
TMEM131,0.035688774,0.267822742,0.21135528,0.213969639,0.096438493,0.274938027,0.260832687,0.259141138,0.340300607,0
FCHSD2,0.175009134,0.008646655,0.19828116,0.308092866,0.146433697,0.289786485,0.295329719,0.151624185,0.106235263,0
TIAM1,0.094435442,0.014604075,0.325976884,0.275653292,0.300388048,0.247623546,0.39127742,0.37259754,0.100197977,0
TBCK,0.153981176,0.103807156,0.223903763,0.108439529,0.194282401,0.253176819,0.09751951,0.232782922,0.111988498,0
UBR2,0.153598617,0.136346137,0.197011886,0.332168702,0.220037434,0.279499603,0.343514957,0.349711177,0.125436574,0
VTI1A,0.230253176,0.018943827,0.188052335,0.245405494,0.26196772,0.218523163,0.269315577,0.264656278,0.167733767,0
ST6GAL1,0.026904273,0.284702748,0.143172197,0.241206489,0.186563124,0.211015953,0.249364652,0.148947868,0.202264111,0
SLFN5,0.156396485,0.135529419,0.255118027,0.032749281,0.199204997,0.287978059,0.320312076,0.206835263,0.088147733,0
SETD5,0.152296138,0.14336459,0.289314703,0.197120608,0.313763263,0.260746358,0.216765814,0.146053546,0.23687823,0
TMEM165,0.033717193,0.1939668,0.157672824,0.156265668,0.181836846,0.280193645,0.285179047,0.128478197,0.081899314,0
NCOA3,0.193425713,0.224251476,0.12769297,0.216075325,0.158264478,0.263671716,0.291056784,0.300760288,0.11888203,0
FOXO3,0.012492676,0.23454132,0.019855974,0.175603107,0.232118659,0.257893599,0.250297205,0.217586056,0.141703768,0
SVIL,0.158684468,0.249277792,0.447260398,0.222120361,0.090573973,0.28130593,0.221284597,0.201957735,0.323247609,1
ATF6,0.20399793,0.154700214,0.294014673,0.240099651,0.125354952,0.274288747,0.251023899,0.64381868,0.242383261,0
TRIP12,0.068763489,0.141321939,0.146513758,0.118879984,0.109146781,-0.391041813,0.312035842,0.163382156,0.108933544,0
CTBP2,0.135070434,0.16839475,0.306704726,0.123706958,0.159728691,0.255123814,0.287039869,0.156913513,0.093048409,0
MAP3K5,0.09991534,0.153709091,0.228318354,0.180715137,0.118134008,0.316444862,0.260995261,0.34801858,0.140170936,0
PHIP,0.022986822,0.013014096,0.17693489,0.281493517,0.010816398,0.265074514,-0.310540003,0.157591099,0.252410727,0
ITPR2,0.131346677,0.11369704,0.175735441,0.120848049,0.19971111,0.28945108,0.058767162,0.119326975,0.217733384,0
RNF149,0.07719989,0.172554459,0.211342991,0.214659454,0.163363971,0.259056701,0.204182818,0.179436195,0.144654916,0
SENP7,0.071695764,0.202675564,0.159244436,0.186346069,0.307047641,0.259063899,0.274659425,0.172216813,0.153301796,0
ZNF207,0.051162508,0.351065386,0.079491536,0.232563977,0.21518529,0.279060942,0.228012904,0.170499191,0.140165343,0
PRKCB,0.011916735,0.060382824,0.214150863,0.185664751,0.135929691,0.262590996,0.214711213,0.196412567,0.106719632,0
POU2F2,0.10927185,0.168460007,0.172074557,0.033786924,0.14726151,0.250160949,0.235014747,0.137399774,0.089064895,0
ARHGAP15,0.131267351,0.030899152,0.16594044,0.107898516,0.115311772,0.253411449,0.245259214,0.277730945,0.157837211,0
CERS6,0.149438061,0.159255167,0.198191571,0.140739988,0.024321353,0.186560315,0.22152954,0.17708792,0.105930662,0
FRYL,0.063103341,0.193186873,0.235203102,0.109356079,0.244386222,0.339456909,0.291079902,0.239544094,0.214506071,0
PTPRJ,0.129763102,0.176225125,0.169616098,0.135767634,0.150438658,0.373047247,0.183749989,-0.125720854,0.275608439,0
COMMD10,0.012383838,0.155314087,0.145605001,0.18908579,0.254621765,0.224628962,0.38373055,0.29804907,0.2636384,0
SLC16A7,0.028510725,0.224812628,0.179131891,0.171951572,0.152267326,0.267289234,0.227626324,0.137313552,0.004534025,0
XYLT1,0.149676489,0.110151923,0.113510906,0.327949111,0.030274632,0.227170161,0.257219726,0.192961495,0.258917979,0
TAOK3,0.06905049,0.147615112,0.071081253,0.141147377,0.182315683,0.224503781,0.25374863,0.203620645,0.105643062,0
VRK2,0.371444183,0.153816157,0.080571166,0.175814659,0.274602452,0.293826297,0.383251011,0.64523548,0.079262989,0
AOAH,0.207074433,0.220877358,0.161999062,0.114073221,0.148531384,0.259421826,0.274996927,0.22794742,0.184061409,0
HDAC8,0.253230076,0.169029348,0.132962161,0.282325397,0.145281989,0.24111292,0.235047425,0.303030745,0.098082896,0
TBC1D1,0.014352224,0.141223231,0.487118288,0.231089838,0.142003569,0.23669904,0.260849021,0.161436511,0.244419992,0
FAM13A,0.150155264,0.145465033,0.16902642,0.120845021,0.024795963,0.246079237,0.262665491,0.155333627,0.054248107,0
APBB1IP,0.332402145,0.299641123,0.198832321,0.216919106,0.040273682,0.230713592,0.19900315,0.181581532,0.438402025,0
BOD1L1,0.112513135,0.288460567,0.027983167,0.175209148,0.421739424,0.449278425,0.301710239,0.130960678,0.065482029,0
PELI2,0.143928927,0.104813542,0.19080829,0.267812444,0.180764085,0.210384871,0.221184058,0.334628912,0.834555042,0
CCNH,0.167929177,0.185603271,0.147494772,0.18067829,0.22022975,0.200779361,0.217567965,0.11806664,0.321211673,0
ZNF609,0.155520634,0.178358718,0.140634514,0.163463345,0.152989483,0.23673182,0.294212449,0.139296537,0.337323948,0
APC,0.213400042,0.136173177,0.034776464,0.19892219,0.199429611,0.25928767,0.242715351,0.129497773,0.057410757,0
FAM120B,0.102116211,0.203481997,0.074132128,0.156567524,0.145772859,0.455773845,0.104993623,0.388529127,0.32865252,0
VPS13B,0.11720548,0.120140611,0.147276595,0.151023569,0.084354457,0.330890299,0.218987001,0.197559271,0.088054958,0
TPK1,0.079050752,0.110400753,0.040648932,0.146754081,0.013250508,0.236497403,0.271434837,0.328361334,0.249954775,0
RIN3,0.149577846,0.254415981,0.127578967,0.17062102,0.207823433,0.302539159,0.233550741,0.103009538,0.010278393,0
ARL15,0.141996601,0.22773117,0.164543156,0.12928379,0.130134725,0.287518286,0.184301866,0.116338408,0.120773755,0
ADD3,0.088259655,0.090076504,0.194903485,0.137861545,0.22337559,0.193734895,0.234600221,0.180627536,0.118980473,0
DOP1A,0.106781052,0.156589601,0.123948525,0.205280671,0.148172558,0.234031853,0.228105524,0.183772319,0.119274406,0
RPS6KC1,0.054997794,0.081081787,0.216021059,0.192935448,0.040934203,0.227886969,0.195058699,0.668850379,0.594173616,0
TNFAIP8,0.016545016,0.178125214,0.232839965,0.107327989,0.016983853,0.227467534,0.177854025,0.253886845,0.15060085,0
KDM7A,0.028966275,0.225971265,0.168049009,0.072587764,0.093820156,0.144416747,0.18923175,0.319501357,0.038538024,0
SUMF1,0.013422354,0.10126549,0.256904242,0.120901417,0.117036208,0.293276249,0.26296671,0.154163626,0.034093352,0
PIBF1,0.171639843,0.044094746,0.221628276,0.145411276,0.204954318,0.175865426,0.204665054,0.129865029,0.064921694,0
SAMHD1,0.144043421,0.163696288,0.066069774,0.157061371,0.30220931,0.323933848,0.228374022,0.582308047,0.03011268,0
ANKRD17,0.07635019,0.02494227,0.108053633,0.172050455,0.043105689,0.223242773,0.203546467,0.091666851,0.041368153,0
CHCHD3,0.21106714,0.013494256,0.252537829,0.089096413,0.066412807,0.376029692,0.227487416,0.205406928,0.055512335,0
ANKRD36,0.025315304,0.110859696,0.179416672,0.093049889,0.034279828,0.165687135,0.190746471,0.03628907,0.162961607,0
LRRFIP2,0.096409052,0.018112103,0.081145511,0.20399368,0.145444669,0.190838142,0.100884549,0.096972,0.305894982,0
SENP6,0.21169216,0.022552807,0.133309435,0.214296956,0.064930121,0.24989994,0.178806221,0.018870165,0.061334811,0
MAP2K5,0.049723877,0.127652981,0.14643462,0.159012266,0.110766063,0.200785866,0.14821104,0.191737393,0.111116902,0
INTS6,0.023277434,0.102792043,0.172166578,0.087657111,0.135044811,0.192242614,0.202948154,0.280050207,0.144084866,0
MIS18BP1,0.119373074,0.069123733,0.135688452,0.12086948,0.165336782,0.250588191,0.28481722,0.172112561,0.270141668,0
RAPGEF2,0.019912981,0.127396767,0.017586396,0.091560055,0.128066716,0.312326124,0.166358386,0.036603132,0.076048748,0
RBMS1,0.11634315,0.157627926,0.044269375,0.207747481,0.202460441,0.184495058,0.178208104,0.142975945,0.134714797,0
CAST,0.119713115,0.131385281,0.122074118,0.082844415,0.079656067,0.216451239,0.167537541,0.099911131,1.070982801,0
RALGAPA2,0.09214532,0.032627678,0.078745334,0.136958765,0.130182669,0.227569254,0.173532419,0.238879438,0.350137579,0
RFX3,0.11616871,0.156424014,0.173117705,0.059386646,0.199963547,0.19414669,0.207448482,0.086728167,0.055607278,0
STAT1,0.095453448,0.142771106,0.095694692,0.080642305,0.098295163,0.222109629,0.12961784,-0.127439789,0.48452538,0
SNX2,0.12529681,0.12038242,0.296966844,0.145626447,0.074223947,0.184196362,0.183888311,0.044029848,0.043550236,0
C2CD5,0.210577324,0.097269064,0.152936591,0.053810251,0.078629038,0.271081413,0.221220321,0.206917199,0.073284014,0
PLCB1,0.312608721,0.141719669,0.167900623,0.187329219,0.026236088,0.187029645,0.167591986,0.28958578,0.027918966,0
LCP1,0.134551673,0.106072482,0.100180534,0.122348179,0.058309411,0.186904387,0.2265833,0.09211233,0.058001887,0
NAMPT,0.431312167,0.199841493,0.116642526,0.09832375,0.114802068,0.198361102,-0.147360895,0.214882784,0.078784192,0
SH3BGRL,0.059919835,0.130511427,0.073558383,0.162723376,0.154652656,0.200456066,0.30519193,-0.035710981,0.079281735,0
WDR70,0.012166513,0.024647053,0.036563957,0.078840287,0.111230381,0.195347726,-0.02571841,0.136802129,0.018498593,0
MTAP,0.437006479,0.12498729,0.022699946,0.03487373,0.091096488,0.248095224,0.11324705,0.148263315,0.155286212,0
ASCC3,0.059963407,0.213516183,0.246090864,0.154962052,0.090391957,0.166120417,0.135097638,0.180795087,0.009855713,0
HERC4,0.069322088,0.078885429,0.014252655,0.149837509,0.205794567,0.159261909,0.240978587,-0.163614384,0.044431201,0
MYO5A,0.106489697,0.01273175,0.101631407,0.149314043,0.128890476,0.209085947,0.118934558,0.145152105,0.179168861,0
DIP2B,0.044341402,0.251539732,0.142787531,0.125558474,0.09279423,0.231754688,0.145166505,0.073275239,0.201318568,0
MCL1,0.037117311,0.122857846,0.102199943,0.033594569,0.137815238,0.148837674,0.152825231,0.078198334,0.021976077,0
PPP3CA,0.12750394,0.053565737,0.164797107,0.145395609,0.103194102,0.221000442,0.109975917,0.150885517,0.049984576,0
R3HDM1,0.070599587,0.149631352,0.015577705,0.109058053,0.152151146,0.195712664,0.155599984,0.224951419,0.476673906,0
SAT1,0.054206631,0.147336821,0.164492677,0.106427497,0.140446917,0.211035612,0.12046362,0.17838658,0.198319736,0
ITPR1,0.07667284,0.145444609,0.238616252,0.06128854,0.14557404,0.177865105,0.11768454,0.172216813,0.361405127,0
FBXW7,0.111449941,0.071286572,0.098019367,0.181425279,0.083107235,0.224992223,0.069785127,-0.088822317,0.156647942,0
TTN,0.174369337,0.131944023,0.125410065,0.111528151,0.110379362,0.235188371,0.436132938,0.123208503,0.069003241,0
CAB39,0.111149674,0.066866389,0.149320818,0.094930896,0.046325065,0.185675276,0.148073033,0.234141453,0.05369343,0
DIAPH1,0.16032345,0.055661087,0.177542293,0.137608303,0.185094234,0.188476276,0.22341813,0.040978444,0.058624947,0
CDK14,0.081375904,0.114191253,0.095930718,0.097677097,0.086000627,0.245107744,0.146589715,-0.430873582,0.203102514,0
FNDC3A,0.264248944,0.140698082,0.034695906,0.029165803,0.012180039,0.179530637,0.251405691,0.243235463,0.097774935,0
MYO1F,0.200243737,0.085282867,0.139633306,0.051177191,0.063865276,0.226119057,0.091036439,0.172890757,0.083242232,0
RERE,0.024401194,0.235892205,0.139895968,0.172118701,0.121977821,0.19695681,0.070201391,0.156809502,0.183466293,0
ROCK1,0.045245332,0.086520067,0.295533347,0.12850634,0.093089081,0.203092194,0.104988574,0.067826814,0.02951855,0
STXBP5,0.174749958,0.007743907,0.142093698,0.179117792,0.030293147,0.221671086,0.178135554,0.103239175,0.029586053,0
BCL11A,0.164338137,0.119705509,0.09117567,1.173365428,0.11497176,0.173555804,0.178502957,0.165648763,0.011885403,0
CHD9,0.12371232,0.048837785,0.122377127,0.124578037,0.119467084,0.142204016,-0.108714352,-0.06246844,0.16484716,0
FARS2,0.108751149,0.106767373,0.148846526,-0.075966889,0.136349654,0.184932041,0.132913403,0.166124923,0.026928943,0
ZCCHC7,0.146400888,0.134604887,0.172102857,0.090262303,0.07954403,0.164174844,-0.068493252,0.116209035,0.262023957,0
TCF7L2,0.015593655,0.11811233,0.052049473,0.05518848,0.187704046,0.166406021,-0.130533158,0.110437291,-0.430802577,0
SSH2,0.206426263,0.011138722,0.206436262,0.095860421,0.150832481,0.151529631,-0.115373275,0.097763368,-0.140035414,0
SP100,0.019004942,0.193665251,0.195744256,0.073154266,0.121153066,0.194533612,0.239003688,0.08985312,-0.335556776,0
JMJD1C,0.126051983,0.44834156,0.129756892,0.092899231,0.068235824,0.198913128,0.103805355,0.185443306,0.05901195,0
AGTPBP1,0.080143642,0.107844734,0.012361836,0.067674805,0.013131528,0.114785609,0.160153237,0.079550565,-0.053808782,0
ITGA4,0.232277361,0.119536816,0.031227003,0.231214127,0.025896909,0.160679726,0.144286541,0.107692275,0.069451526,0
MAML2,0.011158002,0.101209991,0.070578584,0.140726128,0.030666635,0.211274702,0.144603834,0.167013406,0.174674197,0
CAMK2D,0.110714596,0.064202695,0.094505302,0.121826554,0.191117646,-0.146349228,0.126635077,0.146561689,0.13540361,0
MBP,0.137218594,0.0475981,0.006590214,0.041600675,0.124330095,0.138047855,0.301529766,0.203620645,0.153067645,0
CEP85L,0.284694235,0.153043519,0.061004149,0.135934953,0.098137058,0.146574981,0.12983251,0.213808824,0.104960217,0
WWP1,0.102287217,0.005936042,0.097126675,0.0958823,0.067520359,0.18239209,0.19952525,0.125495888,-0.020916125,0
EXOC4,0.093362163,0.142777358,0.025948325,0.137132442,0.010872766,-0.014029279,0.27563236,0.147907981,0.245382685,0
SIPA1L1,0.013202098,0.089180791,0.009767157,0.084137312,0.234447228,0.14559266,0.141236923,0.113650741,0.040622844,0
WDR7,0.069827676,0.009270085,0.344367414,0.098821189,0.070826119,0.160702746,0.112768729,0.080147336,0.142066152,0
FAR1,0.011051211,0.00704987,0.085709168,0.105706693,0.019465584,0.112465436,-0.139336682,0.160862164,0.022089334,0
SMARCA2,0.074889933,0.030971216,0.125039779,-0.02039002,0.089589011,0.180679716,0.343236149,0.237224884,0.016125509,0
OXR1,0.069242077,0.090030885,0.102909047,0.103966972,0.096204639,0.148746887,0.175019246,0.364883117,0.145985992,0
RBM26,-0.100951008,0.058475693,0.096675633,0.065341042,0.102446994,0.183819834,0.129081302,0.131673296,-0.016780193,0
TCF12,0.018788532,0.043473529,0.060512295,0.080297864,0.019713836,0.226830833,-0.113352173,-0.048454874,0.142496413,0
ZFAND3,0.073842484,0.059696033,0.016005188,-0.069076448,0.080865831,0.114087698,0.057982225,-0.081645754,0.086746248,0
SHOC2,0.050617424,0.147998518,0.107348917,0.094644596,0.092132652,0.177373509,0.183232205,0.138198966,0.187003464,0
USP3,0.153835089,0.089395753,0.05198657,0.161166824,0.072337072,0.198584531,-0.023162095,0.088926824,-0.174747351,0
LPP,0.011480053,0.054523323,0.094156223,0.177457516,0.06758498,-0.408200998,0.047470541,0.071814916,-0.085975689,0
PHF14,0.086337817,0.044577598,0.102451614,-0.129148781,0.009329332,0.150228578,-0.029267125,0.126142251,0.048650627,0
METTL15,0.100489184,0.088516779,0.071052492,0.081006231,0.04493785,0.461685963,0.050881169,1.037972764,0.033163561,0
PRKCE,0.010119474,0.05203114,0.262936766,0.093942532,0.015289214,0.127572225,0.084564295,0.076644834,0.171201082,0
MPP7,0.092624752,0.130525526,0.029363443,0.193565974,0.007969945,0.146079097,0.100707331,0.072810737,-0.182395838,0
STAU2,0.066008601,0.045175223,1.290650131,0.07375018,0.108187463,0.132159614,-0.079657639,0.059061728,0.088593503,0
EIF4G3,0.092521774,0.018412682,0.014252655,0.036323592,0.022056064,-0.299931269,0.103570781,-0.164192502,0.124285755,0
GPCPD1,0.046607665,0.048269235,0.08975482,0.017941552,-0.203719139,0.125239061,0.058608531,0.060484205,0.186581401,0
NCOA1,0.038943604,0.080924983,0.06928257,0.083294834,0.108639048,0.129561555,0.148768025,0.213694326,0.130597473,0
SCFD2,0.092567742,0.028794318,0.054764385,0.026490084,0.066441163,0.090102598,0.092980724,0.099859547,0.184409304,0
ATM,0.048348816,0.057393314,-0.0729689,0.073785991,0.046366973,0.086590047,0.166358386,0.223071595,0.173457082,0
KDM4C,0.062482275,0.011679072,0.012939287,0.018171313,0.016908172,-0.108420209,0.325316242,0.01894094,0.317975974,0
FOXP1,0.057686481,0.059012582,0.063441076,0.050898112,0.203355451,0.090425209,0.224171165,-0.045532762,0.390212144,0
ZNF407,0.062739328,0.079185398,0.091878241,0.045128792,0.00563385,0.240432101,0.072175947,-0.02676691,0.0055297,0
PIP4K2A,0.03744552,0.058614887,0.016087161,0.034806174,0.036310568,0.137832434,-0.0654861,0.144209846,0.007144389,0
SUCLG2,0.022452297,0.009548077,0.051002044,0.164147298,0.037768568,0.115156711,-0.142007258,0.017144908,0.202256563,0
ERC1,0.048417789,0.008440708,0.072378872,0.066384163,0.005395879,0.175572945,-0.036733479,0.040969102,-0.016215348,0
ITFG1,0.176394331,0.017804052,0.035131569,-0.047786907,0.037882254,-0.005590516,0.169840155,0.057304997,0.019313787,0
MBD5,0.090494555,0.140748174,0.084539351,0.036769077,0.010145919,0.128139404,0.070277738,-0.009682553,-0.005657182,0
ATF7IP,0.064207422,0.114765558,0.112313898,0.066624833,0.046879388,0.234009468,0.055211423,0.016833492,0.08103056,0
VAV3,0.059137191,0.197797482,0.013937346,0.038916791,0.052378144,0.108671379,0.081572029,0.025523244,-0.008860383,0
RSRC1,0.008228245,0.076025036,0.04441264,0.022737704,0.013379545,0.057390759,0.046978827,-0.000339404,0.152710707,0
CD44,0.013976283,0.137973059,0.04092786,-0.013516283,0.147103156,0.101365093,0.100905325,0.052992669,0.002129258,1
PPM1L,0.013483995,0.057194688,0.096359571,0.087882382,0.019365608,0.11750019,-0.03132829,0.07667745,0.248018974,0
PBX3,0.004816344,0.159196646,0.036780472,-0.004962461,0.057130597,-0.030727233,0.107131165,-0.062177545,0.103365855,0
UMAD1,0.03913283,0.064437292,0.061704841,0.065328076,0.003734066,0.071753065,0.058829922,0.037181281,-0.084288482,0
NCK2,0.00669218,0.031744749,0.091991829,0.026908898,0.05619884,0.194908938,0.150521838,0.063866864,0.064408736,0
FBXL17,0.139722662,0.002389492,0.014688946,0.065964653,0.025737462,0.072758077,0.041731732,0.095674624,0.003189021,0
IQGAP2,0.00541067,0.021210052,0.036970746,0.083464713,0.13305512,0.092351376,0.053278337,0.011087048,-0.098944389,0
SSBP2,0.043763837,0.232492421,0.01039609,0.071269312,0.098639647,0.087584473,0.011952803,0.002255269,-0.109069165,0
ELP4,-0.075156034,0.059309765,0.071883314,-0.03120044,0.012809037,0.075664405,0.08254464,0.165770724,-0.080499703,0
HIF1A,0.012160892,0.097859887,0.054876978,0.047587196,0.051180423,0.091534263,-0.046635337,0.01319334,0.143774185,0
PDE7A,0.033681616,0.00329285,0.032957017,0.050714999,0.009037899,0.151623926,-0.035106847,0.059857541,-0.047727866,0
TAFA2,0.058423199,-0.08198417,0.077688378,0.034489162,0.01830825,0.162113584,0.15659061,-0.006021735,0.134776723,0
HIVEP2,0.061155933,0.008787741,0.183786194,0.064674941,0.043368488,0.066315092,0.120097184,0.059262331,0.303192429,0
CD55,0.056222648,0.042468456,-0.00965777,0.019123861,0.034809821,0.061487255,-0.02183151,0.052791294,-0.006635521,0
CD55,0.056222648,0.042468456,-0.00965777,0.019123861,0.034809821,0.061487255,-0.02183151,0.052791294,-0.006635521,0
PAG1,0.003942899,0.048749368,0.060651541,0.01791613,0.044363469,-0.001860324,0.013279056,0.118394701,-0.026147959,0
PRKACB,0.019495401,0.01256715,0.039372394,0.008703443,0.027669218,0.121289747,0.0253008,0.106999686,-0.023334549,0
FMN1,0.066987488,0.05474287,-0.008232059,0.112640324,0.020769151,-0.138591936,0.016864832,0.131412505,-0.005090432,0
KHDRBS2,0.024243061,-0.056816193,0.028189343,-0.089988939,0.138602086,-0.033608438,0.01547845,0.013586495,0.352741844,0
OXNAD1,0.077350152,0.008301359,-0.007202118,0.023488902,0.008261767,0.07800436,0.042819352,-0.674338689,0.029586053,0
PARP8,0.009548292,0.06044923,0.022184707,0.049329635,0.018867223,0.221456252,0.072434437,0.143386384,0.040160407,0
ATXN1,0.018934055,0.527944787,0.001274585,0.080066991,0.006667171,0.055861117,0.071462046,0.124426818,0.048265374,0
RAD51B,0.006428977,-0.04787201,-0.060445391,0.087205526,-0.03160463,0.069502211,0.063996669,0.057776112,0.053305132,0
DOCK10,0.006550444,0.014014551,-0.01765105,-0.003910642,0.053503868,0.053783599,0.070599404,0.073218316,-0.073461654,0
MGAT5,0.008379806,0.009463161,0.01693609,-0.00522422,0.019882337,0.113038597,0.169525666,0.052431438,-0.006519923,0
IGF1R,0.034974269,-0.046194735,0.000710187,0.014029221,0.030633153,0.035370736,-0.033133633,0.002160532,-0.125930817,0
RUNX2,0.024455938,0.016188681,0.001880445,-0.011214342,0.003223916,-0.016906738,-0.046429216,-0.00453412,-0.036420653,0
PDE4B,0.046328913,0.086475571,0.002070036,0.030812551,0.061341535,-0.007519842,0.053744228,-0.010647244,-0.02249737,0
NR3C2,0.027678988,-0.028769953,-0.012802909,0.041936831,0.027444079,0.002390811,0.04059453,-0.005421435,-0.096187384,0
TXK,0.00660682,0.003660918,-0.002437436,0.002468017,0.118667246,0.028865045,-0.030986617,0.082556181,0.232858277,0
MLLT3,0.004800644,0.143895269,-0.003421998,0.047433066,0.046466164,0.062233294,-0.017290334,0.14761484,-0.028623519,0
THEMIS,0.027931024,0.013389823,-0.001898783,0.433927676,0.003844132,0.211587609,0.012235241,-0.021845451,0.648924615,0
IMMP2L,0.114572243,0.015838999,-0.001898783,0.036741161,-0.022290243,0.015192518,-0.043984927,0.101532123,-0.032039181,0
ARID5B,0.018715605,0.009329359,0.004117384,0.044698592,-0.034360128,0.036806322,-0.019333931,-0.01145661,0.051019763,0
FHIT,0.005906344,0.032501298,0.014433358,0.066508099,0.001319482,0.031332048,0.009956829,0.279401027,0.008695114,0
LEF1,0.014896829,0.006496249,-0.022296626,0.211870191,0.181006454,0.023471549,-0.105264627,0.055686484,-0.149507453,0
RALGPS2,0.00994185,0.014476995,0.119373894,-0.00292763,-0.000540657,0.150423503,-0.009145058,0.078096968,0.040359684,0
FCRL1,0.043619372,0.00873812,-0.000759813,0.009874893,0.010125336,-0.004096448,0.030640377,0.045482983,0.0076961,0
AFF3,0.001003364,0.012851933,0.009811694,0.022869535,0.026263902,0.043360031,-0.000675442,0.060654749,0.131096743,0
ITK,-0.006348161,0.000749428,0.050463222,-0.042442668,-0.074587604,0.028229649,0.039528364,0.042792015,-0.154986407,0
IL7R,0.013287292,-0.003645718,-0.004173359,0.020816244,0.026039617,0.009973909,-0.015606945,-0.020329798,0.03303086,1
EBF1,-0.014710721,-0.002449169,0.003765541,0.023780538,-0.057295332,0.064376615,0.033464116,0.016610963,0.055554353,0
IKZF2,-0.028125709,0.009821615,0.057590232,0.061693303,0.000334211,0.064402955,0.037934372,0.011556636,-0.021411641,0
BANK1,-0.037882933,-0.005523618,0.008768627,0.042891983,-0.001251403,-0.024599023,-0.016561614,-0.043068722,-0.069352762,0
KCNQ5,-0.019993715,-0.047798839,0.000506321,0.053942064,-0.005211893,0.066590912,-0.001970713,-0.032800386,0.204275725,0
PLCL1,0.160986799,0.005983222,-0.006120306,0.07678412,-0.007645821,-0.065646161,-0.01984906,-0.002961961,0.742357783,0
TAFA1,0.004437639,0.001864668,-0.020852491,0.004011159,0.003624204,0.008116242,0.066181658,-0.01615898,-0.012256292,0
INPP4B,-0.040541488,-0.001141099,-0.014496665,0.06958685,0.007489479,0.02652092,-0.001494075,-0.12601826,-0.297707249,0
BCL2,0.04288956,-0.002508891,0.003116042,0.006085713,0.002858483,-0.129573856,0.024595981,0.021195844,-0.088520617,0
RPL22,-0.791173022,-1.541798444,-1.953796694,-1.967125698,-1.73602212,-0.999217287,-1.980145727,-2.682465665,-1.380983831,0
RPL11,-1.729390236,-1.946552906,-1.680143109,-1.805025335,-1.423580316,-1.087714024,-2.224929459,-2.584126306,-1.291234552,0
CD52,-1.364450943,-1.720176231,-1.902740234,-1.800707163,-1.82034296,-0.985364114,-2.31293642,-2.609849011,-1.453392151,0
RPS8,-1.02671133,-1.538322144,-1.78782188,-1.880660084,-1.529269896,-0.937113827,-2.207853099,-2.442609885,-1.32847304,0
RPL5,-2.093032364,-1.554454028,-1.738190367,-1.80895944,-1.603237815,-1.164428095,-2.194792223,-2.51735318,-1.302814263,0
S100A6,-1.221716249,-1.878867671,-1.794179898,-1.79513631,-1.495870079,-0.991349867,-2.032525737,-2.473574983,-1.207405383,0
S100A4,-1.868290256,-1.932651353,-1.753631984,-1.794382187,-1.49280861,-1.13167847,-1.997830245,-2.369112925,-1.213681787,0
RPS27,-0.949021519,-1.905862416,-1.706602309,-1.769364052,-1.524291433,-1.12068932,-2.029081179,-2.434317086,-1.349123569,0
RPS7,-0.793416789,-1.826118131,-1.786892415,-1.656527488,-1.477699255,-1.075003249,-1.832527993,-2.407199173,-1.235175829,0
ZFP36L2,-1.668857679,-1.507859624,-1.647345764,-1.724390858,-1.436140458,-1.040386009,-2.027885473,-2.159655278,-1.284984193,0
RPS27A,-1.545515981,-1.591569516,-1.683411498,-1.70669464,-1.423108997,-1.002685039,-1.87187265,-2.428864588,-1.2069536,0
TMSB10,-1.178989474,-1.999484955,-1.683154967,-1.652922744,-1.381242456,-0.964477601,-1.766442222,-2.221501325,-1.256860981,0
RPL31,-1.153873057,-1.561614182,-1.636330284,-1.602805593,-1.30333718,-1.06814591,-1.722339092,-2.294901656,-1.311153134,0
CXCR4,-1.085393748,-1.46805262,-1.588217546,-1.667915571,-1.291961203,-0.975831014,-2.02485238,-2.065209898,-1.205480587,0
EEF1B2,-1.237316985,-1.756807582,-1.606988299,-1.577079044,-1.3338105,-0.973296235,-1.812539815,-2.268580485,-1.208649497,0
RPL37A,-0.946275401,-1.702480801,-1.607096675,-1.599333384,-1.324414613,-0.944016471,-1.666000542,-2.288914962,-1.146913844,1
PTMA,-1.386478983,-1.545255036,-1.590740181,-1.627622396,-1.314844304,-0.838477693,-1.794639615,-2.259462969,-1.07072166,0
RPL32,-1.384773327,-1.971013736,-1.544919625,-1.558946954,-1.284961695,-0.901893098,-1.902051098,-2.240076804,-1.114860778,0
RPL15,-1.709601427,-1.613882624,-1.51552401,-1.525859183,-1.130682652,-1.054124498,-1.770294768,-2.097837768,-1.051749842,0
RPSA,-1.401466588,-1.590986375,-1.564662551,-1.505016743,-1.26516217,-0.963139021,-1.617821308,-2.054339834,-1.15956505,0
RPL14,-1.47659227,-1.625383213,-1.524102316,-1.509672032,-1.272513222,-0.94211535,-1.605203374,-2.109469948,-1.135204592,0
RPL29,-1.567013852,-1.554965336,-1.533854992,-1.488074974,-1.258444954,-0.870914227,-1.656042011,-2.15342843,-1.110261023,1
RPL24,-1.934483946,-1.701659063,-1.513255095,-1.481080767,-1.232316115,-1.110078375,-1.750860379,-2.335009004,-1.048305606,0
RPL35A,-0.834566367,-1.647887884,-1.507161725,-1.47485773,-1.236649981,-0.840254682,-1.564706606,-2.070804516,-1.161739496,0
RPL9,-0.961887232,-1.474718062,-1.510932119,-1.490074116,-1.301296834,-0.805005873,-1.619561667,-1.921741594,-1.058122979,0
RPL34,-0.977731139,-1.798318511,-1.36365084,-1.47313613,-1.220602584,-0.738291436,-1.611032945,-2.027364639,-1.196763002,0
RPS3A,-2.059511013,-1.539722049,-1.493312919,-1.493014007,-1.173621851,-0.948554553,-1.65842608,-1.967533358,-1.032986174,0
RPL37,-1.139267474,-1.894030898,-1.470259834,-1.472798634,-1.280845185,-0.790404918,-1.652313913,-1.846899988,-1.114067152,0
BTF3,-1.650231956,-1.540050197,-1.46170726,-1.458699612,-1.191348701,-0.838619388,-1.61690086,-1.991985941,-1.098844919,0
RPS23,-2.07989472,-1.842943333,-1.455912306,-1.428534714,-1.183059929,-0.847571453,-1.87838266,-2.02622843,-1.086688449,0
COX7C,-1.464272619,-1.49235351,-1.443358836,-1.388592937,-1.155747545,-0.799603208,-1.524373868,-2.068228796,-1.099163687,0
HINT1,-1.096959664,-1.443342094,-1.423754329,-1.350803843,-1.146339355,-0.997596578,-1.536151408,-1.949639912,-1.049081398,0
RPS14,-1.918705461,-1.446153891,-1.406833159,-1.265405127,-1.153054821,-0.875892127,-1.685277097,-1.91708938,-1.109671508,0
RACK1,-1.109561529,-1.366182272,-1.396107278,-1.38381113,-1.103528646,-0.828808282,-1.699353535,-1.938253817,-0.871345964,0
HLA-A,-1.448506892,-1.374460863,-1.325429261,-1.289806613,-1.133111514,-0.808979211,-1.489298742,-1.926255057,-1.164489024,1
HLA-C,-0.933132228,-1.417341945,-1.363968993,-1.298444632,-1.05649532,-1.228283703,-1.588787224,-1.875396172,-1.011775794,0
HLA-B,-1.090224592,-1.355640387,-1.312774087,-1.301044476,-1.103891797,-0.885198133,-1.447188163,-1.874782216,-0.95786546,1
LTB,-1.107959641,-1.442669539,-1.292098541,-1.308718257,-1.075937021,-0.811052386,-1.465848269,-1.865726249,-1.014370496,0
RPS18,-1.137231003,-1.397149848,-1.250716365,-1.29526581,-1.077906715,-1.060824722,-1.466387886,-1.83461688,-1.001367019,0
RPS10,-1.938251077,-1.320166234,-1.13577435,-1.327761329,-1.078576211,-0.719093752,-1.506594904,-2.003782703,-0.889561454,0
RPL10A,-1.604857584,-1.33599093,-1.215690105,-1.259017713,-1.068640824,-0.816772368,-1.275759863,-1.810442175,-0.97288514,0
RPS12,-0.924439289,-1.307762665,-1.228749837,-1.252481454,-0.895945805,-0.753079079,-1.532203695,-1.904514578,-0.967340481,0
TOMM7,-1.662755257,-1.335502016,-1.170931312,-1.259381777,-1.013095952,-0.823227504,-1.46282597,-1.811374153,-0.889023035,0
RPS20,-1.478034745,-1.283705472,-1.20195128,-1.336413951,-1.011576126,-0.72526493,-1.74265382,-1.805077346,-1.080860106,0
RPL7,-1.309849091,-1.386505446,-1.180274636,-1.096833682,-0.998216445,-0.782148394,-1.373270434,-1.815941762,-0.911720673,0
RPL30,-2.162021856,-1.266797629,-1.164455946,-1.200751995,-0.991727131,-0.71230531,-1.42902073,-1.812347636,-0.936302692,0
PABPC1,-0.898825498,-1.272018109,-1.153568068,-1.224208814,-0.999536764,-0.719681576,-1.348077118,-1.877784107,-0.91198059,1
EEF1D,-0.82748789,-1.256409427,-1.182621602,-1.210834979,-0.966161813,-0.706449613,-1.40939735,-1.74399025,-0.859470462,1
RPL8,-1.525684268,-1.264712383,-1.111433275,-1.215392662,-0.939132588,-0.876199244,-1.293998185,-1.691515458,-0.900674073,1
RPS6,-1.454079869,-1.262800648,-1.121515438,-1.19230177,-0.969107325,-0.694498982,-1.360959221,-1.694958577,-0.865166068,0
RPL35,-1.67378143,-1.234878996,-1.141214744,-1.173586438,-0.960149638,-0.675130122,-1.291737713,-1.837262913,-0.937093302,1
RPL35,-1.67378143,-1.234878996,-1.141214744,-1.173586438,-0.960149638,-0.675130122,-1.291737713,-1.837262913,-0.937093302,1
RPL12,-1.27352183,-1.203733258,-1.119104897,-1.163838385,-0.793039031,-0.68519396,-1.370175092,-1.695320982,-0.855417163,0
RPL7A,-1.859214619,-1.209575906,-1.068342834,-1.12665236,-0.957077898,-0.661686284,-1.344341903,-1.698057014,-0.839869266,0
RPS24,-1.386372273,-1.19963614,-1.118299104,-1.145645908,-0.997059795,-0.680471302,-1.220500261,-1.844213849,-0.871425958,0
RPLP2,-1.758898247,-1.163703988,-1.108389622,-1.093340754,-0.920202725,-0.681841015,-1.437508072,-1.663276721,-0.795412162,1
RPL27A,-1.668353642,-1.152718098,-1.41364221,-1.114998989,-0.9069529,-0.665607302,-1.341067514,-1.557378365,-0.887310007,0
RPS13,-2.043297536,-1.109774759,-0.989898805,-1.107086589,-0.913779953,-0.657095668,-1.331522369,-1.579950519,-0.86283163,0
EEF1G,-1.322045102,-1.126707114,-1.100228289,-1.162165434,-0.91402311,-1.030116451,-1.225017637,-1.592046905,-0.802756627,0
FAU,-1.41624387,-1.067099454,-1.11415805,-1.088631262,-0.898503266,-0.628400044,-1.287940907,-1.597621672,-0.856814877,1
CFL1,-1.346069789,-1.096703211,-1.1091891,-1.058384804,-0.944496686,-0.708565776,-1.237970684,-1.453157005,-0.895974868,1
RPS3,-1.764796125,-1.089726722,-1.016554808,-1.102320254,-0.865314646,-0.611751043,-1.22144138,-1.469614252,-0.811640503,0
CD3D,-0.90091823,-1.095274544,-1.082951665,-1.095111413,-0.905493132,-0.697253169,-1.307237252,-1.46378986,-0.792076905,0
RPS25,-0.963202406,-1.143640052,-1.08566957,-1.058175667,-0.902194549,-0.644173703,-1.246063165,-1.530783726,-0.727290025,0
PFDN5,-1.061123727,-1.040159891,-1.086645714,-1.077241011,-0.920852687,-0.696217362,-1.225285352,-1.510985781,-0.902238014,0
RPS26,-1.34979396,-1.096819543,-1.181870751,-1.054404339,-0.865997114,-0.655262558,-1.44274102,-1.428959876,-0.683662593,0
RPL41,-1.66871799,-1.039291411,-1.050829425,-1.057720994,-0.843377014,-0.651837611,-1.281681712,-1.487780865,-0.765986769,0
MYL6,-1.305312432,-1.077227291,-1.058696548,-0.972389561,-0.856984591,-0.665054805,-1.358617746,-1.388668357,-0.784349276,1
NACA,-1.739735456,-1.032956881,-1.033191309,-1.000691715,-0.828874082,-0.64586347,-1.263629454,-1.40194761,-0.736576918,0
BTG1,-1.674936227,-1.012598272,-1.12813967,-0.976568668,-0.800951621,-0.615242178,-1.185819089,-1.561324079,-0.548420131,0
RPL6,-1.133656453,-0.995817168,-1.038199546,-0.938165011,-0.81321482,-0.849371404,-1.181463487,-1.402270563,-0.698760862,0
RPLP0,-1.808763162,-1.027322487,-1.017033966,-0.962060597,-0.851553372,-0.634325774,-1.185362002,-1.468608142,-0.732857673,0
RPL21,-1.555689401,-0.94402817,-1.021416242,-0.912432738,-0.794926128,-0.633873974,-1.166546486,-1.372925841,0.538701056,0
RPS29,-1.771309579,-0.963687745,-0.983751312,-0.936058528,-0.800230143,-0.559478088,-1.133921145,-1.309263469,-0.61788813,0
RPL36AL,-1.276483341,-0.975666108,-1.01037125,-0.91376683,-0.807099393,-0.60609539,-1.177125852,-1.330777588,-0.494054027,0
CALM1,-1.98829824,-0.969589407,-0.972592723,-0.957744076,-0.756969321,-0.571870623,-1.181104801,-1.297528392,-0.636849847,0
HSP90AA1,-1.22454412,-0.892675906,-1.00357883,-0.957202362,-0.878715234,-0.558644383,-1.160106489,-1.317507891,-0.507204473,0
SERF2,-1.561303168,-0.900033391,-0.920828898,-0.891545144,-0.792008153,-0.542091393,-1.209909543,-1.328245086,0.241152182,0
B2M,-1.483723355,-0.867954318,-0.959803025,-0.851513738,-0.778599337,-0.551830962,-1.114262734,-1.317964036,-0.432340047,0
RPL4,-1.186115085,-0.871721011,-0.920874436,-0.917843051,-0.789932403,-0.555278679,-1.153861366,-1.39230817,-0.612670905,0
RPLP1,-1.504623433,-0.879077741,-0.887636717,-0.814251889,-0.883232309,-0.476491152,-1.092549523,-1.859588367,0.301253345,1
RPS17,-1.222924046,-0.806231743,-0.8342605,-0.805189778,-0.759947679,-0.53258044,-1.147595851,-1.655552285,-0.468325717,0
RPS2,-1.683534775,-0.776513989,-0.899457536,-0.83973916,-0.820887791,-0.527684348,-1.037928098,-1.305476822,-0.470480902,1
IL32,-2.04907581,-0.827154782,-0.915558987,-0.803362389,-0.700388484,-0.548889607,-1.063096467,-1.831446889,-0.326395327,0
RPS15A,-0.815368922,-0.980836036,-1.025303173,-0.793594691,-0.754543187,-0.55128261,-1.084004372,-1.240048724,-0.485084057,0
COX4I1,-0.750878146,-0.76923921,-0.877136014,-0.799243365,-0.81523419,-0.719345999,-1.119306164,-1.458106221,-0.402040774,0
CYBA,-0.697864758,-0.800062059,-0.873854967,-0.777936928,-0.703198201,-0.516354507,-0.982662387,-1.216724871,-0.271487647,0
RPL13,-0.703344328,-0.738222381,-0.904872028,-0.718630228,-0.718555499,-0.483797587,-0.998386376,-1.10211629,-0.284928008,0
PFN1,-0.70336368,-0.735363409,-0.933965741,-0.7332274,-0.73908475,-0.456871943,-0.988780764,-1.092537398,-0.399633493,1
RPL26,-0.678216699,-0.685099298,-0.94443464,-0.826377534,-0.707901979,-0.707321096,-1.005741689,-1.059406556,-0.394634707,0
RPL23A,-0.760754816,-0.67873683,-0.798123864,-0.719710336,-0.697328052,-0.483523163,-0.995385731,-1.077043002,-0.353836189,0
RPL23,-0.72590114,-0.629193408,-0.780398122,-0.663766013,-0.708929135,-0.574049654,-1.006069122,-1.21080878,0.153254277,0
RPL19,-0.711297226,-0.648296078,-0.793442229,-0.623978487,-0.690616119,-0.566228589,-1.117792346,-0.942674046,0.166302352,0
EIF1,-0.615248183,-0.709754749,-0.805650616,-0.581258667,-0.678240036,-0.460723996,-0.928270915,-1.146045156,-0.465485539,0
RPL27,-0.640562288,-0.66434929,-0.746792724,-0.735621539,-0.695547001,-0.463118628,-0.986899671,-0.9492467,-0.421919148,0
RPL38,-0.661809817,-0.78083695,-1.029061413,-0.630379711,-0.669698572,-0.551935049,-0.956356803,-0.919052603,0.137573808,0
MYL12A,-0.652325215,-0.717709902,-0.781628638,-0.650935084,-0.65686218,-0.470836754,-0.919756771,-0.96994065,-0.422927398,0
RPL17,-0.541469702,-0.616659771,-0.731814424,-0.540060969,-0.81732842,-0.483885784,-0.954787581,-0.897589091,-0.30671223,0
RPS15,-0.732312754,-0.631248173,-0.761356367,-0.717576981,-0.569443277,-0.420505174,-0.904380516,-0.888720164,-0.252858492,0
RPL36,-0.563629463,-0.560779611,-0.757749627,-0.544832424,-0.634550216,-0.42080557,-0.989938652,-0.930008412,-0.312493769,0
RPS28,-0.510637047,-0.544005667,-0.757509248,-0.568348331,-0.674426175,-0.414772608,-0.867656587,-0.826576902,-0.464067071,0
JUNB,-0.621202605,-0.603558129,-0.720088796,-0.527265837,-0.635719831,-0.401666075,-0.817821096,-0.802393674,0.106138408,0
RPL18A,-0.634042664,-0.570428977,-0.690806604,-1.949568462,-0.62043332,-0.357479877,-0.769444901,-0.843646823,-0.373200317,0
UBA52,-0.66121598,-0.627093643,-0.748866303,-0.486959604,-0.64938773,-0.366954272,-0.890811652,-0.804556635,-0.299485151,1
HCST,-0.587175549,-0.634686802,-0.760691601,-0.481389194,-0.636653399,-0.319279668,-0.873603154,-0.763337191,0.056449676,0
RPS16,-0.539324485,-0.731303488,-0.685944098,-0.564545735,-0.768836472,-0.423264361,-0.855378414,-0.768337092,-0.246439899,1
RPS19,-0.479503893,-0.746478299,-1.669942602,-0.503602818,-0.639378233,-0.395670856,-0.829181965,-0.87591547,0.136162369,0
RPL18,-0.581027622,-0.631095024,-0.693163607,-0.587979998,-0.560726376,-0.293090273,-0.815062817,-0.974427056,-0.331479406,1
RPL13A,-0.47559606,-1.166881317,-0.711590643,-0.458938219,-0.744595014,-0.385751261,-0.862373332,-0.731566853,-0.267273231,0
RPS11,-0.479971945,-0.500395192,-0.607295051,-0.516888984,-0.560223134,-0.410175175,-0.826224142,-0.778784688,0.081918744,0
NKG7,-0.465884354,-0.482850857,-0.626292832,-0.468502104,-0.57438008,-0.490529296,-0.843304711,-1.249648348,0.092076289,0
RPS9,-0.501312009,-0.529609447,-0.682117047,-0.489090921,-0.554446263,-0.282501203,-0.832875649,-0.697113356,-0.18133841,1
RPL28,-0.456764232,-0.470727335,-0.678074376,-0.499328879,-0.583044873,-0.374367839,-0.765364062,-0.900297772,0.100818076,0
RPS5,-0.421745631,-0.56726753,-0.910928324,-0.398180162,-0.486298103,-0.352555746,-0.727392115,-0.70993715,-0.315945741,1
RPS21,-0.471440669,-0.513945213,-0.599594307,-0.529600604,-0.633426469,-0.323953056,-0.812401867,-0.718309036,0.055422863,0
TMSB4X,-0.591790024,-0.556104835,-0.581923243,-0.456099571,-0.46601398,-0.306443348,-0.745438148,-0.68500883,-0.2250675,0
RPS4X,-0.38681127,-0.50041655,-0.558340281,-0.389931871,-0.563750885,-0.240088417,-0.70069326,-0.690490414,-0.146044275,0
RPL36A,-0.528257249,-0.403484136,-0.595357314,-0.386827098,-0.551575349,-0.331761531,-0.677901221,-0.643321094,-0.435503008,0
RPL39,-0.615165771,-0.492346034,-0.590628237,-0.540382167,-0.511728419,-0.259985033,-0.685189175,-0.648526253,-0.306992627,0
RPL10,-0.4534013,-0.41473267,-0.559709841,-0.342945087,-0.482948832,-0.312209505,-0.68174712,-0.613608755,-0.162134374,0
UBB,-0.376039212,-0.358266536,-0.542528135,-0.374789521,-0.441169819,-0.192778393,-0.671973713,-0.617794114,-0.435511388,0
HLA-E,-0.395005651,-0.5165623,-0.506046939,-0.406650906,-0.470643144,-0.176033512,-0.682133187,-0.591537209,-0.310066545,0
ZNF331,-0.373755842,-0.38674679,-0.492930159,-0.323943533,-0.481433719,-0.285308565,-0.644343857,-0.54378542,-0.3803921,0
IFITM2,-0.291654761,-0.333017503,-0.476928955,-0.255728536,-0.487228298,-0.200685692,-0.670065315,-0.561324079,-0.120379109,0
IFITM2,-0.291654761,-0.333017503,-0.476928955,-0.255728536,-0.487228298,-0.200685692,-0.670065315,-0.561324079,-0.120379109,0
IFITM2,-0.291654761,-0.333017503,-0.476928955,-0.255728536,-0.487228298,-0.200685692,-0.670065315,-0.561324079,-0.120379109,0
IFITM2,-0.291654761,-0.333017503,-0.476928955,-0.255728536,-0.487228298,-0.200685692,-0.670065315,-0.561324079,-0.120379109,0
EIF3K,-0.275520422,-0.530054361,-0.536057096,-0.254137045,-0.407646378,-0.249786122,-0.632246274,-0.536536452,-0.040404625,0
SSR4,-0.430349383,-0.431246445,-0.59100994,-0.308617151,-0.531011063,-0.206996611,-0.706010738,-0.655635795,-0.192706073,0
CNOT6L,-0.353314673,-0.339456578,-0.461351034,-0.267081788,-0.509947347,-0.301188712,-0.617345268,-0.535911495,0.056061132,0
PPIA,-0.295583631,-0.49338391,-0.641328819,-0.333283898,-0.387050191,-0.181408728,-0.603735345,-0.526585959,-0.315821046,0
SH3BGRL3,-0.332520516,-0.359965796,-0.452510683,-0.3451298,-0.402455345,-0.20505771,-0.643752927,-0.526236042,-0.127253012,0
UQCRB,-0.273415368,-0.333161352,-0.592966554,-0.324812885,-0.379760423,-0.206038203,-0.5964235,-0.548124356,-0.207103959,0
TNFAIP3,-0.361110394,-0.33068835,-0.495057708,-0.260046635,-0.408039182,-0.153707086,-0.598951833,-0.760668991,-0.174573095,0
NOP53,-0.490365332,-0.495909401,-0.463910578,-0.252762284,-0.511225144,-0.25037815,-0.573466862,-0.531316068,-0.256350873,0
CD69,-0.289933768,-0.389433946,-0.52567591,-0.337280813,-0.375296307,-0.172761452,-0.605289963,-0.752355498,-0.20536052,0
CHCHD2,-0.284813722,-0.33300123,-0.404059792,-0.344071024,-0.440659099,-0.204149754,-0.683462722,-0.496206011,-0.280464837,0
SARAF,-0.334482705,-0.570020621,-0.420029882,-0.274595814,-0.366343028,-0.200740878,-0.566126785,-0.605520956,-0.024132282,0
MIF,-0.274619826,-0.280990174,-0.389098424,-0.272772186,-0.407878813,-0.231852809,-0.521105246,-0.562577618,-0.098109798,0
NDUFA13,-0.384364484,-0.395810273,-0.38810679,-0.241126762,-0.318886006,-0.110671683,-0.668830744,-0.465998114,-0.185919157,0
COX6A1,-0.356437089,-0.291998607,-0.635055065,-0.321582552,-0.370992983,-0.147315177,-0.619047563,-0.46717573,-0.136587855,0
SRP14,-0.42375914,-0.374998351,-0.381024798,-0.312654199,-0.34174416,-0.111766179,-0.548632517,-0.501481649,-0.288942799,0
CD7,-0.330041896,-0.292827748,-0.411997678,-0.219092084,-0.368638217,-0.144503056,-0.502573116,-0.853659513,-0.007370208,0
TRAC,-0.272140492,-0.313959621,-0.371368179,-0.211308335,-0.356522259,-0.193128923,-0.497774328,-0.421754007,0.059823896,0
ATP5F1E,-0.262708232,-0.333517902,-0.36406975,-0.277885588,-0.377842587,-0.158250865,-0.485630871,-0.433197646,-0.024303307,0
GNLY,-0.285166855,-0.380497236,-0.333602731,-0.233962342,-0.42126091,-0.221484674,-0.482567173,-0.56228079,-0.013458805,0
TMA7,-0.271253961,-0.486349565,-0.3186776,-0.22988006,-0.442356782,-0.155436988,-0.474313547,-0.491930858,-0.114923527,0
ATP5MG,-0.3072288,-0.347529194,-0.409580945,-0.251952951,-0.348084892,-0.133118122,-0.46990004,-0.554551338,-0.12048819,0
SLC25A6,-0.247870029,-0.305238248,-0.315054947,-0.26952595,-0.437809269,-0.137515794,-0.438503672,-0.433858675,0.031735345,1
TRBC1,-0.242378686,-0.346392209,-0.343073208,-0.221849226,-0.298398992,-0.08976385,-0.45212124,-0.457447306,-0.000212087,0
TRBC1,-0.242378686,-0.346392209,-0.343073208,-0.221849226,-0.298398992,-0.08976385,-0.45212124,-0.457447306,-0.000212087,0
CRIP1,-0.297866109,-0.316265941,-0.387436031,-0.23446365,-0.334208177,-0.129120296,-0.438350462,-0.448853908,0.02951526,0
COMMD6,-0.265633429,-0.484139621,-0.363939986,-0.262926913,-0.296862128,-0.196838317,-0.434775405,-0.452568038,-0.212969167,0
CST7,-0.267988071,-0.294813438,-0.423925281,-0.298442677,-0.271338968,-0.126931658,-0.395615089,-0.370386298,-0.128622009,0
COX6C,-0.256869477,-0.291356032,-0.320712648,-2.242931614,-0.363787455,-0.113776502,-0.471071534,-0.363713851,-0.041150397,1
PPP1R16B,-0.30518805,-0.275691104,-0.369864936,-0.234541801,-0.289955425,-0.095703974,-0.425422449,-0.409196621,-0.069415132,0
HSP90AB1,-0.299101568,-0.280294242,-0.30706395,-0.217335997,-0.300143255,-0.12670014,-0.392285032,-0.338087075,-0.027633801,0
SUMO2,-0.29049249,-0.338263055,-0.411359107,-0.244104005,-0.277407315,-0.162291986,-0.341003025,-0.339118185,-0.172200418,0
TLE5,-0.26685333,-0.324193713,-0.329028988,-0.307397742,-0.253890291,-0.213804114,-0.366004755,-0.284013586,0.001643311,1
NDUFA4,-0.22785233,-0.308063759,-0.30255923,-0.179668666,-0.279974318,-0.194292002,-0.37700321,-0.326409273,-0.154095314,1
ARHGDIB,-0.260878102,-0.277091019,-0.321081407,-0.19598596,-0.320898584,-0.108608434,-0.395905066,-0.324755835,-0.11073843,0
CTSW,-0.265396727,-0.400456578,-0.402178551,-0.186827911,-0.255584048,-0.097098405,-0.395761198,-0.356017556,-0.095055002,0
ITM2B,-0.395128814,-0.279875854,-0.377802652,-0.221701649,-0.402161475,-0.137982327,-0.255425945,-0.4097432,-0.00899412,0
GZMA,-0.215011651,-0.26414687,-0.419562052,-0.299272413,-0.358649592,-0.135598308,-0.302574381,-0.350722686,-0.164574063,0
ATP5MC2,-0.227021094,-0.325278767,-0.371138828,-0.199552178,-0.321245777,-0.102491041,-0.243620823,-0.238710272,-0.031017831,1
SRGN,-0.213218943,-0.28832481,-0.379952496,-0.20089471,-0.238715224,-0.131239025,-0.238237366,-0.336633556,-0.010694089,0
ATP6V1G1,-0.230626454,-0.252394528,-0.372151966,-0.278933399,-0.218904729,-0.103328019,-0.276306716,-0.292957752,-0.147929185,0
CDC42SE2,-0.278196903,-0.308761522,-0.283294464,-0.204066238,-0.300462278,-0.147278524,-0.265672184,-0.250091446,0.164129332,1
NPM1,-0.199335251,-0.230218282,-0.268213117,-0.241362653,-0.275593588,-0.148750134,-0.521506256,-0.253262804,-0.001959279,0
CORO1A,-0.223881593,-0.283608238,-0.273898042,-0.225450866,-0.385477288,-0.083001875,-0.169925001,-0.272033797,-0.094566646,0
SRSF5,-0.208383963,-0.274346341,-0.284150686,-0.165577629,-0.223590743,-0.129422226,-0.269365824,-0.272180741,-0.136355219,0
RBM39,-0.259416145,-0.232464791,-0.328282555,-0.214743753,-0.271797273,-0.141684448,-0.283661809,-0.296529801,-0.098199837,0
MYL12B,-0.246862085,-0.283481172,-0.327348505,-0.216503019,-0.208458245,-0.099971464,-0.204813227,-0.282284508,-0.057300317,0
PSME1,-0.262169081,-0.240928188,-0.266858499,-0.172753657,-0.330395188,-0.108042742,-0.267144767,-0.447164471,-0.132976804,0
GZMM,-0.241654066,-0.279675932,-0.265778745,-0.159819003,-0.197817756,-0.097525199,-0.191363597,-0.19550728,-0.080396292,0
SYTL3,-0.237371797,-0.301122332,-0.316589229,-0.155245762,-0.259526639,-0.097356571,-0.202530652,-0.139658695,-0.19342775,0
FXYD5,-0.211178907,-0.306746519,-0.324187976,-0.143360705,-0.218873155,-0.101516276,-0.135559748,-0.117493563,-0.141614138,0
CRY1,-0.246084211,-0.300924168,-0.317387295,-0.176315445,-0.262859778,-0.071867665,-0.185852275,-0.118388813,-0.036975084,0
GMFG,-0.278664754,-0.257472979,-0.314003575,-0.426814619,-0.255820741,-0.050911616,-0.176196359,-0.119768967,-0.131774885,0
DYNLT1,-0.26627908,-0.279724202,-0.263851688,-0.168612122,-0.209562099,-0.117459969,-0.18457233,-0.111576153,-0.094268149,0
DYNLT1,-0.26627908,-0.279724202,-0.263851688,-0.168612122,-0.209562099,-0.117459969,-0.18457233,-0.111576153,-0.094268149,0
DYNLT1,-0.26627908,-0.279724202,-0.263851688,-0.168612122,-0.209562099,-0.117459969,-0.18457233,-0.111576153,-0.094268149,0
DYNLT1,-0.26627908,-0.279724202,-0.263851688,-0.168612122,-0.209562099,-0.117459969,-0.18457233,-0.111576153,-0.094268149,0
EML4,-0.206711912,-0.230938687,-0.243890299,-0.190533987,-0.166860262,-0.060257653,-0.203957309,-0.225229314,-0.073124458,0
OAZ1,-0.16572797,-0.225513548,-0.223611609,-0.208018509,-0.138283848,-0.036378901,-0.131322162,-0.133671271,0.01854591,0
YWHAZ,-0.246683979,-0.264708777,-0.255523329,-0.174523518,-0.243440385,-0.030528829,-0.124746785,-0.09374286,-0.066035686,0
HNRNPA1,-0.218957002,-0.226243805,-0.275693498,-0.126554671,-0.235199754,-0.082313414,-0.105844335,-0.097566677,-0.038678144,0
CCL5,-0.202470382,-0.311334776,-0.240236612,-0.090090254,-0.19385294,-0.025946758,-0.128953852,-0.12343161,-0.115877061,0
DDX24,-0.183005349,-0.335781602,-0.186604077,-0.17688386,-0.227579572,-0.06500374,-0.089704059,-0.058077388,-0.005421972,0
RNF125,-0.361198587,-0.219916177,-0.207015907,-0.090540097,-0.276503544,-0.019829812,-0.108263994,-0.089044151,-0.041256904,0
GZMH,-0.087353199,-0.203593393,-0.277855147,-0.089809325,-0.198015345,-0.022579374,-0.109443315,-0.086217126,-0.052290954,0
SF1,-0.192174844,-0.197935629,-0.11624325,-0.172392251,-0.182364273,-0.066477258,-0.074649713,-0.104188012,0.061453833,0
NDFIP1,-0.148427015,-0.164861309,-0.206242715,-0.109340318,-0.152407319,-0.015193963,-0.073663929,-0.057401013,-0.102874079,0
KLRB1,-0.07192734,-0.111520296,-0.183097381,-0.069493834,-0.183971143,-0.029132746,-0.120305481,-0.07035349,-0.031806579,0
KLRB1,-0.07192734,-0.111520296,-0.183097381,-0.069493834,-0.183971143,-0.029132746,-0.120305481,-0.07035349,-0.031806579,0
KLRB1,-0.07192734,-0.111520296,-0.183097381,-0.069493834,-0.183971143,-0.029132746,-0.120305481,-0.07035349,-0.031806579,0
KLRB1,-0.07192734,-0.111520296,-0.183097381,-0.069493834,-0.183971143,-0.029132746,-0.120305481,-0.07035349,-0.031806579,0
YPEL5,-0.168752895,-0.207972922,-0.199972548,-0.194533102,-0.227374637,-0.029386345,-0.030810115,-0.114221179,-0.162059514,0
FGFBP2,-0.07513657,-0.159842922,-0.173965048,-0.123430553,-0.182211365,-0.029351459,0.126686677,-0.132925148,-0.075191356,0
LEPROTL1,-0.059842506,-0.200270247,-0.214599815,-0.070170642,-0.122000643,0.033539056,-0.127932458,-0.069346618,-0.076318225,0
GZMB,-0.05335565,-0.167020063,-0.190243197,-0.06589703,-0.11413856,-0.024656951,-0.061658584,-0.168968061,-0.140441422,0
GZMB,-0.05335565,-0.167020063,-0.190243197,-0.06589703,-0.11413856,-0.024656951,-0.061658584,-0.168968061,-0.140441422,0
TSC22D3,-0.109498803,-0.199786848,-0.198512272,-0.141697784,-0.131715325,-0.018968507,-0.042455628,-0.035092001,-0.047845049,0
CHD1,0.018793837,-0.075517468,-0.134375429,-0.044539991,-0.16541339,-0.006615439,-0.054357457,0.037508794,-0.083103452,0
YES1,-0.083012478,-0.140211069,-0.148007094,-0.087470095,-0.187351987,-0.032145919,-0.050157469,0.001646032,-0.108483667,0
P2RY8,-0.073905485,-0.101242469,-0.109049099,-0.071961053,-0.068199818,-0.011949679,-0.047981763,-0.043068722,-0.159707394,0
LITAF,-0.053081047,-0.121729731,-0.072290575,-0.152865443,-0.047839245,0.000607225,-0.070680811,-0.155179088,-0.022437809,0
CEMIP2,-0.023132791,-0.113296321,-0.075789982,-0.034789924,-0.078420227,-0.019136371,-0.016233027,-0.019854008,-0.089503111,0
PRF1,-0.057624224,-0.144293114,-0.059348737,-0.005017909,-0.04949572,-0.032941376,-0.053184547,-0.056300979,-0.039356195,0
CDK17,-0.021194571,-0.108106114,-0.053182622,-0.072987549,-0.061236844,-0.04797521,-0.041787785,0.004986353,-0.127121625,0
IGKC,-0.030336628,-0.088684029,-0.032788437,-0.014433703,0.003771154,0.00933394,-0.013742313,-0.034157189,-0.09282314,0
