pathway,mean_NES,std_NES,mean_ES,mean_padj,min_padj,n_celltypes,mean_size,direction_consistency,label
ABE_INNER_EAR,-1.7584595555555556,0.055359571896175054,-0.9160277666666666,0.0012915555555555553,0.00029,9,43.0,1.0,1
ACEVEDO_LIVER_TUMOR_VS_NORMAL_ADJACENT_TISSUE_UP,-1.4551293333333335,0.15222564705024802,-0.5345360666666666,0.005751421833333333,6.01e-07,6,835.0,1.0,1
ACEVEDO_METHYLATED_IN_LIVER_CANCER_DN,1.4094764285714285,0.06696699264527549,0.6212608142857142,0.007130857142857143,0.000106,7,701.0,1.0,1
ANDERSEN_LIVER_CANCER_KRT19_UP,-1.7241017777777778,0.037452179074714015,-0.932412788888889,0.005617111111111111,0.000452,9,33.0,1.0,0
BEGUM_TARGETS_OF_PAX3_FOXO1_FUSION_UP,1.51881425,0.15934610646927228,0.812331975,0.02218275,0.000431,4,58.0,1.0,0
BENPORATH_MYC_MAX_TARGETS,-1.5961364285714286,0.12174029212885543,-0.5855973142857144,9.650441142857144e-05,2.88e-09,7,742.0,1.0,1
BENPORATH_MYC_TARGETS_WITH_EBOX,-1.873049875,0.054831905199794834,-0.7676636125,2.10357375e-05,1.39e-08,8,218.0,1.0,1
BENPORATH_SUZ12_TARGETS,1.372345,0.0861763375933324,0.5612262666666666,0.009854666666666666,0.000304,3,883.0,1.0,1
BHATI_G2M_ARREST_BY_2METHOXYESTRADIOL_DN,-1.7436924999999999,0.06450998339349169,-0.764636025,0.004857625,0.000232,8,118.0,1.0,1
BHATTACHARYA_EMBRYONIC_STEM_CELL,-1.727725125,0.02678999601897004,-0.816453725,0.007277625,0.000551,8,79.0,1.0,1
BILANGES_RAPAMYCIN_SENSITIVE_VIA_TSC1_AND_TSC2,-1.8086096666666667,0.023746070722332167,-0.8680441777777778,0.0017993222222222223,2.99e-05,9,68.0,1.0,1
BILANGES_SERUM_AND_RAPAMYCIN_SENSITIVE_GENES,-2.0392463333333333,0.10246404819008477,-0.9763796444444446,2.746982222222222e-13,1.84e-16,9,68.0,1.0,1
BILANGES_SERUM_RESPONSE_TRANSLATION,-1.7556385555555556,0.07363328006090583,-0.9533166666666667,0.0009926111111111112,3.85e-05,9,32.0,1.0,1
BLANCO_MELO_BETA_INTERFERON_TREATED_BRONCHIAL_EPITHELIAL_CELLS_UP,1.383658,0.03456055103727364,0.6163809499999999,0.0411,0.0377,2,362.0,1.0,0
BONOME_OVARIAN_CANCER_SURVIVAL_SUBOPTIMAL_DEBULKING,1.4053760000000002,0.02972823765378629,0.6395865833333333,0.014938333333333333,0.00799,6,488.0,1.0,1
BOUDOUKHA_BOUND_BY_IGF2BP2,-1.751275375,0.06813582073421443,-0.7914895,0.006231625,0.000113,8,102.0,1.0,1
BROWNE_HCMV_INFECTION_14HR_DN,1.4209035,0.016343136224931488,0.69589605,0.0198775,0.00401,4,268.0,1.0,0
BROWNE_HCMV_INFECTION_20HR_DN,1.49485175,0.07029878384616618,0.7485421999999999,0.027250000000000003,0.013,4,94.0,1.0,1
BRUINS_UVC_RESPONSE_LATE,1.2969948,0.04972699434110206,0.6264347600000001,0.014988000000000001,0.00106,5,1092.0,1.0,1
BRUINS_UVC_RESPONSE_VIA_TP53_GROUP_A,1.3245475,0.02668550281519925,0.5416015000000001,0.02625,0.0155,2,821.0,1.0,1
CAIRO_HEPATOBLASTOMA_CLASSES_UP,-1.6918888571428572,0.12470543298566765,-0.6299714571428572,1.5730066428571428e-05,2.16e-10,7,599.0,1.0,1
CHAUHAN_RESPONSE_TO_METHOXYESTRADIOL_DN,-1.825374875,0.05807477743746173,-0.8258028625,0.002234028875,6.91e-07,8,101.0,1.0,1
CHICAS_RB1_TARGETS_LOW_SERUM,-1.712941625,0.08428899197563026,-0.782325275,0.0138753875,3.61e-05,8,95.0,1.0,1
CHNG_MULTIPLE_MYELOMA_HYPERPLOID_UP,-1.929313,0.10495489076860598,-0.9691874999999999,3.1603744444444444e-07,1.79e-10,9,52.0,1.0,1
CREIGHTON_ENDOCRINE_THERAPY_RESISTANCE_3,1.325441,0.01918380697359087,0.5615168500000001,0.03915,0.0299,2,700.0,1.0,1
CREIGHTON_ENDOCRINE_THERAPY_RESISTANCE_5,1.435351,0.0,0.562213,0.0116,0.0116,1,480.0,1.0,1
CUI_TCF21_TARGETS_2_DN,1.5329651111111113,0.1416470676685935,0.6903026888888889,3.002339376666667e-07,4.39e-13,9,825.0,1.0,1
DACOSTA_UV_RESPONSE_VIA_ERCC3_COMMON_DN,1.696266,0.19552753374652884,0.7803673444444444,5.452050819333333e-13,2.84e-20,9,457.0,1.0,1
DACOSTA_UV_RESPONSE_VIA_ERCC3_DN,1.7246894444444445,0.21551364238378914,0.7731581888888889,3.0461874645633336e-22,2.3600000000000002e-32,9,845.0,1.0,1
DACOSTA_UV_RESPONSE_VIA_ERCC3_TTD_DN,1.4917085,0.12887439335259743,0.795101525,0.013264999999999999,0.00127,8,84.0,1.0,1
DACOSTA_UV_RESPONSE_VIA_ERCC3_UP,-1.66516525,0.15306452276712773,-0.660740725,0.0080350802,6.6e-09,8,308.0,1.0,1
DACOSTA_UV_RESPONSE_VIA_ERCC3_XPCS_DN,1.4912285,0.09568029845719096,0.7933051875,0.0110025,0.00233,8,84.0,1.0,1
DANG_MYC_TARGETS_UP,-1.9880984444444445,0.05308955183487404,-0.8595857444444444,6.3869511111111115e-06,8.66e-09,9,128.0,1.0,1
DAVICIONI_MOLECULAR_ARMS_VS_ERMS_UP,1.4922976666666665,0.11015598509273115,0.7053903111111111,0.0020677222222222225,3.75e-05,9,322.0,1.0,1
DAZARD_RESPONSE_TO_UV_NHEK_DN,1.6032443333333335,0.14045221096960345,0.7608470888888889,4.208867777777778e-06,6.81e-09,9,295.0,1.0,1
DAZARD_RESPONSE_TO_UV_NHEK_UP,-1.9925345,0.06005672089188454,-0.8242537875,1.103066875e-07,1.05e-11,8,200.0,1.0,1
DAZARD_UV_RESPONSE_CLUSTER_G1,-1.7833138888888886,0.03844571182669287,-0.8767867222222222,0.005278666666666667,2.5e-05,9,59.0,1.0,1
DAZARD_UV_RESPONSE_CLUSTER_G6,1.5380226666666665,0.12103809677225599,0.7784617666666667,0.001274088888888889,8.1e-06,9,142.0,1.0,1
DIRMEIER_LMP1_RESPONSE_EARLY,-1.73190825,0.05119717977096008,-0.8578782625,0.008117125,0.000373,8,61.0,1.0,1
DUTERTRE_ESTRADIOL_RESPONSE_24HR_DN,1.4090897142857144,0.051762873744007815,0.6307866142857143,0.01984714285714286,0.00201,7,494.0,1.0,1
DUTERTRE_ESTRADIOL_RESPONSE_6HR_DN,1.5149375,0.15508046479274343,0.7654055,0.024894,0.000476,4,91.0,1.0,0
ENK_UV_RESPONSE_KERATINOCYTE_UP,-2.199867625,0.06400689071596122,-0.831615175,7.8943967697375e-22,4.59e-30,8,505.0,1.0,1
FARMER_BREAST_CANCER_APOCRINE_VS_LUMINAL,1.3980792000000002,0.0740751233559554,0.6986899799999999,0.013766,0.00299,5,309.0,1.0,1
FERNANDEZ_BOUND_BY_MYC,-1.6160024999999998,0.09242545053988102,-0.6843141833333334,0.02086033333333333,0.000192,6,174.0,1.0,1
FLORIO_NEOCORTEX_BASAL_RADIAL_GLIA_UP,1.4630377142857145,0.051454852514005806,0.6661052714285713,0.0071787142857142865,0.000781,7,357.0,1.0,0
FLOTHO_PEDIATRIC_ALL_THERAPY_RESPONSE_UP,-1.8258805555555557,0.06307001575255683,-0.9180696333333334,0.00030287777777777774,1.1e-05,9,52.0,1.0,1
FOSTER_TOLERANT_MACROPHAGE_DN,1.4671186666666667,0.0934293790482059,0.6239707333333334,0.009833333333333333,0.00129,3,405.0,1.0,1
FULCHER_INFLAMMATORY_RESPONSE_LECTIN_VS_LPS_DN,1.39117975,0.04276264409797412,0.6350389,0.02475,0.0119,4,444.0,1.0,1
GABRIELY_MIR21_TARGETS,1.583693,0.14741142284860423,0.7531483222222222,7.22226481111111e-05,8.33e-10,9,287.0,1.0,1
GENTILE_UV_LOW_DOSE_DN,1.492683,0.11362228054894362,0.8227782375,0.01619125,0.00184,8,62.0,1.0,1
GEORGES_TARGETS_OF_MIR192_AND_MIR215,1.3613419999999998,0.06887006201173335,0.6153060555555556,0.006964111111111111,0.000427,9,871.0,1.0,1
GOBERT_OLIGODENDROCYTE_DIFFERENTIATION_DN,1.3686835555555554,0.06794601253037427,0.6157354333333334,0.0014693333333333336,0.000158,9,1048.0,1.0,1
GOBP_AMIDE_BIOSYNTHETIC_PROCESS,-2.1290097142857145,0.08044802910308901,-0.7831453714285714,1.151102574308857e-23,1.6200000000000002e-33,7,757.0,1.0,0
GOBP_ANTIBACTERIAL_HUMORAL_RESPONSE,-1.7262175714285715,0.06060519790099732,-0.9217878714285714,0.015947914285714286,4.54e-05,7,35.0,1.0,0
GOBP_APPENDAGE_DEVELOPMENT,1.4895062,0.049949675981932076,0.74726108,0.014062,0.00146,5,147.0,1.0,0
GOBP_APPENDAGE_MORPHOGENESIS,1.46329575,0.08615484141697058,0.75278935,0.0329,0.0207,4,118.0,1.0,0
GOBP_ATP_SYNTHESIS_COUPLED_ELECTRON_TRANSPORT,-1.900700375,0.06805416040801096,-0.869540925,0.0002298475,1.51e-06,8,95.0,1.0,0
GOBP_BIOLOGICAL_PROCESS_INVOLVED_IN_SYMBIOTIC_INTERACTION,-2.000607666666667,0.06733821168301601,-0.7323180166666666,9.3518334395e-22,6.37e-29,6,963.0,1.0,0
GOBP_CELLULAR_COMPONENT_MORPHOGENESIS,1.405308,0.0,0.5122129,0.00944,0.00944,1,730.0,1.0,0
GOBP_CELLULAR_LIPID_METABOLIC_PROCESS,1.276146,0.0,0.6359594,0.037,0.037,1,988.0,1.0,0
GOBP_CELLULAR_PROTEIN_CONTAINING_COMPLEX_ASSEMBLY,-1.5122133333333334,0.1534421048495708,-0.5522032666666666,0.00025000472166666665,1.03e-09,6,971.0,1.0,0
GOBP_CELL_MORPHOGENESIS,1.3024285,0.06937244994232224,0.560838025,0.03135,0.0124,4,959.0,1.0,0
GOBP_CELL_PROJECTION_ORGANIZATION,1.2663698,0.05194429450093636,0.54840146,0.026070000000000003,0.00935,5,1500.0,1.0,0
GOBP_CHEMICAL_SYNAPTIC_TRANSMISSION_POSTSYNAPTIC,1.449391,0.0,0.7988779,0.012,0.012,1,97.0,1.0,0
GOBP_CIRCULATORY_SYSTEM_DEVELOPMENT,1.315907,0.0,0.4700997,0.0458,0.0458,1,974.0,1.0,0
GOBP_COTRANSLATIONAL_PROTEIN_TARGETING_TO_MEMBRANE,-2.212025111111111,0.11709232533715053,-0.9815518111111111,4.267515344444445e-22,7.21e-27,9,103.0,1.0,0
GOBP_CYTOPLASMIC_TRANSLATION,-2.0514864444444445,0.0656031649714995,-0.9196860666666667,1.7270299999999998e-08,1.67e-11,9,99.0,1.0,0
GOBP_DEVELOPMENTAL_GROWTH,1.4178256666666667,0.07367423283844457,0.6174707333333332,0.02111,0.00263,3,549.0,1.0,0
GOBP_EMBRYONIC_SKELETAL_SYSTEM_DEVELOPMENT,1.407525,0.0,0.7684652,0.0293,0.0293,1,105.0,1.0,0
GOBP_ESTABLISHMENT_OF_PROTEIN_LOCALIZATION_TO_ENDOPLASMIC_RETICULUM,-2.218813,0.09619277063792267,-0.9697394777777778,2.843320577777778e-19,2.6699999999999998e-24,9,117.0,1.0,0
GOBP_ESTABLISHMENT_OF_PROTEIN_LOCALIZATION_TO_MEMBRANE,-2.26254425,0.060579292526996585,-0.8787584125,2.738115647425e-19,8.27e-27,8,340.0,1.0,0
GOBP_ESTABLISHMENT_OF_PROTEIN_LOCALIZATION_TO_ORGANELLE,-2.1394284285714287,0.06540874148984756,-0.8023561571428571,9.183299904285715e-20,1.33e-26,7,560.0,1.0,0
GOBP_GLOMERULUS_MORPHOGENESIS,1.429383,0.015941015275069532,0.9944033,0.013654999999999999,0.00761,2,7.0,1.0,0
GOBP_GLYCEROLIPID_BIOSYNTHETIC_PROCESS,1.4595384,0.02367689892701318,0.6912879399999999,0.016110000000000003,0.00145,5,256.0,1.0,0
GOBP_GLYCEROLIPID_METABOLIC_PROCESS,1.4019353333333333,0.016682904253556417,0.6696943333333333,0.022996666666666665,0.00879,3,405.0,1.0,0
GOBP_GLYCEROPHOSPHOLIPID_METABOLIC_PROCESS,1.4238656666666667,0.026524246649685022,0.6490790666666667,0.03763333333333333,0.0253,3,333.0,1.0,0
GOBP_HEART_DEVELOPMENT,1.461471857142857,0.07396226624756841,0.6494823714285715,0.010641571428571429,0.000121,7,492.0,1.0,0
GOBP_HEART_GROWTH,1.424849,0.0,0.7805359,0.0318,0.0318,1,79.0,1.0,0
GOBP_KIDNEY_EPITHELIUM_DEVELOPMENT,1.5269486666666667,0.12373155891822145,0.7226237666666666,0.03766666666666667,0.0284,3,117.0,1.0,0
GOBP_LIPID_METABOLIC_PROCESS,1.293187,0.030414380030943662,0.604014175,0.02485,0.0205,4,1331.0,1.0,0
GOBP_MATURATION_OF_SSU_RRNA,-1.6818434,0.06476559622052444,-0.85701362,0.034460000000000005,0.0258,5,50.0,1.0,0
GOBP_MATURATION_OF_SSU_RRNA_FROM_TRICISTRONIC_RRNA_TRANSCRIPT_SSU_RRNA_5_8S_RRNA_LSU_RRNA,-1.75238,0.0043444640636100965,-0.89922275,0.012245,0.00619,2,37.0,1.0,0
GOBP_MELANOCYTE_DIFFERENTIATION,1.499596,0.0,0.9431378,0.00986,0.00986,1,23.0,1.0,0
GOBP_MRNA_METABOLIC_PROCESS,-2.0535131428571427,0.05976121096895697,-0.7501715142857143,5.6208214474285715e-21,1.3199999999999999e-28,7,827.0,1.0,0
GOBP_MUSCLE_CELL_DEVELOPMENT,1.5067758,0.08243258832039674,0.735211,0.02087,0.00438,5,145.0,1.0,0
GOBP_MUSCLE_TISSUE_DEVELOPMENT,1.393315,0.0,0.688744,0.0304,0.0304,1,325.0,1.0,0
GOBP_MYOTUBE_DIFFERENTIATION,1.448896,0.0,0.7989631,0.00532,0.00532,1,99.0,1.0,0
GOBP_NCRNA_METABOLIC_PROCESS,-1.6142315,0.11255819688118172,-0.6121440125000001,0.002184475,4.2e-06,8,453.0,1.0,0
GOBP_NCRNA_PROCESSING,-1.684687125,0.0811163996549535,-0.6479500625,0.0006990412499999999,2.13e-06,8,378.0,1.0,0
GOBP_NEGATIVE_REGULATION_OF_GENE_EXPRESSION,-2.005319,0.07848956725578249,-0.727248625,2.0714755013475003e-20,5.390000000000001e-29,4,1079.0,1.0,0
GOBP_NEGATIVE_REGULATION_OF_UBIQUITIN_PROTEIN_LIGASE_ACTIVITY,-1.503386,0.0,-0.988812,0.0233,0.0233,1,9.0,1.0,0
GOBP_NEPHRON_DEVELOPMENT,1.617755,0.00040163665171388964,0.7105607,0.01815,0.0166,2,124.0,1.0,0
GOBP_NEPHRON_EPITHELIUM_DEVELOPMENT,1.617296,0.0,0.7529469,0.0351,0.0351,1,93.0,1.0,0
GOBP_NEUROGENESIS,1.263588,0.11740235309396484,0.55113295,0.0097,0.0039,2,1506.0,1.0,0
GOBP_NEURON_DEVELOPMENT,1.345501,0.0,0.4778219,0.0164,0.0164,1,1055.0,1.0,0
GOBP_NEURON_DIFFERENTIATION,1.355441,0.0,0.4771332,0.0049,0.0049,1,1268.0,1.0,0
GOBP_NUCLEAR_TRANSCRIBED_MRNA_CATABOLIC_PROCESS,-2.211061222222222,0.049080009723353225,-0.9063683333333334,3.314700079444444e-17,7.15e-24,9,206.0,1.0,0
GOBP_NUCLEAR_TRANSCRIBED_MRNA_CATABOLIC_PROCESS_NONSENSE_MEDIATED_DECAY,-2.218783222222222,0.10024851440018678,-0.9662198777777777,6.302556201111112e-20,5.810000000000001e-26,9,120.0,1.0,0
GOBP_ORGANIC_CYCLIC_COMPOUND_CATABOLIC_PROCESS,-2.1702684285714287,0.05934413570538397,-0.8052019571428571,1.7742641466571432e-22,2.6599999999999998e-30,7,620.0,1.0,0
GOBP_ORGAN_GROWTH,1.427336,0.0399656752726636,0.7459783,0.0259,0.0217,2,139.0,1.0,0
GOBP_OXIDATIVE_PHOSPHORYLATION,-1.963812125,0.09403926928900878,-0.845025025,5.0771003625000005e-05,7.29e-10,8,140.0,1.0,0
GOBP_PARAXIAL_MESODERM_FORMATION,1.4114550000000001,0.004860652013876282,0.9925446,0.009295000000000001,0.00719,2,7.0,1.0,0
GOBP_PATTERN_SPECIFICATION_PROCESS,1.4544808,0.10176561129723534,0.6688329,0.0178046,0.000423,5,366.0,1.0,0
GOBP_PEPTIDE_BIOSYNTHETIC_PROCESS,-2.1998167142857143,0.06931261581346318,-0.8158198428571428,3.7945860026285713e-25,1.84e-33,7,623.0,1.0,0
GOBP_PEPTIDE_METABOLIC_PROCESS,-2.1371127142857143,0.07831498073956274,-0.7828924428571428,8.665057542949286e-24,6.45e-34,7,768.0,1.0,0
GOBP_PEPTIDYL_AMINO_ACID_MODIFICATION,1.2850535,0.06791214963711076,0.612490225,0.0259,0.0168,4,1202.0,1.0,0
GOBP_PHOSPHOLIPID_BIOSYNTHETIC_PROCESS,1.43866875,0.010564587588574741,0.706637875,0.016875,0.0151,4,263.0,1.0,0
GOBP_POSITIVE_REGULATION_OF_GTPASE_ACTIVITY,1.4990468333333336,0.12921462684451276,0.6779965166666666,0.011081466666666666,4.48e-05,6,384.0,1.0,0
GOBP_POSITIVE_REGULATION_OF_INSULIN_LIKE_GROWTH_FACTOR_RECEPTOR_SIGNALING_PATHWAY,1.536558,0.0,0.9560052,0.0332,0.0332,1,13.0,1.0,0
GOBP_POSTTRANSCRIPTIONAL_REGULATION_OF_GENE_EXPRESSION,-1.516106,0.14137121581283796,-0.56592445,0.006758408333333334,2.05e-06,6,598.0,1.0,0
GOBP_PROTEIN_LOCALIZATION_TO_ENDOPLASMIC_RETICULUM,-2.2363566666666665,0.08378447007650049,-0.9502692111111111,7.823291735555556e-17,1.34e-23,9,144.0,1.0,0
GOBP_PROTEIN_LOCALIZATION_TO_MEMBRANE,-2.1219924285714287,0.07359844349091699,-0.7928874714285714,3.206374185857143e-21,3.0099999999999997e-28,7,644.0,1.0,0
GOBP_PROTEIN_LOCALIZATION_TO_ORGANELLE,-1.9339586666666666,0.07643069482784166,-0.7061090166666667,7.5790224e-18,4.399999999999999e-24,6,977.0,1.0,0
GOBP_PROTEIN_TARGETING,-2.2108745,0.06868633505394534,-0.843267425,1.2312748638759586e-17,7.67e-29,8,426.0,1.0,0
GOBP_PROTEIN_TARGETING_TO_MEMBRANE,-2.2700577777777777,0.05390278689636039,-0.9323280111111111,1.4112563738e-18,4.09e-26,9,199.0,1.0,0
GOBP_PROTEOGLYCAN_BIOSYNTHETIC_PROCESS,1.432421,0.0,0.829669,0.0499,0.0499,1,60.0,1.0,0
GOBP_REGIONALIZATION,1.4943155,0.11576681510908057,0.65597835,0.025525,0.00605,2,275.0,1.0,0
GOBP_REGULATION_OF_GTPASE_ACTIVITY,1.4484794444444444,0.12240430705975093,0.6682583222222223,0.013302555555555555,8.17e-05,9,457.0,1.0,0
GOBP_REGULATION_OF_HYDROLASE_ACTIVITY,1.17849,0.0,0.6330731,0.0447,0.0447,1,1188.0,1.0,0
GOBP_REGULATION_OF_POSTSYNAPTIC_CYTOSOLIC_CALCIUM_ION_CONCENTRATION,1.511821,0.0,0.9704913,0.0278,0.0278,1,10.0,1.0,0
GOBP_REGULATION_OF_POSTSYNAPTIC_MEMBRANE_POTENTIAL,1.4369515000000002,0.005817367488821636,0.7780898,0.01963,0.00706,2,126.0,1.0,0
GOBP_REGULATION_OF_SIGNALING_RECEPTOR_ACTIVITY,1.5116764,0.11015834529576043,0.7425685200000001,0.0050144000000000005,0.000792,5,174.0,1.0,0
GOBP_REGULATION_OF_SMALL_GTPASE_MEDIATED_SIGNAL_TRANSDUCTION,1.4580796666666667,0.050673352329733745,0.6646422666666667,0.014416666666666666,0.00255,3,312.0,1.0,0
GOBP_REGULATION_OF_SYNAPTIC_TRANSMISSION_GLUTAMATERGIC,1.5247060000000001,0.13335776751655687,0.8311788999999999,0.016733333333333333,0.0126,3,63.0,1.0,0
GOBP_RESPIRATORY_ELECTRON_TRANSPORT_CHAIN,-1.801968,0.09681542636820414,-0.802873525,0.0056973499999999995,1.38e-05,8,112.0,1.0,0
GOBP_RIBONUCLEOPROTEIN_COMPLEX_BIOGENESIS,-1.9145786249999999,0.06477195048991381,-0.729720275,2.0948063750000003e-08,2.21e-12,8,434.0,1.0,0
GOBP_RIBONUCLEOPROTEIN_COMPLEX_SUBUNIT_ORGANIZATION,-1.799814777777778,0.12447847910962136,-0.7411147888888888,0.0014030633333333336,1.57e-06,9,198.0,1.0,0
GOBP_RIBOSOMAL_LARGE_SUBUNIT_ASSEMBLY,-1.7042533333333332,0.03700888544660591,-0.9451895555555555,0.01615,0.0033,9,26.0,1.0,0
GOBP_RIBOSOMAL_LARGE_SUBUNIT_BIOGENESIS,-1.8731914444444446,0.059516383473609845,-0.8910630777777777,0.00020382222222222222,3.45e-05,9,70.0,1.0,0
GOBP_RIBOSOMAL_SMALL_SUBUNIT_ASSEMBLY,-1.6745737142857142,0.04978815900296735,-0.9635635285714287,0.02425142857142857,0.00886,7,19.0,1.0,0
GOBP_RIBOSOMAL_SMALL_SUBUNIT_BIOGENESIS,-1.891092,0.04758337034353497,-0.8958375888888889,9.187444444444444e-05,5.47e-06,9,73.0,1.0,0
GOBP_RIBOSOME_ASSEMBLY,-1.856399888888889,0.06874151134948302,-0.9142732444444444,9.202222222222221e-05,1.81e-05,9,59.0,1.0,0
GOBP_RIBOSOME_BIOGENESIS,-1.97936775,0.0364855588056034,-0.781878675,2.4322825000000003e-08,2.96e-11,8,297.0,1.0,0
GOBP_RNA_CATABOLIC_PROCESS,-2.21959075,0.05527722141494763,-0.8471510625,3.325658128075e-20,2.46e-28,8,407.0,1.0,0
GOBP_RRNA_METABOLIC_PROCESS,-1.8813405555555558,0.08727175151231795,-0.7617411111111111,1.1518755555555555e-05,1.88e-08,9,232.0,1.0,0
GOBP_SKELETAL_SYSTEM_MORPHOGENESIS,1.4885755,0.0814438519502853,0.68947515,0.04125,0.0381,2,189.0,1.0,0
GOBP_SMALL_GTPASE_MEDIATED_SIGNAL_TRANSDUCTION,1.4363094,0.05257258024198547,0.62498618,0.014509999999999999,0.00146,5,491.0,1.0,0
GOBP_STRIATED_MUSCLE_CELL_DEVELOPMENT,1.4271045,0.06006082445044079,0.797425575,0.02238,0.00344,4,93.0,1.0,0
GOBP_STRIATED_MUSCLE_CELL_DIFFERENTIATION,1.44965675,0.0366233798947703,0.668298675,0.035725,0.011,4,236.0,1.0,0
GOBP_STRIATED_MUSCLE_CELL_PROLIFERATION,1.5073914,0.11173112172219525,0.8356443800000001,0.021172000000000003,0.0032,5,58.0,1.0,0
GOBP_SYNAPTIC_TRANSMISSION_GLUTAMATERGIC,1.5485785,0.14500568051114407,0.7971255500000001,0.0238,0.0176,2,84.0,1.0,0
GOBP_TRANSLATIONAL_ELONGATION,-1.67877675,0.0942651232265501,-0.742841125,0.0212615,0.000246,4,132.0,1.0,0
GOBP_TRANSLATIONAL_INITIATION,-2.266366111111111,0.05626062742150243,-0.9368791444444445,4.544833333333333e-22,8.899999999999999e-25,9,189.0,1.0,0
GOBP_VASOCONSTRICTION,1.662411,0.0,0.8060658,0.011,0.011,1,68.0,1.0,0
GOBP_VIRAL_GENE_EXPRESSION,-2.2524632222222225,0.0550834498801088,-0.9254098333333334,5.481398e-20,7.52e-24,9,198.0,1.0,0
GOCC_ANCHORING_JUNCTION,-1.7379327142857142,0.08245648112734846,-0.6346958142857143,1.1614230000000001e-08,3.61e-12,7,807.0,1.0,0
GOCC_BLOOD_MICROPARTICLE,-1.848453,0.1282237845604318,-0.8286156,0.0011887093333333334,1.28e-07,3,124.0,1.0,0
GOCC_CELL_SUBSTRATE_JUNCTION,-1.89672275,0.11069047979936794,-0.7217946749999999,1.0980389627500002e-05,6.12e-12,8,420.0,1.0,0
GOCC_CHROMATIN,1.3295305000000002,0.0372015948650055,0.61163675,0.031,0.0227,2,979.0,1.0,0
GOCC_CHROMOSOME,1.2991128333333333,0.050915716679299165,0.6110278666666666,0.006431,0.000176,6,1527.0,1.0,0
GOCC_CYTOCHROME_COMPLEX,-1.7070771666666669,0.04904720216043597,-0.92928695,0.013113333333333333,0.00298,6,31.0,1.0,0
GOCC_CYTOSOLIC_LARGE_RIBOSOMAL_SUBUNIT,-1.9885195555555555,0.10357835534284068,-0.9913840777777777,6.522388888888889e-16,1.35e-18,9,54.0,1.0,0
GOCC_CYTOSOLIC_RIBOSOME,-2.216349222222222,0.10818247371198564,-0.9836561666666667,1.3672656324666669e-21,3.12e-29,9,103.0,1.0,0
GOCC_CYTOSOLIC_SMALL_RIBOSOMAL_SUBUNIT,-1.8927474444444445,0.07699375498232161,-0.9743548666666667,5.3776018444444444e-06,9.86e-11,9,45.0,1.0,0
GOCC_GOLGI_APPARATUS,1.196543,0.0,0.6428845,0.00231,0.00231,1,1539.0,1.0,0
GOCC_IMMUNOGLOBULIN_COMPLEX,-1.8414662499999999,0.16629029300267853,-0.8158871,0.0074385012925,5.17e-09,4,123.0,1.0,0
GOCC_IMMUNOGLOBULIN_COMPLEX_CIRCULATING,-1.7493504000000002,0.0991714242803843,-0.8562128,0.016816003660000002,1.83e-08,5,64.0,1.0,0
GOCC_INNER_MITOCHONDRIAL_MEMBRANE_PROTEIN_COMPLEX,-1.7863691428571429,0.10198251959270366,-0.7675528714285714,0.005834311428571429,4.18e-06,7,138.0,1.0,0
GOCC_LARGE_RIBOSOMAL_SUBUNIT,-2.173157111111111,0.10573839346169898,-0.9549124999999999,3.116040466666667e-13,2.37e-18,9,112.0,1.0,0
GOCC_MITOCHONDRIAL_PROTEIN_CONTAINING_COMPLEX,-1.6955570000000002,0.13692904847766962,-0.6808910857142857,0.005358177857142857,3.65e-07,7,260.0,1.0,0
GOCC_NEURON_TO_NEURON_SYNAPSE,-1.5571854,0.0424292442874015,-0.609324,0.010864,0.00189,5,336.0,1.0,0
GOCC_NUCLEOLUS,-1.4319369999999998,0.15577603653835856,-0.5234557666666667,0.004852181499999999,5.89e-07,6,915.0,1.0,0
GOCC_POLYSOMAL_RIBOSOME,-1.7878453333333333,0.06681512470803294,-0.9696536111111111,0.00015858288888888887,6.46e-07,9,31.0,1.0,0
GOCC_POLYSOME,-1.888975,0.057568033810006025,-0.9117994,4.9174111111111116e-05,3.97e-07,9,66.0,1.0,0
GOCC_RESPIRASOME,-1.903697375,0.07166435319686482,-0.8678900875,0.0002432205,5.04e-07,8,97.0,1.0,0
GOCC_RESPIRATORY_CHAIN_COMPLEX,-1.920762375,0.0696203095838678,-0.9003993875,4.0112500000000006e-05,1.06e-06,8,82.0,1.0,0
GOCC_RESPIRATORY_CHAIN_COMPLEX_IV,-1.681100125,0.041606239145581134,-0.9705863,0.0122625,0.0025,8,19.0,1.0,0
GOCC_RIBONUCLEOPROTEIN_COMPLEX,-2.1665275714285714,0.052790941353156366,-0.8066319142857142,2.8116331899999997e-25,2.3300000000000002e-31,7,668.0,1.0,0
GOCC_RIBOSOMAL_SUBUNIT,-2.3025450000000003,0.07157023548235668,-0.9527513222222223,2.773764235555556e-23,3.12e-29,9,183.0,1.0,0
GOCC_RIBOSOME,-2.2997865555555554,0.06634076542577558,-0.9339563888888889,4.50407109888889e-22,3.43e-28,9,219.0,1.0,0
GOCC_SMALL_RIBOSOMAL_SUBUNIT,-1.9996306666666668,0.05908513604748659,-0.9468431,1.6695158888888888e-07,1.83e-11,9,73.0,1.0,0
GOCC_SYNAPTIC_MEMBRANE,1.4778423333333333,0.0729139263401262,0.6336559333333333,0.019943333333333334,0.00983,3,354.0,1.0,0
GOMF_ADENYL_NUCLEOTIDE_BINDING,1.348120875,0.04742753585188822,0.5881894125,0.002072625,0.000119,8,1484.0,1.0,0
GOMF_ANTIGEN_BINDING,-1.9507235,0.06290228934095592,-0.841274575,2.20247825e-05,1.13e-09,4,145.0,1.0,0
GOMF_CIS_REGULATORY_REGION_SEQUENCE_SPECIFIC_DNA_BINDING,1.3607037499999999,0.056072692649066426,0.5894616500000001,0.0177475,0.00177,4,1077.0,1.0,0
GOMF_CO_RECEPTOR_BINDING,1.435843,0.0,0.9679152,0.0492,0.0492,1,12.0,1.0,0
GOMF_DNA_BINDING_TRANSCRIPTION_FACTOR_ACTIVITY,1.3386021666666668,0.05552816147295598,0.5895471666666666,0.011148,0.000589,6,1266.0,1.0,0
GOMF_GTPASE_ACTIVATOR_ACTIVITY,1.5295518571428572,0.12406548772110713,0.7157793428571428,0.007736085714285715,7.16e-05,7,262.0,1.0,0
GOMF_IMMUNOGLOBULIN_RECEPTOR_BINDING,-1.7651645,0.08222543282342754,-0.8661161500000001,0.006115055499999999,2.22e-07,4,66.0,1.0,0
GOMF_KINASE_ACTIVITY,1.508258125,0.09925280081033698,0.6685473875,8.91375e-05,1.4e-06,8,707.0,1.0,0
GOMF_METAL_ION_TRANSMEMBRANE_TRANSPORTER_ACTIVITY,1.4632889999999998,0.09203136488719488,0.6104746666666666,0.029383333333333334,0.00285,3,409.0,1.0,0
GOMF_MRNA_5_UTR_BINDING,-1.6643713333333334,0.06147592192341108,-0.9329784333333334,0.0351,0.0203,3,25.0,1.0,0
GOMF_MRNA_BINDING,-1.652505375,0.0763848902073056,-0.6610372125,0.00197205,6.64e-05,8,279.0,1.0,0
GOMF_NUCLEOSIDE_TRIPHOSPHATASE_REGULATOR_ACTIVITY,1.48977275,0.10853562114002023,0.64418615,0.00948625,0.000315,4,494.0,1.0,0
GOMF_PROTEIN_KINASE_ACTIVITY,1.512007,0.1092588111386381,0.6770016625,0.0008850450000000001,1.76e-06,8,550.0,1.0,0
GOMF_PROTEIN_SERINE_KINASE_ACTIVITY,1.5231502857142856,0.07861481617505757,0.7187465,0.002753285714285714,0.00044,7,242.0,1.0,0
GOMF_PROTEIN_SERINE_THREONINE_KINASE_ACTIVITY,1.510848,0.09399743467320187,0.68732505,0.0015784125,5.53e-05,8,421.0,1.0,0
GOMF_RIBONUCLEOTIDE_BINDING,1.2929748571428572,0.0648591697023342,0.5832639285714285,0.007526000000000001,0.000258,7,1824.0,1.0,0
GOMF_RRNA_BINDING,-1.9172725555555554,0.06471365038404013,-0.9329679777777778,7.007333333333333e-06,2.32e-07,9,63.0,1.0,0
GOMF_STRUCTURAL_CONSTITUENT_OF_RIBOSOME,-2.2884262222222223,0.09039862377102,-0.9626947888888888,1.7000566292444443e-21,9.02e-29,9,158.0,1.0,0
GOMF_STRUCTURAL_MOLECULE_ACTIVITY,-2.287092857142857,0.06587819367951883,-0.8514803428571429,2.737739945142857e-31,1.96e-38,7,610.0,1.0,0
GOMF_TRANSCRIPTION_REGULATOR_ACTIVITY,1.2941684285714286,0.0631596843744941,0.5839156142857143,0.004852142857142856,0.000195,7,1727.0,1.0,0
GOMF_TRANSFERASE_ACTIVITY_TRANSFERRING_PHOSPHORUS_CONTAINING_GROUPS,1.474639125,0.07906722198671477,0.6510731125,0.00015090875,3.08e-06,8,848.0,1.0,0
GOMF_TRANSLATION_REGULATOR_ACTIVITY,-1.7163123333333334,0.054275666844974625,-0.75691775,0.009118833333333335,0.000353,6,131.0,1.0,0
GOMF_UBIQUITIN_LIGASE_INHIBITOR_ACTIVITY,-1.4962043333333332,0.0620417666280815,-0.9970799666666667,0.02306666666666667,0.0158,3,5.0,1.0,0
GOZGIT_ESR1_TARGETS_DN,1.3329068,0.07143305916170745,0.59006648,0.02597,0.00248,5,731.0,1.0,1
GRAESSMANN_APOPTOSIS_BY_DOXORUBICIN_DN,1.334197222222222,0.045785344980074624,0.5950179222222222,0.00037795557833333334,2.05e-10,9,1733.0,1.0,1
GRUETZMANN_PANCREATIC_CANCER_DN,-1.592466875,0.07402727180754302,-0.666151475,0.01492625,0.00108,8,189.0,1.0,1
GRYDER_PAX3FOXO1_ENHANCERS_IN_TADS,1.2588107499999999,0.05037369232297743,0.5893435,0.034875,0.0253,4,990.0,1.0,1
HALLMARK_MITOTIC_SPINDLE,1.3933021666666665,0.04920296969255681,0.7157768333333333,0.012671666666666666,0.00152,6,199.0,1.0,1
HALLMARK_MYC_TARGETS_V1,-1.96446525,0.08028824576620344,-0.808718375,8.1308391125e-07,3.68e-12,8,196.0,1.0,1
HALLMARK_OXIDATIVE_PHOSPHORYLATION,-1.6961099999999998,0.16033591340890116,-0.7001350571428571,0.006381763901428571,7.31e-09,7,200.0,1.0,1
HALLMARK_UV_RESPONSE_DN,1.4654482857142859,0.10952452043220622,0.7345012428571429,0.012897714285714287,0.000333,7,140.0,1.0,1
HAMAI_APOPTOSIS_VIA_TRAIL_UP,1.5416006666666666,0.09634341449211771,0.7018248777777778,1.6496214555572e-05,1.48e-16,9,647.0,1.0,1
HILLION_HMGA1B_TARGETS,-1.877549,0.07451875536735703,-0.8656628555555556,0.0026064134444444445,2.91e-07,9,83.0,1.0,1
HILLION_HMGA1_TARGETS,-1.9031822222222223,0.04270466767455807,-0.8823442222222222,0.001181885888888889,2.28e-07,9,81.0,1.0,1
HOELZEL_NF1_TARGETS_DN,1.52604075,0.09986102469390484,0.756667325,0.014294999999999999,0.00516,4,109.0,1.0,0
HOLLEMAN_ASPARAGINASE_RESISTANCE_B_ALL_UP,-1.7092301111111112,0.05338587403387824,-0.9493147777777777,0.0056689999999999996,0.000272,9,27.0,1.0,1
HORIUCHI_WTAP_TARGETS_UP,1.444097,0.0,0.5707837,0.0385,0.0385,1,291.0,1.0,1
HP_ABNORMALITY_OF_FLUID_REGULATION,-1.4755798,0.0795185371545529,-0.55882556,0.0110954,0.000867,5,542.0,1.0,0
HP_ABNORMALITY_OF_NEUTROPHILS,-1.6227297142857142,0.0672939004707813,-0.6604032999999999,0.007838714285714286,0.000391,7,248.0,1.0,0
HP_ABNORMALITY_OF_THE_CEREBRAL_VENTRICLES,1.34335725,0.08168761451356418,0.646679375,0.017705,0.00702,4,763.0,1.0,0
HP_ABNORMALITY_OF_THE_CERVICAL_SPINE,-1.48156875,0.05010751389013429,-0.576266625,0.0302575,0.00873,4,356.0,1.0,0
HP_ABNORMALITY_OF_THE_FRONTAL_HAIRLINE,-1.621248,0.06832014144696523,-0.6874086285714286,0.02536,0.00212,7,147.0,1.0,0
HP_ABNORMALITY_OF_THE_HAIRLINE,-1.575504142857143,0.08046416570422008,-0.6421126714285714,0.018874285714285715,0.00262,7,212.0,1.0,0
HP_ABNORMALITY_OF_THE_METACARPAL_BONES,1.481984142857143,0.09539077447955605,0.7398707571428572,0.010728857142857142,0.000812,7,183.0,1.0,0
HP_ABNORMALITY_OF_THE_MUSCULATURE_OF_THE_HAND,-1.8753108888888887,0.056389561971708135,-0.8612944555555555,0.0007160143333333333,2.29e-07,9,86.0,1.0,0
HP_ABNORMALITY_OF_THE_MUSCULATURE_OF_THE_UPPER_LIMBS,-1.7147471111111112,0.1127410132343643,-0.7086983777777778,0.004434155555555555,1.4e-06,9,195.0,1.0,0
HP_ABNORMALITY_OF_THE_NASAL_ALAE,1.4174541428571428,0.07392894921348148,0.6380708714285713,0.005064285714285715,0.00101,7,594.0,1.0,0
HP_ABNORMALITY_OF_THE_THENAR_EMINENCE,-1.7765646666666666,0.06436482966069282,-0.9816427888888888,3.4817555555555554e-05,1.18e-07,9,28.0,1.0,0
HP_ABNORMALITY_OF_THE_URETHRA,-1.5367554285714284,0.06750398801764017,-0.597621,0.014405714285714286,0.0028,7,353.0,1.0,0
HP_ABNORMAL_AORTIC_MORPHOLOGY,-1.5560612857142857,0.08271003477755745,-0.6166711285714286,0.015151,0.000757,7,305.0,1.0,0
HP_ABNORMAL_CARDIAC_ATRIUM_MORPHOLOGY,-1.5045746666666666,0.030501937009530012,-0.5775792000000001,0.01763333333333333,0.0124,3,410.0,1.0,0
HP_ABNORMAL_CARDIAC_VENTRICLE_MORPHOLOGY,-1.462897,0.0638493193980954,-0.5516331,0.017063333333333333,0.00177,6,528.0,1.0,0
HP_ABNORMAL_ENZYME_COENZYME_ACTIVITY,-1.552865,0.08580132933036146,-0.5922152625,0.0044215,0.000341,8,439.0,1.0,0
HP_ABNORMAL_ERYTHROCYTE_ENZYME_LEVEL,-1.780761111111111,0.06244772262549776,-0.9768964333333332,0.000118579,4.71e-07,9,29.0,1.0,0
HP_ABNORMAL_ERYTHROCYTE_MORPHOLOGY,-1.4709426666666667,0.08635059972383897,-0.5545246166666666,0.009000333333333334,0.000332,6,558.0,1.0,0
HP_ABNORMAL_HAIR_PATTERN,-1.55389125,0.0622594531691105,-0.621254175,0.0178625,0.00423,4,281.0,1.0,0
HP_ABNORMAL_HAND_MORPHOLOGY,-1.5442978333333333,0.05215865886855857,-0.6028240166666666,0.01398,0.00211,6,358.0,1.0,0
HP_ABNORMAL_HEMOGLOBIN,-1.8357335555555556,0.061266819762231736,-0.9231102333333333,0.0006130411111111111,4.27e-06,9,52.0,1.0,0
HP_ABNORMAL_LARGE_INTESTINE_MORPHOLOGY,-1.5824734285714286,0.08524494299342557,-0.6430156285714286,0.016185714285714286,0.00193,7,232.0,1.0,0
HP_ABNORMAL_LOCALIZATION_OF_KIDNEY,-1.7491973333333333,0.05398798915962704,-0.7361421444444445,0.0034073333333333334,0.000186,9,160.0,1.0,0
HP_ABNORMAL_MEAN_CORPUSCULAR_VOLUME,-1.8018447777777777,0.08116961916840836,-0.9111265666666666,0.0029773666666666667,5.53e-05,9,49.0,1.0,0
HP_ABNORMAL_METACARPAL_MORPHOLOGY,1.4831823333333334,0.06163695750332477,0.7464667333333334,0.012418333333333335,0.00134,6,147.0,1.0,0
HP_ABNORMAL_MORPHOLOGY_OF_THE_GREAT_VESSELS,-1.4341945,0.0719486478191217,-0.5345697,0.02023,0.00562,4,553.0,1.0,0
HP_ABNORMAL_MYELOID_LEUKOCYTE_MORPHOLOGY,-1.5642435714285714,0.07356268624299768,-0.6197234571428571,0.011561142857142857,0.000598,7,311.0,1.0,0
HP_ABNORMAL_NEUTROPHIL_COUNT,-1.6333478,0.10401810595612672,-0.68465286,0.010838,0.00317,5,174.0,1.0,0
HP_ABNORMAL_NUMBER_OF_ERYTHROID_PRECURSORS,-1.809651111111111,0.08366643121713212,-0.9575058777777777,0.0004501952222222222,5.87e-07,9,37.0,1.0,0
HP_ABNORMAL_RETICULOCYTE_MORPHOLOGY,-1.8954155555555556,0.04422334752455744,-0.8992974777777777,9.454346666666666e-05,4.12e-08,9,72.0,1.0,0
HP_ABNORMAL_SCAPULA_MORPHOLOGY,-1.7938467777777778,0.07290884003462436,-0.7664662666666666,0.0032079166666666666,4.65e-06,9,141.0,1.0,0
HP_ABNORMAL_SOFT_PALATE_MORPHOLOGY,-1.751662111111111,0.062395641633539695,-0.7201158777777779,0.0005515777777777777,5.43e-05,9,202.0,1.0,0
HP_ABNORMAL_SYSTEMIC_ARTERIAL_MORPHOLOGY,-1.5348845714285715,0.06432254306450977,-0.5885176142857143,0.008497142857142858,0.00223,7,417.0,1.0,0
HP_ABNORMAL_THUMB_MORPHOLOGY,-1.5505228,0.047287885966704066,-0.6135311999999999,0.014444000000000002,0.00391,5,332.0,1.0,0
HP_ABNORMAL_VENTRICULAR_SEPTUM_MORPHOLOGY,-1.49999525,0.0571998959869392,-0.587388,0.021705000000000002,0.00482,4,383.0,1.0,0
HP_ABSENT_THUMB,-1.8359655555555559,0.09263769650108851,-0.9489578999999999,0.00017240333333333333,1.46e-06,9,44.0,1.0,0
HP_ACUTE_LEUKEMIA,-1.7540545,0.05456936816043018,-0.7814205125,0.00813125,0.00135,8,103.0,1.0,0
HP_ACUTE_MYELOID_LEUKEMIA,-1.762336142857143,0.04805237982808821,-0.8469169714285715,0.005512857142857143,0.00151,7,67.0,1.0,0
HP_ADENOCARCINOMA_OF_THE_INTESTINES,-1.795312,0.07536894401044768,-0.9549692888888889,0.0005170888888888889,1.45e-05,9,35.0,1.0,0
HP_ADENOCARCINOMA_OF_THE_LARGE_INTESTINE,-1.7897933333333331,0.06800046899102975,-0.9792076,4.716277777777777e-05,1.98e-07,9,30.0,1.0,0
HP_ANEMIA_OF_INADEQUATE_PRODUCTION,-1.824000888888889,0.068839942842881,-0.7677574888888888,0.0007380888888888888,1.05e-05,9,160.0,1.0,0
HP_ANGIOEDEMA,1.4129128,0.009259831488747502,0.99338944,0.0146638,0.000779,5,7.0,1.0,0
HP_ANONYCHIA,1.623142,0.0,0.802631,0.0463,0.0463,1,59.0,1.0,0
HP_APLASIA_HYPOPLASIA_OF_FINGERS,-1.5578705714285714,0.06429358433482343,-0.6162427571428571,0.01338957142857143,0.000697,7,313.0,1.0,0
HP_APLASIA_HYPOPLASIA_OF_THE_EAR,-1.7853338888888888,0.044881251660477454,-0.7627136777777778,0.0021734,2.26e-05,9,139.0,1.0,0
HP_APLASIA_HYPOPLASIA_OF_THE_THUMB,-1.7973306666666664,0.06048662527575826,-0.7811990555555556,0.0026391444444444443,7.53e-05,9,123.0,1.0,0
HP_APLASIA_OF_THE_FINGERS,-1.8753795555555557,0.069485789166043,-0.9094789444444444,0.00019793666666666668,6.57e-06,9,64.0,1.0,0
HP_CEREBELLAR_MALFORMATION,1.4237182000000002,0.02278633852114012,0.6627036399999999,0.02732,0.0142,5,333.0,1.0,0
HP_CLEFT_LIP,-1.799824111111111,0.04649300574399457,-0.7455100444444445,0.00034157444444444444,5.67e-06,9,190.0,1.0,0
HP_CLEFT_SOFT_PALATE,-1.7969813333333333,0.05097820884456418,-0.7573774111111111,0.0008906777777777779,4.31e-05,9,157.0,1.0,0
HP_COARCTATION_OF_AORTA,-1.799451,0.07071619983931746,-0.7984933875,0.0022872500000000002,0.00011,8,107.0,1.0,0
HP_DELAYED_SPEECH_AND_LANGUAGE_DEVELOPMENT,1.3523634285714283,0.04918837481172808,0.602931157142857,0.019124285714285715,0.00343,7,763.0,1.0,0
HP_DEVELOPMENTAL_CATARACT,-1.924765888888889,0.05542582148115728,-0.8420243222222221,3.688444444444444e-05,2.35e-06,9,116.0,1.0,0
HP_DEVELOPMENTAL_GLAUCOMA,-1.8360996666666667,0.07412148296883975,-0.9016549555555555,0.0007451000000000001,2.98e-05,9,60.0,1.0,0
HP_DISPLACEMENT_OF_THE_URETHRAL_MEATUS,-1.5839607142857144,0.07367421763347588,-0.6284905571428572,0.013772000000000001,0.000631,7,302.0,1.0,0
HP_DUPLICATION_OF_HAND_BONES,-1.6684371111111111,0.08215443492204859,-0.6861981777777778,0.006729000000000001,0.000144,9,200.0,1.0,0
HP_DUPLICATION_OF_THUMB_PHALANX,-1.919055888888889,0.08977910760506086,-0.963925688888889,2.445577777777778e-07,2.4e-09,9,52.0,1.0,0
HP_ELEVATED_RED_CELL_ADENOSINE_DEAMINASE_LEVEL,-1.7532495555555556,0.04716516462154852,-0.9907956555555556,2.1256444444444444e-05,5.98e-07,9,22.0,1.0,0
HP_ERYTHROID_HYPOPLASIA,-1.759453777777778,0.0649275927240833,-0.9799259,0.002395647777777778,1.7e-06,9,25.0,1.0,0
HP_FEEDING_DIFFICULTIES_IN_INFANCY,1.4258232,0.06245952957075498,0.6919608,0.0019694,0.000121,5,494.0,1.0,0
HP_GASTROINTESTINAL_CARCINOMA,-1.8162062222222224,0.06565046622031287,-0.8781222888888889,0.006120811111111112,2.98e-05,9,65.0,1.0,0
HP_HORSESHOE_KIDNEY,-1.9079392222222222,0.052324698366970505,-0.8873537555555555,6.578211111111112e-05,4.05e-07,9,81.0,1.0,0
HP_HYDROPS_FETALIS,-1.845764,0.034334776794090235,-0.8394132777777777,0.0010799222222222223,1.92e-05,9,92.0,1.0,0
HP_HYPERACTIVITY,1.4677406666666666,0.07000880029729593,0.6508456166666666,0.010475,0.00213,6,421.0,1.0,0
HP_INCREASED_BODY_WEIGHT,1.45514525,0.07620371704797982,0.67133,0.00788766625,4.33e-06,8,415.0,1.0,0
HP_INCREASED_HEAD_CIRCUMFERENCE,1.4282324285714285,0.08951235108977446,0.6527717857142857,0.016418571428571428,0.00445,7,407.0,1.0,0
HP_INCREASED_MEAN_CORPUSCULAR_VOLUME,-1.7922923333333334,0.0840718777386351,-0.9414897,0.0005860666666666666,7.06e-05,9,39.0,1.0,0
HP_INTELLECTUAL_DISABILITY_MODERATE,1.454817875,0.06506566167986987,0.70474095,0.016065,0.00234,8,217.0,1.0,0
HP_LETHARGY,-1.8705277777777778,0.062283814500192936,-0.7722989888888888,4.707933333333334e-05,2.74e-07,9,185.0,1.0,0
HP_LEUKEMIA,-1.659561,0.0499323845495087,-0.7088147,0.011533333333333333,0.0028,6,143.0,1.0,0
HP_LEUKOPENIA,-1.5882657999999998,0.05388712605715762,-0.65288436,0.023034,0.00476,5,217.0,1.0,0
HP_LOW_ANTERIOR_HAIRLINE,-1.7251027142857143,0.05091730421875018,-0.7630311285714286,0.012285714285714287,0.00206,7,104.0,1.0,0
HP_MACROCYTIC_ANEMIA,-1.8473560000000002,0.06113444119929451,-0.9099104111111112,0.0002606055555555555,1.85e-06,9,59.0,1.0,0
HP_MALIGNANT_GENITOURINARY_TRACT_TUMOR,-1.7707706666666665,0.05129751020761143,-0.9818039555555556,0.0001509765111111111,8.86e-08,9,26.0,1.0,0
HP_MYELODYSPLASIA,-1.856243,0.07721548667851545,-0.8262885777777778,0.0014264666666666667,5.41e-05,9,102.0,1.0,0
HP_NEOPLASM_BY_HISTOLOGY,-1.5329540000000001,0.05511456319794252,-0.60789076,0.013739999999999999,0.00421,5,309.0,1.0,0
HP_NEOPLASM_OF_THE_COLON,-1.847632,0.05359086248839446,-0.8623898444444444,0.0009396333333333334,2.2e-06,9,78.0,1.0,0
HP_NEOPLASM_OF_THE_GASTROINTESTINAL_TRACT,-1.6165947142857142,0.09440205171272197,-0.6552801428571428,0.013140142857142859,0.000397,7,255.0,1.0,0
HP_NEOPLASM_OF_THE_GENITOURINARY_TRACT,-1.6357012857142856,0.08454063512440683,-0.6711051857142857,0.008874285714285715,0.00127,7,208.0,1.0,0
HP_NEOPLASM_OF_THE_LARGE_INTESTINE,-1.820397625,0.07710200509517522,-0.8106884875,0.003910874999999999,0.000115,8,105.0,1.0,0
HP_NEOPLASM_OF_THE_SKELETAL_SYSTEM,-1.763144375,0.06975608187501342,-0.803968225,0.010352125,0.000227,8,92.0,1.0,0
HP_NONIMMUNE_HYDROPS_FETALIS,-1.8292849999999998,0.10076154411778349,-0.9557925666666667,9.15788888888889e-05,2.51e-06,9,40.0,1.0,0
HP_NORMOCHROMIC_ANEMIA,-1.7551776666666667,0.06244299683711529,-0.9604190666666668,0.0023674222222222225,2.18e-05,9,30.0,1.0,0
HP_OCULAR_ANTERIOR_SEGMENT_DYSGENESIS,-1.65690675,0.0723992156661343,-0.6657123125,0.003064125,0.000277,8,266.0,1.0,0
HP_ORAL_CLEFT,-1.4310052500000001,0.069369680338387,-0.534127275,0.0212175,0.00647,4,554.0,1.0,0
HP_OSTEOSARCOMA,-1.7640806666666666,0.0749215149856835,-0.9453406555555556,0.003632888888888889,0.000112,9,33.0,1.0,0
HP_PALLOR,-1.8611793333333333,0.07155590260418776,-0.7979762444444445,0.0006584988888888889,3.76e-06,9,137.0,1.0,0
HP_PARTIAL_DUPLICATION_OF_THE_PHALANX_OF_HAND,-1.8573144444444445,0.09625792325584312,-0.9785812222222222,9.949988888888889e-07,2.09e-09,9,38.0,1.0,0
HP_PERSISTENCE_OF_HEMOGLOBIN_F,-1.7715081111111113,0.05520771999558683,-0.9694193222222223,0.00014097777777777779,1e-05,9,30.0,1.0,0
HP_POLYDACTYLY,1.4722203333333335,0.04303439969450788,0.7142618666666666,0.009433333333333334,0.00276,6,217.0,1.0,0
HP_POSITIONAL_FOOT_DEFORMITY,1.4171004285714286,0.06413806970345863,0.6736271,0.01787714285714286,0.00163,7,357.0,1.0,0
HP_PURE_RED_CELL_APLASIA,-1.7714167777777778,0.06092853549810996,-0.9865679777777778,2.9311444444444444e-05,2.31e-07,9,25.0,1.0,0
HP_REDUCED_CONSCIOUSNESS_CONFUSION,-1.8086134999999999,0.057744291886112575,-0.6996777625,1.78330625e-05,6.85e-08,8,354.0,1.0,0
HP_RENAL_AGENESIS,-1.8453707777777777,0.04109331993091387,-0.7714183555555556,0.00013887222222222224,6.15e-06,9,167.0,1.0,0
HP_RENAL_HYPOPLASIA_APLASIA,-1.60432075,0.07567972712452692,-0.6377587625,0.00817,0.00102,8,286.0,1.0,0
HP_RETICULOCYTOPENIA,-1.8270593333333334,0.08604822052779475,-0.9727122444444445,4.327408888888889e-05,9.08e-08,9,34.0,1.0,0
HP_SARCOMA,-1.7029718571428571,0.06788452281492088,-0.7155051857142858,0.004474,0.000455,7,161.0,1.0,0
HP_SHORT_THUMB,-1.8387200000000001,0.05492058028644634,-0.8307494333333333,0.0012699333333333332,2.14e-05,9,95.0,1.0,0
HP_SLEEP_DISTURBANCE,1.3737650000000001,0.05426368775402828,0.668018325,0.02228,0.00142,4,456.0,1.0,0
HP_SMALL_FOR_GESTATIONAL_AGE,-1.7225926666666667,0.08000157365171015,-0.7072918888888888,0.002219988888888889,7.09e-05,9,207.0,1.0,0
HP_SPRENGEL_ANOMALY,-1.8161335555555556,0.08667186937108128,-0.9184043333333334,0.0017686600000000002,4.36e-06,9,50.0,1.0,0
HP_THROMBOCYTOSIS,-1.77826525,0.08853346698565466,-0.9034681999999999,0.002745125,0.000152,8,49.0,1.0,0
HP_TRACTIONAL_RETINAL_DETACHMENT,1.357341,0.0,0.9968909,0.0344,0.0344,1,4.0,1.0,0
HP_TRIANGULAR_SHAPED_PHALANGES_OF_THE_HAND,-1.719409,0.042777022646509635,-0.7097893333333334,0.0025903333333333334,0.000363,9,185.0,1.0,0
HP_TRICUSPID_STENOSIS,-1.4690793333333332,0.05161112597428317,-0.9984067,0.026826666666666665,0.00918,3,5.0,1.0,0
HP_TRIPHALANGEAL_THUMB,-1.951205888888889,0.07959939109918568,-0.9425628333333333,9.504877777777778e-07,6.49e-09,9,65.0,1.0,0
HP_UPSLANTED_PALPEBRAL_FISSURE,1.4546621666666668,0.051575266302430915,0.6991793833333334,0.021643333333333334,0.00146,6,237.0,1.0,0
HP_WEBBED_NECK,-1.769463,0.05253929603401633,-0.7830899333333333,0.005944333333333333,0.000519,9,109.0,1.0,0
HSIAO_HOUSEKEEPING_GENES,-2.384123125,0.03848686402411502,-0.9207598625,7.287485079324375e-36,5.9499999999999994e-46,8,382.0,1.0,1
IRITANI_MAD1_TARGETS_DN,-1.738461,0.06063154955961462,-0.9000824555555555,0.0051333333333333335,0.00088,9,44.0,1.0,1
IVANOVA_HEMATOPOIESIS_LATE_PROGENITOR,1.362281,0.0,0.6510679,0.0417,0.0417,1,501.0,1.0,1
IVANOVA_HEMATOPOIESIS_MATURE_CELL,1.392171,0.0,0.6928863,0.028,0.028,1,283.0,1.0,1
IVANOVA_HEMATOPOIESIS_STEM_CELL_LONG_TERM,1.5158301428571428,0.08151373432215495,0.7240721714285714,0.0028974285714285716,0.000543,7,201.0,1.0,0
JISON_SICKLE_CELL_DISEASE_DN,-1.9147173333333332,0.13262675398745907,-0.7993621111111111,0.00026945825835555557,1.22e-11,9,180.0,1.0,1
JOHNSTONE_PARVB_TARGETS_2_DN,1.4298654444444443,0.05589351330903947,0.6762383333333334,0.010508444444444444,0.000756,9,334.0,1.0,1
JOHNSTONE_PARVB_TARGETS_2_UP,-1.819305,0.11428905576275823,-0.784108575,0.0020870080375,1.98e-08,8,143.0,1.0,1
KEGG_OXIDATIVE_PHOSPHORYLATION,-1.918711,0.07487930154207216,-0.8374575875,0.000592088474,7.92e-10,8,127.0,1.0,1
KEGG_PARKINSONS_DISEASE,-1.899109875,0.05821716232088627,-0.8360172875,0.00015138662500000001,6.6e-08,8,122.0,1.0,1
KEGG_RIBOSOME,-2.1780853333333337,0.11580360728945355,-0.9932497,2.594310156111111e-27,5.75e-34,9,86.0,1.0,1
KIM_ALL_DISORDERS_DURATION_CORR_DN,-1.6899254285714285,0.10346020109983854,-0.7293330571428571,0.012222114285714286,3.48e-05,7,143.0,1.0,1
KIM_ALL_DISORDERS_OLIGODENDROCYTE_NUMBER_CORR_UP,-1.993420857142857,0.07814678514698814,-0.7328889714285715,1.7746857313172858e-16,2.21e-26,7,738.0,1.0,1
KIM_BIPOLAR_DISORDER_OLIGODENDROCYTE_DENSITY_CORR_UP,-2.008398142857143,0.08851274646141571,-0.7387633285714286,2.564473714309489e-13,4.21e-26,7,659.0,1.0,1
KRIGE_RESPONSE_TO_TOSEDOSTAT_24HR_UP,1.3142315,0.04347504622769247,0.56542005,0.03735,0.0289,2,743.0,1.0,1
KRIGE_RESPONSE_TO_TOSEDOSTAT_6HR_UP,1.2393,0.06714261730078742,0.55367145,0.04325,0.0391,2,904.0,1.0,1
LEE_LIVER_CANCER_MYC_UP,-1.7624909999999998,0.047415891890272406,-0.8902816555555556,0.004891444444444445,0.000366,9,50.0,1.0,1
LEE_LIVER_CANCER_SURVIVAL_DN,-1.7943126666666669,0.1302517009696994,-0.7500449333333333,0.004920754444444443,1.22e-06,9,173.0,1.0,1
LIM_MAMMARY_STEM_CELL_UP,1.342165,0.0,0.6757256,0.0236,0.0236,1,463.0,1.0,1
LI_AMPLIFIED_IN_LUNG_CANCER,-2.1689474444444445,0.05480460418183656,-0.9056494444444445,5.011321886666667e-13,6.98e-19,9,171.0,1.0,1
LOPEZ_MBD_TARGETS,-1.6353661666666666,0.1761227165954656,-0.5983649333333333,4.14200008464e-06,7.84e-15,6,919.0,1.0,1
LUCAS_HNF4A_TARGETS_DN,1.415762,0.0,0.991224,0.0125,0.0125,1,8.0,1.0,0
LUI_TARGETS_OF_PAX8_PPARG_FUSION,-1.7053345555555555,0.048154889347061934,-0.9220797666666667,0.010546444444444445,0.000518,9,33.0,1.0,1
LUI_THYROID_CANCER_CLUSTER_3,-1.6727747499999999,0.05780954873857034,-0.934008525,0.015175000000000001,0.0026,8,27.0,1.0,1
LUI_THYROID_CANCER_PAX8_PPARG_DN,-1.7670979999999998,0.05777608996375583,-0.9150280111111111,0.002438,0.000169,9,44.0,1.0,1
LU_EZH2_TARGETS_DN,1.4477735714285715,0.07371201228397159,0.6618666142857144,0.014825714285714286,0.00118,7,384.0,1.0,1
MALONEY_RESPONSE_TO_17AAG_DN,-1.7771554999999999,0.0474932764113586,-0.8531104625,0.00359495,3.86e-05,8,73.0,1.0,1
MANNE_COVID19_COMBINED_COHORT_VS_HEALTHY_DONOR_PLATELETS_DN,1.4229288,0.08518104568916723,0.72411924,0.014091799999999998,0.000569,5,215.0,1.0,0
MANNE_COVID19_ICU_VS_HEALTHY_DONOR_PLATELETS_DN,1.4593025,0.030547541183102378,0.75710255,0.0061224999999999995,0.00173,4,148.0,1.0,0
MANNE_COVID19_NONICU_VS_HEALTHY_DONOR_PLATELETS_DN,1.4191641666666666,0.059309173905616526,0.7051124333333334,0.02260833333333333,0.00555,6,199.0,1.0,0
MARTENS_TRETINOIN_RESPONSE_DN,-2.2303097142857142,0.031162937226317917,-0.8160624714285714,1.0954071450999999e-32,1.5699999999999999e-40,7,764.0,1.0,1
MARTINELLI_IMMATURE_NEUTROPHIL_UP,1.420908,0.0,0.9879722,0.01,0.01,1,8.0,1.0,1
MARTINEZ_RB1_AND_TP53_TARGETS_DN,-1.4449657142857144,0.12172798570544398,-0.5446144857142857,0.013859014285714287,6.31e-05,7,552.0,1.0,1
MARTINEZ_RB1_TARGETS_DN,-1.563006125,0.128988665207936,-0.59142695,0.002028043125,6.45e-07,8,507.0,1.0,1
MARTINEZ_RESPONSE_TO_TRABECTEDIN,1.55968925,0.11729688961623336,0.8778508875,0.0017214625000000002,3.27e-05,8,50.0,1.0,0
MARTINEZ_TP53_TARGETS_DN,-1.4719264285714286,0.11838129491162185,-0.5536786428571429,0.007801828571428572,1.28e-05,7,556.0,1.0,1
MASSARWEH_TAMOXIFEN_RESISTANCE_UP,1.4184999999999999,0.09279942155530922,0.5924632,0.014621666666666666,0.000965,3,568.0,1.0,1
MATTIOLI_MGUS_VS_PCL,-1.664157,0.08338237380585894,-0.73597304,0.0177244,0.000453,5,119.0,1.0,1
MEISSNER_BRAIN_HCP_WITH_H3K4ME3_AND_H3K27ME3,1.3244678333333333,0.046474320803715524,0.5661922166666667,0.027274666666666666,0.000948,6,998.0,1.0,1
MIKKELSEN_IPS_WITH_HCP_H3K27ME3,1.581941,0.0,0.7476541,0.0293,0.0293,1,82.0,1.0,1
MIKKELSEN_MCV6_HCP_WITH_H3K27ME3,1.473552,0.0,0.5649804,0.0109,0.0109,1,373.0,1.0,1
MIYAGAWA_TARGETS_OF_EWSR1_ETS_FUSIONS_DN,1.527152,0.1312503322967222,0.6986725,0.006765,0.00103,2,227.0,1.0,0
MODY_HIPPOCAMPUS_PRENATAL,-1.7891236666666666,0.03924289120656116,-0.9470485888888889,0.00018265555555555554,1.09e-05,9,39.0,1.0,1
MOOTHA_VOXPHOS,-1.848047125,0.07618998237758319,-0.8565787499999999,0.0017503048375,5.87e-08,8,86.0,1.0,1
MUNSHI_MULTIPLE_MYELOMA_UP,-1.7499535,0.04222880207512401,-0.8310952166666666,0.004812166666666667,0.000493,6,77.0,1.0,1
NATSUME_RESPONSE_TO_INTERFERON_BETA_DN,-1.763385875,0.06612773496247897,-0.902571375,0.004069525,2.82e-05,8,51.0,1.0,1
NUTT_GBM_VS_AO_GLIOMA_DN,-1.681886,0.06078805855045323,-0.8780465714285715,0.014481428571428572,0.00882,7,44.0,1.0,0
NUYTTEN_NIPP1_TARGETS_UP,1.363791,0.05524656492941436,0.620153788888889,0.01419188888888889,0.000477,9,720.0,1.0,1
ONKEN_UVEAL_MELANOMA_DN,-1.496331875,0.1592604622483357,-0.5654916125,0.00977105625,1.45e-06,8,510.0,1.0,1
OSMAN_BLADDER_CANCER_DN,-1.798183125,0.07003927150318195,-0.6925515,1.496004375e-06,4.35e-10,8,406.0,1.0,1
OSMAN_BLADDER_CANCER_UP,1.3812764285714285,0.04337746127832257,0.6635947428571428,0.02494142857142857,0.00367,7,395.0,1.0,1
PARENT_MTOR_SIGNALING_UP,1.3722526,0.07698918522948528,0.65916496,0.012152,0.00519,5,540.0,1.0,1
PECE_MAMMARY_STEM_CELL_UP,-2.193183555555555,0.055178286053281705,-0.9465509555555555,7.665992e-16,6.28e-20,9,129.0,1.0,1
PEREZ_TP53_TARGETS,1.3701427777777777,0.09173637006904324,0.6142600666666667,0.007579731111111111,9.38e-06,9,1120.0,1.0,1
PILON_KLF1_TARGETS_UP,1.4199161111111112,0.07009782126864653,0.6566883555555556,0.010266833333333333,2.35e-05,9,469.0,1.0,1
PLASARI_TGFB1_TARGETS_10HR_DN,1.4287057142857142,0.07787606049939069,0.7010707571428572,0.018086285714285714,0.000244,7,245.0,1.0,1
POMEROY_MEDULLOBLASTOMA_DESMOPLASIC_VS_CLASSIC_DN,-1.7595713750000002,0.09400343358157186,-0.8692540875,0.006614125,0.000123,8,57.0,1.0,0
POMEROY_MEDULLOBLASTOMA_PROGNOSIS_DN,-1.7876626666666668,0.06867825005960765,-0.936512411111111,0.0003292744444444444,8.47e-06,9,42.0,1.0,1
REACTOME_ABC_FAMILY_PROTEINS_MEDIATED_TRANSPORT,-1.6941753333333331,0.11676030321275012,-0.7686147,0.012504366666666667,6.31e-05,3,103.0,1.0,0
REACTOME_ABC_TRANSPORTER_DISORDERS,-1.7370940000000001,0.0882721503618213,-0.82498866,0.012995000000000001,8.2e-05,5,77.0,1.0,0
REACTOME_ACTIVATION_OF_THE_MRNA_UPON_BINDING_OF_THE_CAP_BINDING_COMPLEX_AND_EIFS_AND_SUBSEQUENT_BINDING_TO_43S,-1.9763054444444446,0.09602636205244779,-0.9656041555555556,2.4729333333333338e-09,3.78e-11,9,60.0,1.0,1
REACTOME_ASYMMETRIC_LOCALIZATION_OF_PCP_PROTEINS,-1.7157262,0.07537499969950252,-0.84554954,0.012737800000000002,0.000167,5,64.0,1.0,0
REACTOME_AUF1_HNRNP_D0_BINDS_AND_DESTABILIZES_MRNA,-1.729345,0.08452723453124447,-0.86713508,0.011418820000000001,7.11e-05,5,55.0,1.0,0
REACTOME_CELLULAR_RESPONSES_TO_EXTERNAL_STIMULI,-2.1711675714285716,0.05049610876050139,-0.8035364714285714,2.376047371428571e-24,2.1600000000000002e-29,7,625.0,1.0,0
REACTOME_CELLULAR_RESPONSE_TO_STARVATION,-2.2758244444444444,0.11314568029216915,-0.9557164222222221,7.429149333333334e-22,2.1500000000000002e-26,9,156.0,1.0,0
REACTOME_DEFECTIVE_CFTR_CAUSES_CYSTIC_FIBROSIS,-1.73885025,0.07926496565896349,-0.8589857750000001,0.01182895,9.58e-05,4,61.0,1.0,0
REACTOME_DEFECTIVE_CHST14_CAUSES_EDS_MUSCULOCONTRACTURAL_TYPE,1.4099534999999999,0.00015909902576715195,0.9910355,0.010835000000000001,0.00627,2,7.0,1.0,0
REACTOME_DEFECTIVE_CHST3_CAUSES_SEDCJD,1.41401925,0.03158682999854755,0.98672385,0.02777,0.00405,8,7.0,1.0,0
REACTOME_DEGRADATION_OF_DVL,-1.73228475,0.07469538818148908,-0.8672598,0.007789,0.000196,4,57.0,1.0,0
REACTOME_DEVELOPMENTAL_BIOLOGY,-2.073074,0.05718710081827902,-0.7551721166666666,3.3744392499999996e-24,1.1500000000000001e-29,6,907.0,1.0,1
REACTOME_EICOSANOIDS,1.510672,0.0,0.9627166,0.0317,0.0317,1,9.0,1.0,0
REACTOME_EUKARYOTIC_TRANSLATION_ELONGATION,-2.203453222222222,0.10391686926069528,-0.9931163555555556,8.512658033333333e-30,9.33e-35,9,93.0,1.0,0
REACTOME_EUKARYOTIC_TRANSLATION_INITIATION,-2.233171111111111,0.09379810404459728,-0.9738964444444443,1.1270844777777777e-21,5.63e-26,9,119.0,1.0,0
REACTOME_GLYCOSAMINOGLYCAN_METABOLISM,1.464977,0.05738312950685063,0.713418,0.03985,0.0352,2,122.0,1.0,1
REACTOME_HEDGEHOG_LIGAND_BIOGENESIS,-1.7247270000000001,0.09077538588185673,-0.847686975,0.0141362,8.48e-05,4,65.0,1.0,0
REACTOME_IMMUNOREGULATORY_INTERACTIONS_BETWEEN_A_LYMPHOID_AND_A_NON_LYMPHOID_CELL,-1.6482675,0.04506298327526344,-0.7021145750000001,0.005674500000000001,0.000838,4,180.0,1.0,1
REACTOME_INFECTIOUS_DISEASE,-2.0656851666666665,0.05355989030764224,-0.7594959666666666,1.9807465299999999e-22,1.18e-28,6,832.0,1.0,0
REACTOME_INFLUENZA_INFECTION,-2.263619888888889,0.09793160139281447,-0.9508509333333333,1.0597267666666668e-21,4.09e-26,9,156.0,1.0,0
REACTOME_METABOLISM_OF_AMINO_ACIDS_AND_DERIVATIVES,-2.3342155,0.05481715267010078,-0.905392575,8.017116250000001e-29,1.6000000000000002e-33,8,358.0,1.0,1
REACTOME_METABOLISM_OF_LIPIDS,1.343189,0.031886835512480706,0.638907,0.01671,0.00333,3,717.0,1.0,0
REACTOME_METABOLISM_OF_RNA,-2.211043,0.030309649827516407,-0.8141582428571429,2.5899321291428573e-27,9.04e-34,7,666.0,1.0,1
REACTOME_NERVOUS_SYSTEM_DEVELOPMENT,-2.218053857142857,0.056033910043914704,-0.8313979142857143,4.3612542857142854e-27,2.38e-30,7,569.0,1.0,0
REACTOME_NONSENSE_MEDIATED_DECAY_NMD,-2.217776888888889,0.08537487114110985,-0.9748583333333334,4.3921277777777776e-23,1.15e-26,9,115.0,1.0,0
REACTOME_REGULATION_OF_EXPRESSION_OF_SLITS_AND_ROBOS,-2.290682,0.0966798972873886,-0.9567900555555556,1.486072222222222e-25,3.95e-28,9,170.0,1.0,0
REACTOME_RESPIRATORY_ELECTRON_TRANSPORT,-1.831027625,0.06918128655504117,-0.8255353375,0.00275004625,1.07e-06,8,103.0,1.0,1
REACTOME_RESPIRATORY_ELECTRON_TRANSPORT_ATP_SYNTHESIS_BY_CHEMIOSMOTIC_COUPLING_AND_HEAT_PRODUCTION_BY_UNCOUPLING_PROTEINS,-1.8863435,0.08335010419395325,-0.8234116499999999,0.001303409045,2.36e-09,8,127.0,1.0,0
REACTOME_RESPONSE_OF_EIF2AK4_GCN2_TO_AMINO_ACID_DEFICIENCY,-2.2115277777777775,0.09187782662560344,-0.9884853222222222,4.0191317711111115e-27,4.0000000000000006e-34,9,101.0,1.0,0
REACTOME_RRNA_MODIFICATION_IN_THE_NUCLEUS_AND_CYTOSOL,-1.6601028,0.042255006682048936,-0.8322738599999999,0.02326,0.0116,5,59.0,1.0,0
REACTOME_RRNA_PROCESSING,-2.301318,0.06313179739243922,-0.9512161375,1.5632850000000003e-27,4.58e-30,8,201.0,1.0,0
REACTOME_SCF_SKP2_MEDIATED_DEGRADATION_OF_P27_P21,-1.73144425,0.0698498249168649,-0.85928745,0.008211025,7.01e-05,4,60.0,1.0,0
REACTOME_SELENOAMINO_ACID_METABOLISM,-2.230024333333333,0.09515768938714314,-0.9858601666666666,3.3256927470422224e-25,2.08e-34,9,107.0,1.0,0
REACTOME_SIGNALING_BY_ROBO_RECEPTORS,-2.2709405,0.053974200140966926,-0.93284455,1.8676286625e-23,7.93e-28,8,213.0,1.0,0
REACTOME_SRP_DEPENDENT_COTRANSLATIONAL_PROTEIN_TARGETING_TO_MEMBRANE,-2.2261146666666667,0.08922420708529713,-0.9784734333333334,1.5003866633333333e-21,1.1000000000000002e-28,9,112.0,1.0,1
REACTOME_THE_CITRIC_ACID_TCA_CYCLE_AND_RESPIRATORY_ELECTRON_TRANSPORT,-1.767008125,0.08972889096676176,-0.7432063875,0.0067746212500000005,1.02e-06,8,177.0,1.0,0
REACTOME_THE_ROLE_OF_GTSE1_IN_G2_M_PROGRESSION_AFTER_G2_CHECKPOINT,-1.7516741666666666,0.07349320495506138,-0.83196035,0.008463716666666668,7.63e-05,6,77.0,1.0,0
REACTOME_TRANSLATION,-2.308221875,0.059640288440515166,-0.9239451375,4.5207371250000006e-27,3.97e-31,8,274.0,1.0,1
RODRIGUES_THYROID_CARCINOMA_ANAPLASTIC_UP,1.3400565,0.05128929663612644,0.6086780125,0.02009,0.00274,8,695.0,1.0,1
RODRIGUES_THYROID_CARCINOMA_POORLY_DIFFERENTIATED_DN,1.379898625,0.06671119617947524,0.6185651375,0.006717175000000001,6.14e-05,8,788.0,1.0,1
SANA_RESPONSE_TO_IFNG_DN,-1.768114714285714,0.01332976080948556,-0.8318419571428571,0.0021694285714285717,0.000396,7,82.0,1.0,1
SCHAEFFER_PROSTATE_DEVELOPMENT_48HR_DN,1.4462725,0.06031974396911841,0.6290956000000001,0.00662,0.00574,2,389.0,1.0,0
SENESE_HDAC3_TARGETS_UP,1.40632725,0.1354551607442477,0.629421775,0.0166345,0.000458,4,478.0,1.0,1
SENGUPTA_NASOPHARYNGEAL_CARCINOMA_WITH_LMP1_UP,1.3980624,0.0908871310433991,0.63513906,0.022548000000000002,0.00654,5,394.0,1.0,1
SHEN_SMARCA2_TARGETS_UP,1.4408185,0.04258823928873191,0.6844266125,0.003343001525,1.22e-08,8,422.0,1.0,1
SMID_BREAST_CANCER_BASAL_DN,1.388963125,0.07701905890554894,0.6466526625,0.00600875,0.0001,8,658.0,1.0,0
SMIRNOV_CIRCULATING_ENDOTHELIOCYTES_IN_CANCER_DN,-1.5009023333333333,0.04968264368838142,-0.9971405999999999,0.022715,0.00259,6,5.0,1.0,0
SPIELMAN_LYMPHOBLAST_EUROPEAN_VS_ASIAN_UP,-1.826985875,0.11255817896084738,-0.6906537625,7.88576396825e-07,4.46e-14,8,478.0,1.0,1
STARK_PREFRONTAL_CORTEX_22Q11_DELETION_DN,-1.6626613749999999,0.17982836648469444,-0.6287324,0.0009123737863,2.54e-11,8,514.0,1.0,1
STARK_PREFRONTAL_CORTEX_22Q11_DELETION_UP,1.47223,0.0,0.6335015,0.0291,0.0291,1,192.0,1.0,0
TAKAO_RESPONSE_TO_UVB_RADIATION_UP,-1.9108388888888888,0.1035291877750478,-0.8814882,0.004750041533333334,6.48e-08,9,83.0,1.0,1
TAKEDA_TARGETS_OF_NUP98_HOXA9_FUSION_8D_DN,1.40072,0.0,0.7331949,0.0421,0.0421,1,193.0,1.0,1
TARTE_PLASMA_CELL_VS_PLASMABLAST_UP,-1.953693375,0.058633783365022916,-0.7617885625,4.16901281625e-09,2.53e-15,8,350.0,1.0,1
TIEN_INTESTINE_PROBIOTICS_24HR_DN,-1.994918875,0.04700085767739478,-0.8231231625,3.48581375e-08,1.51e-11,8,205.0,1.0,1
TIEN_INTESTINE_PROBIOTICS_6HR_UP,-1.8916722222222222,0.07270210384125371,-0.9549286222222223,3.7644444444444447e-06,1.96e-08,9,50.0,1.0,1
TONG_INTERACT_WITH_PTTG1,-1.6543674,0.03181492489068623,-0.83348614,0.024568,0.00404,5,57.0,1.0,1
TORCHIA_TARGETS_OF_EWSR1_FLI1_FUSION_UP,1.431387,0.06107988375889407,0.6462379,0.03125,0.0255,2,265.0,1.0,1
VECCHI_GASTRIC_CANCER_ADVANCED_VS_EARLY_UP,1.5494910000000002,0.1366598629249521,0.71838835,0.012285,0.0007,4,166.0,1.0,0
WANG_MLL_TARGETS,1.527299,0.012555388006748255,0.6192677,0.008549999999999999,0.00733,2,273.0,1.0,1
WANG_TUMOR_INVASIVENESS_UP,-2.016840375,0.055101122391828565,-0.7812670875000001,8.545771924999999e-11,4.4e-17,8,374.0,1.0,1
WEST_ADRENOCORTICAL_TUMOR_DN,-1.488069625,0.09380430654588078,-0.562434475,0.006925,0.000104,8,515.0,1.0,1
WONG_EMBRYONIC_STEM_CELL_CORE,-1.94108275,0.059323404511084046,-0.7641619625,3.6857998375e-09,9.87e-14,8,332.0,1.0,1
WONG_MITOCHONDRIA_GENE_MODULE,-1.68018,0.21843706279994396,-0.694838925,0.012384858175,7.27e-08,4,217.0,1.0,1
WP_CANONICAL_AND_NONCANONICAL_NOTCH_SIGNALING,1.381535,0.0,0.8838966,0.0345,0.0345,1,26.0,1.0,0
WP_CYTOPLASMIC_RIBOSOMAL_PROTEINS,-2.177945333333333,0.10304110702409026,-0.989614988888889,4.153490555555556e-25,1.37e-29,9,88.0,1.0,0
WP_ELECTRON_TRANSPORT_CHAIN_OXPHOS_SYSTEM_IN_MITOCHONDRIA,-1.946573,0.07407343865381173,-0.87921835,0.000108884492625,7.31e-10,8,102.0,1.0,0
WP_OXIDATIVE_PHOSPHORYLATION,-1.7786098750000001,0.06878212582690249,-0.88322925,0.0032025625,3.05e-05,8,60.0,1.0,0
WP_PROTEASOME_DEGRADATION,-1.73494175,0.062029994852145005,-0.865105525,0.010812375,9.3e-05,8,59.0,1.0,0
YAGI_AML_WITH_INV_16_TRANSLOCATION,-1.804822125,0.0851218691111875,-0.6961293749999999,4.9809375e-06,2.15e-08,8,392.0,1.0,1
YAMASHITA_LIVER_CANCER_WITH_EPCAM_UP,-1.8456926666666666,0.061518754575332485,-0.9311255,0.00016870466666666663,3.92e-07,9,51.0,1.0,1
YAO_TEMPORAL_RESPONSE_TO_PROGESTERONE_CLUSTER_13,-1.7962048333333334,0.0968821396985362,-0.75997505,0.00452142575,2.45e-08,6,173.0,1.0,1
YAO_TEMPORAL_RESPONSE_TO_PROGESTERONE_CLUSTER_17,-1.6714259999999999,0.18329190619746402,-0.70570836,0.018993160000000002,1.32e-06,5,181.0,1.0,1
ZHANG_RESPONSE_TO_CANTHARIDIN_DN,-1.709251875,0.05409029724302954,-0.838291525,0.012167175,4.74e-05,8,66.0,1.0,1
ZHENG_BOUND_BY_FOXP3,1.4936672222222223,0.09096228467306904,0.6884593333333333,0.0013893124444444443,1.78e-07,9,486.0,1.0,1
ZHONG_SECRETOME_OF_LUNG_CANCER_AND_FIBROBLAST,-1.804003875,0.09640355553525645,-0.7870628,0.004174042875,4.13e-07,8,130.0,1.0,1
ZHONG_SECRETOME_OF_LUNG_CANCER_AND_MACROPHAGE,-1.746413625,0.08283082803424868,-0.834097725,0.013434812499999999,7.43e-05,8,75.0,1.0,1
ZHOU_INFLAMMATORY_RESPONSE_LIVE_UP,1.386324,0.0,0.5500381,0.0407,0.0407,1,421.0,1.0,1
