gene,logFC,AveExpr,t,pval,adj_pval,B
CD58,3.34427514639816,24.7693927580977,8.26179706205147,4.1490660681859e-08,2.18655781793397e-05,8.83080386542335
TFRC,-1.95381469871885,29.1896521614067,-7.19619945547353,3.78094125044019e-07,9.52144349222688e-05,6.7073311031828
ART4,2.0872557268866,24.0742446510229,7.02915540351399,5.42017656103997e-07,9.52144349222688e-05,6.35942627209587
AHCY,1.98465380945775,23.972798929564,6.85637890874999,7.89729278967064e-07,9.82443654602984e-05,5.99540497730328
FN1,-2.38402118851459,31.9399145614716,-6.78085269433273,9.32109729224842e-07,9.82443654602984e-05,5.83496318827193
IGLV7-46,-3.22556388570389,28.7418607931905,-6.44422455923175,1.96881027189247e-06,0.000172927168881222,5.1103602543543
PRKACA,2.15897961923874,24.2482082364288,6.24124966777628,3.11166476631402e-06,0.000212061762712159,4.66620489498468
AK1,2.29838385823636,25.2567465357259,6.1874861595012,3.51570435588302e-06,0.000212061762712159,4.54768159118024
FCN3,2.03060053939469,33.1844048163475,6.16041118080701,3.73912079954264e-06,0.000212061762712159,4.48785822678153
IGLV7-43,-2.18602067970478,28.612420234486,-6.09163298328212,4.37431145160737e-06,0.000212061762712159,4.33548647151787
FGB.1,-1.547372524682,33.827994485239,-6.08646001937085,4.42633660310009e-06,0.000212061762712159,4.32400307299909
PSMF1,2.16628539373205,24.3946502936001,5.93196024319548,6.30986819734509e-06,0.000277108378333405,3.97957166294832
PCMT1,2.15912068885043,23.9264986162392,5.81352064367273,8.29560681763142e-06,0.000327211650324728,3.71367882393251
EPB42,2.72457891398273,26.2356118669291,5.793355099711,8.69252961014459e-06,0.000327211650324728,3.66825368341794
CYBRD1,1.60137957603642,24.50365054996,5.75124374193481,9.58506904667501e-06,0.000336755425839848,3.5732521445476
STX7,-1.98535646359235,25.4431880376885,-5.62796552829748,1.27739872681868e-05,0.000417285325707634,3.29407646013742
LGALS3BP,-1.11359678686482,30.3893899039061,-5.60555730454904,1.34608169583107e-05,0.000417285325707634,3.24316559403595
THBS1,-1.46573612879697,28.6216261912834,-5.56642790648955,1.47516636958614e-05,0.000431895931539945,3.15414682640809
FGB,-1.35188939208156,33.8928874513058,-5.49104642657028,1.76051277040054e-05,0.000478065299160617,2.98224389880621
CNP,2.11069384243275,24.2579801374783,5.4763795178381,1.82225534785941e-05,0.000478065299160617,2.94873564790436
TBC1D24,1.94319210139397,23.7938584704829,5.45749610212055,1.90500403840094e-05,0.000478065299160617,2.90556561520857
C1R,-1.37395202432988,29.6697291809515,-5.35379064286084,2.43259483992232e-05,0.00058271703665412,2.66792374914348
EPB41L2,1.92451443310095,24.7439592994905,5.25413198866225,3.07955787741695e-05,0.000705620435390754,2.43871651468737
SELENBP1,1.86255342190283,24.8617483109466,5.15885091870555,3.86137113037586e-05,0.000843877225035923,2.21887373106142
C1QB,-0.958395355184908,30.8098288469072,-5.14035054861577,4.03510539213748e-05,0.000843877225035923,2.17611351165592
ESD,1.92010254213509,24.2597299977019,5.12720581073723,4.16334114818482e-05,0.000843877225035923,2.14571788346137
APEH,1.49862446564064,24.3913729951571,5.05048461021409,4.99868126739941e-05,0.000975668528859071,1.96808776142768
FGG.1,-1.30443600866403,33.5038503358822,-5.03159913261788,5.22915584022121e-05,0.000984201831355922,1.92430750077566
IGHV2-5,-1.10904099153627,28.9199129298046,-4.93851944547078,6.53231306689263e-05,0.00115015122053584,1.70823912881567
FGA,-1.2528293992523,33.4025141866764,-4.93755881214291,6.54735040153233e-05,0.00115015122053584,1.70600681010133
STOM,2.1091471290995,31.0711461468959,4.91505965740806,6.90972679504912e-05,0.00117465355515835,1.65371035040535
MPP1,2.48145133272985,25.8099115482652,4.87557781884106,7.5953394988413e-05,0.00123561904154333,1.56188213371351
E9PNW4,1.85314173873547,28.3362799979024,4.85914281590708,7.90062926400384e-05,0.00123561904154333,1.52363652495238
GDI2,1.80481447619902,25.7588584690638,4.85185912835283,8.03986262134094e-05,0.00123561904154333,1.50668310032117
SVIP,3.47040674923982,24.9234834692951,4.843322780001,8.20619856812458e-05,0.00123561904154333,1.48681118915568
FGG,-1.2533208372244,33.7329870118923,-4.8242265690973,8.59099047463358e-05,0.00125762555003663,1.44234612102745
RP2,1.9625482670741,24.7322051895802,4.79483269591935,9.21918887358409e-05,0.00131311149631859,1.37387570436743
SLC4A1,2.33672377262458,30.0756057829845,4.7551073433085,0.000101425082890108,0.00140660575481808,1.28129012096142
SLC2A1,1.79718233133032,28.2314677438137,4.69343181658841,0.000117643238245671,0.00158969196296073,1.1374491907803
RAN,2.14718826507161,25.1457493592456,4.6708231021512,0.000124222565435326,0.00163663229961043,1.08469518313691
GYPC,1.17077028983346,28.4273622101026,4.65230569702258,0.000129886504539101,0.00166951677785625,1.04147884619099
C4BPA,-1.08475437036598,32.4913848051251,-4.61485742131026,0.000142148094930507,0.00178362014353279,0.954060094225365
ARF1,2.61490029522364,25.7778254718006,4.58385185745863,0.000153177344569171,0.00185945083326652,0.88166319768542
C1QA,-0.990108449831044,30.4572193881991,-4.57828126880596,0.000155248266914092,0.00185945083326652,0.868654636747883
CD55,2.60041174828878,25.0456083088285,4.55531852742104,0.000164086384095336,0.00188935190938662,0.815027685641192
USP14,1.71120093413822,23.7157761119729,4.55322986319305,0.000164914967422741,0.00188935190938662,0.81014956421228
AIDA,2.18373169227967,24.0291467250946,4.50753401590016,0.000184133372289494,0.00206464440843752,0.703417428659273
BLVRB,2.66929480933494,26.6974162841643,4.49251990003417,0.00019092687614033,0.00209621799429071,0.668346455917206
ECM1,-1.96235793214604,25.835988032623,-4.47588394531675,0.000198748590560643,0.00211526816105864,0.629486531661958
C1QC,-0.851785361028149,31.0001605129123,-4.47185747560858,0.000200689578848068,0.00211526816105864,0.620081075499555
BPGM,2.61414928618594,24.7872240500768,4.44942402568643,0.000211857365217135,0.0021891927739104,0.567678982327643
LTN1,3.1877944268114,28.7315624721135,4.37972283096436,0.000250693107941684,0.00254067822856283,0.404881382465983
PF4V1,-2.82277416357597,28.4816175390706,-4.35945115649951,0.00026327399344864,0.00261783763297043,0.357543028721699
ANK1,2.62338986929118,26.9629374895372,4.34982355309526,0.00026946867001602,0.00262981461293412,0.335062756580435
IGHV5-51,-0.982312948849216,28.7789119250603,-4.30713794118445,0.00029874029819207,0.00286247522085856,0.235412418370549
CD5L,-0.881774552954599,32.5979924997749,-4.26810515031938,0.000328284445570242,0.00308939112170567,0.144324528616134
GDI1,1.83453661272005,25.1968412071201,4.21763717674044,0.000370856292429991,0.00342879414229132,0.0266145082054265
GNG5,2.25951828729344,24.9528238901644,4.2022845274818,0.000384870049950008,0.00343900005681523,-0.00917687560632796
CA1,2.27273783710346,30.3726457246508,4.20213254318709,0.000385011391559959,0.00343900005681523,-0.00953115147400129
CFI,-0.854135684323971,27.0476617906381,-4.19248193541655,0.000394093185659434,0.00346145181404203,-0.0320249772479108
CAT,2.07380650183264,27.7175701962887,4.17693045273005,0.000409180289732644,0.00352411155289125,-0.0682650952685737
PF4,-2.54413935038273,28.330033780229,-4.17148196898041,0.000414601359163676,0.00352411155289125,-0.0809595710290995
RAP2B,2.21743659802585,25.8428932261704,4.09565813379283,0.000497919915370402,0.00416513960952701,-0.257483389092517
FTH1,-1.29800649745846,25.7151981780116,-4.08563456740732,0.000510116773313956,0.0042004928052571,-0.280797638880678
C8A,-1.05613895087842,26.3770605436379,-4.06973745459473,0.000530073909927987,0.00429767616203152,-0.317762094017088
MMRN1,-2.20471323550549,26.5205789405137,-4.04755017764524,0.000559234106123697,0.00445821675901496,-0.369328322139658
UBE2V1,1.59215542593638,24.2141149001118,4.04198593307645,0.000566794161013288,0.00445821675901496,-0.382255756439041
LTBP1.1,-2.23629855112734,25.6959286848252,-4.02067096267455,0.000596707531408742,0.00462448336841775,-0.431759021421228
GSTO1,1.79325471855193,25.4103105774357,4.00273065673124,0.000623098659744158,0.00473910188668693,-0.473401888905584
RHCE,1.99855262946022,26.24081258661,3.99850476042258,0.000629482224038112,0.00473910188668693,-0.483207847793391
CA2,2.23797384875441,27.9375136198634,3.96238419775926,0.000686766710047639,0.00509755008725501,-0.566972247255805
PRDX1,1.53056303806769,29.356938263468,3.94344002066428,0.000718851926375535,0.0052615967388876,-0.610865727504326
PIGR,-0.899092167619276,27.0974566038012,-3.93388998800668,0.000735586577201439,0.0052807847471061,-0.632982527330986
ALDH1A1,1.69352975363841,24.3210622048142,3.93055881692013,0.000741514366766321,0.0052807847471061,-0.640695444160215
F11,-0.799817608843792,27.1043551574544,-3.89384906670411,0.000810063825840768,0.0056909723202171,-0.72563202597921
LTBP1,-1.97288821476421,25.6851629381441,-3.88842624035197,0.000820709480714421,0.0056909723202171,-0.738169324152697
APOC1,-1.48700158091712,28.5432319231571,-3.87768988322579,0.000842197191014844,0.00576412882681588,-0.762983619588879
RANBP1,1.62106928183374,23.8979504484706,3.87174050629228,0.000854343496789245,0.00577229516420426,-0.776729634442941
C4BPB,-1.04991307436051,29.0781187894212,-3.85999901798005,0.000878826864773389,0.00586255389538704,-0.803848876612759
GPX1,1.98283136890934,25.1579250230243,3.84575470921757,0.000909464223480514,0.00599109557217788,-0.836731720258483
HPRT1,1.28329753038497,23.7401990460994,3.82724092816622,0.000950870803661255,0.00615979603735909,-0.879441697655244
SEMA7A,1.49256396540449,24.3141025510884,3.82393864056072,0.00095845023731204,0.00615979603735909,-0.887056329506758
PRDX6,1.8505057624912,26.726000111888,3.81036808989405,0.000990230495230471,0.00628736712031877,-0.918336793493788
PEBP1,1.42815531294902,24.633533141897,3.78705448318814,0.00104728053507208,0.00653947801801553,-0.972031370029236
NRGN,1.89922780869603,24.6972341685761,3.78409374820993,0.00105475451903476,0.00653947801801553,-0.978846302426286
CLEC3B,-1.49759865255832,24.9756596499576,-3.77811337274525,0.00107001246130154,0.00655693682681294,-0.9926089072676
SUMO2,1.19257595731868,24.2090231668849,3.76627157201146,0.00110087174365313,0.00666849895293337,-1.01984900506252
DDI2,1.21017579518471,24.0527866686883,3.75777218599884,0.00112356164225334,0.00672860210758536,-1.03939097458675
SELENOP,-1.16879169279532,25.9642479847751,-3.74553938857044,0.00115703179646644,0.00685118827795299,-1.06750275114444
DDT,1.54075761468564,24.9474690389843,3.72009754776575,0.00122982994869932,0.00720133758849494,-1.12591497656497
F13B,-1.20133642659659,27.1714204155373,-3.68720158713252,0.00133069516342625,0.00770633352885314,-1.20132716681622
ILK,2.8434344552859,27.2788802205812,3.68130482067814,0.00134961944676249,0.00773097226569385,-1.21483111603073
PRDX2,1.71441335792163,30.2217750190375,3.66908614356534,0.00138968124929205,0.00782509374874407,-1.24279864383585
OLA1,1.52856683847102,24.0022444545166,3.66726637237445,0.00139574727207199,0.00782509374874407,-1.24696231784728
FKBP1A,1.50512232816549,24.6627111465221,3.65683563446312,0.00143102405248528,0.00793841763852365,-1.27081980709495
APOA4,-1.0701804920057,29.3379921725677,-3.6462837665594,0.00146760440509798,0.00805653668215246,-1.29493988022185
IGKV2D-28,-0.583817369735228,31.3337643422564,-3.62724183815192,0.00153596338122018,0.00834487321549521,-1.33842945601215
HBA2,1.61918829704993,35.5741626518868,3.61564510202334,0.00157912114005049,0.00849180449802661,-1.36489089157471
S100A6,1.4085741940067,27.165312198318,3.54587944927155,0.00186509825532307,0.00992835131874002,-1.52367668172015
MDH1,1.43230727355955,24.9458876579623,3.53368592928409,0.001920059520163,0.0100397832842109,-1.55135439327766
HBA1,1.54806881806801,35.6709349800865,3.53279588407094,0.00192413303928901,0.0100397832842109,-1.55337377805279
PNP,1.81439634388018,25.4935431508872,3.48535233132786,0.00215399452155171,0.0111289716946838,-1.66083375924095
HBG1,1.48444101788159,34.966884485339,3.47521310346361,0.00220650401998406,0.0111810347935731,-1.68375147203774
HBG2,1.48444101788159,34.966884485339,3.47521310346361,0.00220650401998406,0.0111810347935731,-1.68375147203774
MTPN,1.62533854938554,25.752591804511,3.44639807747695,0.00236267543764186,0.0118583805298787,-1.74878691951238
EPB41,2.45793340760925,26.8100242872829,3.43359897721588,0.00243546835434905,0.0121084134220939,-1.77762828539768
IGLV3-27,-0.843804715152366,29.5944959119097,-3.42119620752246,0.00250809924635779,0.0123283888557456,-1.80554884939832
RAB14,1.50532988375404,26.9487526819208,3.41810965574764,0.00252650094197444,0.0123283888557456,-1.81249286886585
CAPZB.1,1.3712399908268,25.0364613432773,3.40858937812051,0.00258409558502379,0.0124019852577198,-1.83390038898571
IGKV2-40,-0.513541408386018,30.8520289876225,-3.40679611307235,0.00259508706091643,0.0124019852577198,-1.83793091738649
AMBP,-0.747339621856536,29.1287891020535,-3.40402163103988,0.00261218285314401,0.0124019852577198,-1.84416565939198
SDCBP,-1.49593444699674,25.8526036832139,-3.38284740299727,0.00274633046388624,0.0129224656648933,-1.89170083901743
APOD,-0.809133487544343,28.9600499368227,-3.35379445760607,0.00294139766567217,0.0136044884346618,-1.95678528522005
RAB8A,1.13284468157381,27.0108079411895,3.35357716105823,0.00294290641660617,0.0136044884346618,-1.95727145921379
TALDO1,1.16146922458331,24.7157076696772,3.34523067817405,0.00300143347882808,0.0137543951594991,-1.97593867388645
VCP,1.59290948021537,27.5986877274297,3.31201789605539,0.00324578166723065,0.0147459218847461,-2.05008284549683
CLU,-0.827443482287034,30.9244161529758,-3.2914417648498,0.00340677489810657,0.0153079253705403,-2.09590412564655
PON1,-0.870399604570739,28.8418606491996,-3.28885198149375,0.00342758101275855,0.0153079253705403,-2.10166510265138
FCGR3B,-2.00031258468866,25.9264489065614,-3.2765353234631,0.00352823713787557,0.0156250501820204,-2.12904415048697
YWHAQ,1.40203324792981,27.8161741979289,3.26765381942646,0.00360259903844212,0.0158214141104916,-2.14876705131896
KNG1,-0.986003562524938,29.2309118081524,-3.24450391346658,0.00380366275175098,0.0165663658691964,-2.2000951307782
IGKV1D-16,-1.40243385418257,26.1099678090234,-3.22904456135594,0.00394396162890165,0.016984459635294,-2.23430595484521
CAPZA2,1.16211050443579,25.0512409163024,3.22686790963132,0.00396411486744055,0.016984459635294,-2.23911849392053
RAP2A,1.72689998356851,25.6090589744192,3.22003052497681,0.00402807366715682,0.0171193130854164,-2.25422888483324
JCHAIN,-0.663941450633981,32.5947713967307,-3.21067328075933,0.00411723005764714,0.0172803707896014,-2.2748908866381
GNAZ,1.22412598343211,24.5663317069818,3.20918874279226,0.00413154975235252,0.0172803707896014,-2.27816710016567
APOH,0.623375824109285,30.4579618713282,3.17688526866823,0.00445538368190158,0.0182445191985464,-2.34933081207302
A2M,-0.691825928519527,35.3088053414497,-3.1738001004501,0.00448756871796205,0.0182445191985464,-2.35611453571728
KATNAL2,1.57069454516209,27.0151778158698,3.1723437348306,0.00450283996648572,0.0182445191985464,-2.35931603205514
YWHAG,1.41592332814589,27.7926566263253,3.17157152928601,0.00451095762532181,0.0182445191985464,-2.36101334936038
YWHAH,1.38345275874399,27.9037527508241,3.16927672189244,0.00453516511387017,0.0182445191985464,-2.36605652429877
LDHB,1.27643752952266,26.9173612837669,3.14960810539604,0.00474787221811559,0.0188805789665919,-2.40922922386818
HLA-B.4,1.20868055979416,25.7496511679551,3.14806815637596,0.00476492789858962,0.0188805789665919,-2.41260545844233
RAB5C,0.973607242421604,24.995301058056,3.1306747670169,0.00496173278557227,0.0195056336928886,-2.45069883426632
F2,-0.777762017739977,29.0640942949132,-3.12629108057223,0.00501256134690827,0.0195056336928886,-2.46028775314541
RNH1,1.38122346406003,23.8305928020797,3.12447961336829,0.00503371192074546,0.0195056336928886,-2.46424877359289
HLA-C,1.29407440640881,26.0782567219037,3.11291621814042,0.00517077315385744,0.0198904923509698,-2.4895142971986
ICAM3,-1.21847025681863,24.320280469348,-3.05999158281442,0.00584546867486854,0.0222614221609515,-2.60471425814048
S100A9,-1.53311791336898,28.776672489946,-3.05806189069899,0.00587160850165514,0.0222614221609515,-2.60890069282521
C9,-0.838207082075154,27.6120134588911,-3.03909616244362,0.00613458923029289,0.0230923466026025,-2.64999327967606
ACP1,1.33364669840125,23.9772026693937,3.02218496030489,0.00637862219656929,0.0237538212490357,-2.68655186932462
C8B,-1.11645886685692,27.0765227023307,-3.02070210397794,0.00640046037450299,0.0237538212490357,-2.68975375069524
PGD,1.01952865181816,24.718309587965,3.01400548477767,0.00649998167625107,0.0239544779257644,-2.70420593617035
HBB,1.41414792742761,36.1531644711846,3.00298580169247,0.00666699894229052,0.0243993641846326,-2.72796062056119
IGLC7,-0.519797831960445,34.1418327701096,-2.99208219956497,0.00683631486829841,0.0248464685213328,-2.75143141831323
RAB10,1.11163985486578,27.0527142130581,2.96813256250706,0.00722284315935201,0.0260714955135514,-2.80286554631419
HBD,1.38190666983533,35.8372989830771,2.94276012190076,0.00765519520418953,0.0273997854265578,-2.85717321816729
GNG11,1.43480183809949,24.3019928089697,2.93980812829699,0.0077070808448239,0.0273997854265578,-2.86347936407899
RAB1B,1.14544626252059,27.345619038284,2.93756071108505,0.00774680840333417,0.0273997854265578,-2.86827862744288
PSMA4,1.6675240820513,24.9228774925722,2.90921521191025,0.00826502407198908,0.0290377845729216,-2.92867854961519
IGHV1-2,-1.21349421447451,25.9791944898699,-2.90030170980762,0.00843472996006284,0.0294377661520074,-2.9476212183805
SNCA,1.70117978670292,25.1880667280946,2.8874782425801,0.00868473742066424,0.0301108988203293,-2.9748300735285
ARPC4,1.46311856560836,24.8751135029726,2.8701801686878,0.00903322719097135,0.0311144492133457,-3.01145159293847
GCLC,1.0885450351762,24.3154084802456,2.86233433435303,0.0091956583110984,0.0314682592853822,-3.02803067846142
IGHM,-0.531860082664117,36.0851117134598,-2.85541251286171,0.00934127205571577,0.0317603249894336,-3.04264089606368
CFHR3,-1.02719318101656,28.0924438800975,-2.85248091780197,0.00940360499444688,0.0317673066158558,-3.04882411473114
YWHAE,1.2468168188513,28.0096226832409,2.84212056775801,0.00962708682370468,0.0323151258349832,-3.0706535646449
YWHAB,1.28835294447762,27.9001585968952,2.83644179655922,0.00975172323179742,0.0325263173617547,-3.08260405027249
PRKAR1A,1.02660856844484,25.0548644587897,2.82987875979981,0.00989768394236367,0.0328055310542494,-3.09640226551509
APOC3,-1.04756661855235,31.764485331679,-2.82387152803157,0.0100331070683938,0.0330465464065222,-3.10901954316156
CDC42,1.47881019929573,26.5932033791328,2.81386591161571,0.0102625945166117,0.0332499933480838,-3.13000832939753
RAB8B,1.07057942051912,26.9834366905599,2.81315431661705,0.0102791045857586,0.0332499933480838,-3.13149977564147
PROS1,-0.834026328531368,29.138028377244,-2.8129369206226,0.0102841535402991,0.0332499933480838,-3.131955386617
IGHV1-18,-0.622505337159243,27.432108749779,-2.75291348197499,0.0117721934905374,0.0378289388384952,-3.2571375101301
TAOK3,1.07222838175621,24.6354483484857,2.74517158819235,0.0119783869210982,0.0381022709894539,-3.27319303010935
GNB4,0.846221129918593,27.4475685518401,2.74429850827498,0.0120018538600556,0.0381022709894539,-3.27500234242364
ITIH3,-0.933195015532337,25.7869967074653,-2.73210329456836,0.0123342327932858,0.0389229980961774,-3.30024667904459
MIF,1.29260530218012,26.1340049295139,2.72345972649625,0.0125750755330471,0.0394468143209275,-3.31810697061673
GP1BA,2.23281998408982,25.9874667754212,2.71358904291732,0.0128555577898677,0.0399861707452231,-3.33847005815003
HBD.1,1.29561665139672,35.8118632055225,2.70935548143635,0.0129776635582502,0.0399861707452231,-3.34719305430008
IGKV4-1,-0.440808624015247,31.6057504458226,-2.70909546516734,0.0129851987042629,0.0399861707452231,-3.34772859018761
ABRACL,1.20324847662536,24.8768354559282,2.70684755470429,0.0130505149301297,0.0399861707452231,-3.35235741779113
HLA-C.1,1.43312925420717,25.7457379293437,2.69945175825737,0.0132676112496644,0.0404163649050473,-3.36757362436925
RALA,0.810730637073898,25.0721750557722,2.67600335612962,0.01397871560932,0.042337834058113,-3.41568379773408
RAB13,1.30893688959498,27.0118899793474,2.66836369188798,0.0142180724121474,0.0428090236497742,-3.43131437353829
TPI1,1.20107977572419,26.4897851981045,2.66587894944377,0.0142967517312339,0.0428090236497742,-3.43639338896688
SOD1,0.810078254649305,26.7019143471492,2.65668081396081,0.0145916013523135,0.0434450503540633,-3.4551749040305
KLKB1,-0.688129895744044,27.8024797937818,-2.62291172686814,0.0157239899027717,0.0465536105548353,-3.52385115033957
DBNL,1.17608595898307,24.418055597945,2.61604668410789,0.0159640987775776,0.0470004472390135,-3.53775879810173
KRAS,1.17132771988729,25.0374427615426,2.6110048388675,0.0161426328460652,0.0472339071160955,-3.5479611804099
RHOC,1.74387349774199,25.5749894805621,2.60771752616365,0.016260047684306,0.0472339071160955,-3.55460783025193
RHOA,1.047765134357,26.0612930655872,2.60398760795362,0.0163942436950796,0.0472339071160955,-3.56214424588118
GLIPR2,1.26243772523158,26.1667014966092,2.60377547650862,0.0164019070251337,0.0472339071160955,-3.56257269945188
PPIA,1.12158685493782,28.7936055671823,2.5697018654821,0.0176774753437568,0.0503759225002107,-3.63116087599788
GAPDH,1.12778389352003,28.6252637539507,2.56952978499879,0.0176841473672466,0.0503759225002107,-3.63150608257251
FCGBP,-0.795413245695169,27.3247693004572,-2.56612951547811,0.017816470328459,0.0504799992639671,-3.63832482464537
TXN,1.299672229919,26.0680558236568,2.56306522958652,0.0179365131121548,0.0505483551342545,-3.64446578579353
FLOT1,0.924679727992096,25.394350366815,2.54557058967147,0.0186365072636461,0.0522416985528804,-3.67945246573934
RAB1A,1.16990556785082,27.241256823792,2.54026491375022,0.0188538020975368,0.0524574298244944,-3.6900382064756
FLNA.1,1.2834412396501,28.1886044255128,2.53573835980885,0.0190410600613999,0.0524574298244944,-3.69906027027861
C4B,-0.457111496315679,31.1092074804354,-2.53537507581215,0.0190561638656283,0.0524574298244944,-3.69978397891435
C7,-0.711906432323544,25.9753323089221,-2.53404339765665,0.0191116252871023,0.0524574298244944,-3.70243638562476
GNB1,0.885374416987659,27.7174285221852,2.51844312194014,0.019772684321595,0.0539906976035262,-3.73345364836505
SERPIND1,-0.698402199650331,27.3288909110009,-2.50700927331137,0.0202706957339722,0.0547668336729018,-3.75612218154802
UBA1,0.636972752047537,24.0740233506966,2.50428484762574,0.0203910762679145,0.0547668336729018,-3.76151542845083
IGHV1OR15-1,1.59086752184632,27.3408262935006,2.50418857958431,0.0203953421170618,0.0547668336729018,-3.7617059421823
C4A,-0.454445810218413,31.1050174130969,-2.50244807695159,0.0204726114488836,0.0547668336729018,-3.76514970544677
CNN2,1.09700672887463,24.3778491195336,2.49766693832155,0.0206862777051218,0.0548577429279802,-3.77460305228856
C3,-0.538649505205562,32.4909219033034,-2.49703256353863,0.0207147833826718,0.0548577429279802,-3.77585661724109
PARVB,1.08839023091478,27.2084853616192,2.49286946707255,0.0209027636755626,0.0550787822851077,-3.78407889890512
PIP4K2A,0.970092920036179,24.2197328625539,2.49056888240343,0.0210073255479411,0.0550789082774376,-3.78861946683397
IGLV3-21,-0.89219620006957,28.1431723690512,-2.48758108853767,0.0211438492801953,0.0551624186666481,-3.79451296575336
PGAM1,0.887760162587135,24.9530754312858,2.47637274947478,0.0216634063763187,0.0558086264175232,-3.81658747456723
ZYX,1.44888820353889,25.491875632691,2.47492466158045,0.0217313927726901,0.0558086264175232,-3.81943548627676
IGHV3-35,-1.30683364341011,28.5484205725341,-2.47467325841784,0.0217432161469254,0.0558086264175232,-3.81992983829277
IGKV3D-20,-0.464634540970084,28.9423445488161,-2.4731467321698,0.0218151367021058,0.0558086264175232,-3.82293096783418
ADAM10,0.945613954353298,25.6942843587894,2.46717451590019,0.0220986449560281,0.0562608014097915,-3.83466253934532
SPP2,0.903850991393643,24.9212067647437,2.46306098783429,0.0222959097660802,0.0564901175323284,-3.84273394917571
GNB2,0.781950964460353,27.5613829992696,2.45995592833451,0.0224458972875248,0.0565980280886393,-3.84882168493053
GP5,1.5280118498685,25.4076346543045,2.45740571941128,0.0225697846968731,0.0566394120726293,-3.85381843157514
RAC2,1.24078899027059,27.2509329495424,2.44586332434273,0.0231384997709165,0.0576156737641407,-3.87639824966105
HLA-B.2,1.36282744852974,25.494474403069,2.44508223482418,0.0231774626906979,0.0576156737641407,-3.87792413360679
C1RL,-1.2800757526973,27.5188376143931,-2.44253136038202,0.023305132486069,0.0576610554937014,-3.88290546926779
APOL1,-0.723244466332801,29.2307916118905,-2.41863648040596,0.024533173549997,0.0604158058918151,-3.92942653338649
PGLYRP2,-0.87192906684212,25.7143871092319,-2.41020978448819,0.0249803795460092,0.0609676437986812,-3.94577135508493
IGLV4-69,-0.997189529008192,27.8438190774206,-2.40852072341825,0.0250709223412032,0.0609676437986812,-3.94904367190862
IGHA2.1,-0.478178014045873,33.5817425519253,-2.40789904932183,0.025104323917104,0.0609676437986812,-3.95024775160995
DEFA3,1.23149274178547,26.836878289229,2.40098978532838,0.0254783332435228,0.0615921175198925,-3.96361802153446
AHSP,1.0981242989998,24.3945703118517,2.39054711855664,0.0260534129270184,0.0626947425230077,-3.98378449284599
HPR,-0.510219838708103,33.8951732319272,-2.38696585507606,0.0262533836687492,0.0628887872428674,-3.99068896943116
HSP90AB1,1.08881389230425,25.2179520485518,2.36783651889556,0.0273457749575251,0.0652091556679446,-4.02746886192001
WDR1,1.00107177647027,28.0156901735168,2.35641116244729,0.0280180960343394,0.0664910089478584,-4.04935504132106
DIAPH1,0.896822659618713,24.6476201440775,2.35443925395094,0.0281356641278414,0.0664910089478584,-4.05312619108254
HAGH,0.943538565806672,23.8543121767441,2.35230773729147,0.0282632599577838,0.0664943660613933,-4.05720052218782
IGHG3,-0.530132367201879,35.2880624301479,-2.3343427461355,0.0293600588188449,0.0687677822112501,-4.09145465663208
CAPN1,0.859603607003038,24.5591810951766,2.33127727862749,0.0295510812472969,0.068908937244803,-4.09728430133058
YWHAZ,1.01058247338825,29.6257024660963,2.31176985917868,0.0307937133634214,0.0714902508481193,-4.13427618961658
PZP,-0.407716075776356,34.1493321093579,-2.30409315616015,0.0312957578813363,0.0723371245765975,-4.14878310163482
ALDOA,1.12619087256148,27.0554164443279,2.28741318916993,0.0324126069917068,0.0745914580114824,-4.18020469133713
HBE1,0.882241904430664,35.6298614405356,2.27631539905648,0.0331758119332316,0.0757759733529982,-4.20103485941153
ST13,1.23468510476127,25.3196072160324,2.27575340408463,0.033214895340688,0.0757759733529982,-4.2020880842391
SHROOM3,-1.17961687681881,26.2057378854583,-2.2694466500441,0.0336563936099471,0.0764522389329402,-4.21389670727585
FCER1G,0.566081595786613,26.3228685776102,2.24925165108367,0.0351065038531702,0.0790868637410588,-4.2515757399101
APOB,-0.563658426355829,29.4002676512982,-2.24876745987576,0.0351419620822369,0.0790868637410588,-4.25247661045507
IGHA1,-0.45633639366563,33.9291478201159,-2.24678937435392,0.035287161125584,0.0790868637410588,-4.25615574360603
IGHV3-72,-0.358535611758966,33.0513090570831,-2.24503349578338,0.0354165082407777,0.0790868637410588,-4.25941992790542
CFH,-0.460747292536261,29.8952658601693,-2.24023318507234,0.0357723370813899,0.0792468856861178,-4.26833575942559
HSP90AA1,0.927831363700104,25.7653245807227,2.23949869816427,0.0358270688086566,0.0792468856861178,-4.26969892464664
HLA-A.2,0.997917740699165,25.8919331224659,2.23799591745323,0.0359392897134386,0.0792468856861178,-4.27248714550656
IGLL5,-0.394410487704426,34.8209639523046,-2.23073460057992,0.0364860653166789,0.0799405258026112,-4.28594342455658
APOA1,-0.422960025242986,33.9458586588872,-2.22979666485595,0.0365572423499607,0.0799405258026112,-4.28767959668392
C8G,-0.634258315778986,26.3383047222945,-2.22372941144943,0.037020734267005,0.0806195328872382,-4.298899563929
IGHA2,-0.432716666447461,33.6800633642782,-2.19747009515394,0.0390891042567388,0.0846618504008226,-4.34724156859259
TUBB4A,1.20147086248394,26.3174954105961,2.19611949477851,0.0391982760869083,0.0846618504008226,-4.34971828765487
UBC,1.09856471871012,28.8034960650971,2.1922841772986,0.0395098053068856,0.0849338691473605,-4.35674627058621
CORO1C,1.18532774900953,24.7573211046705,2.19060935015908,0.0396465499245743,0.0849338691473605,-4.35981287731969
OSTF1,0.778159023306937,24.5082606466489,2.18507721444729,0.0401012930500139,0.0852430372482063,-4.36993177297002
S100A8,-1.04611755371111,28.0150776164864,-2.18491896657704,0.0401143704697441,0.0852430372482063,-4.37022098991281
ICAM2,1.24183537028783,24.4108424930859,2.18130429433673,0.0404141389928889,0.0855351455793272,-4.37682365347943
IGLV2-11,-0.523950987601097,30.5629749739256,-2.17779273856243,0.0407073014573686,0.085570865684568,-4.38323137721363
RBP4,-0.741647749848702,27.4204078075716,-2.17721446411708,0.0407557633526121,0.085570865684568,-4.38428596226521
IGKV1-8,1.42086849135316,26.2810214150234,2.16722240262562,0.0416014470164202,0.0867029272818021,-4.40248032711261
IGLC3,-0.386667229133621,35.0343912259553,-2.16695862460794,0.0416239859626108,0.0867029272818021,-4.40295991917947
HLA-A.3,1.11777750305916,25.8412321763054,2.14950137548718,0.0431404715443386,0.0895079862356947,-4.4346176780188
PGK1,1.02748646055205,26.4102710379608,2.13511098649886,0.0444279345541332,0.0918177314118753,-4.46059097612268
CCT2,0.771810039695068,23.4961749795561,2.12439372722035,0.0454092143645377,0.0934791248832476,-4.47986185307065
RSU1,1.21056414841672,27.2166174126817,2.09737741941293,0.0479701572216443,0.0981912008165297,-4.52816174949857
HLA-B,0.859587506171852,26.1533717558481,2.09627905582021,0.0480769711365619,0.0981912008165297,-4.53011690632523
LIMS2,1.45191427946082,25.6394328338709,2.09443118948949,0.0482571556195089,0.0981912008165297,-4.53340471750651
RAB35,0.838393345641005,27.1764147550854,2.09082600488555,0.0486104442645999,0.0985296312594005,-4.53981377992902
AHSG,-0.539788637261043,30.2880410279631,-2.08843776306963,0.048845757507034,0.0986272574950458,-4.54405546463644
IGHV3-15,-0.354595593481903,32.525323416711,-2.08442791731078,0.0492431501233861,0.0986735365590284,-4.5511700909875
IGHV3-73,-0.354595593481903,32.525323416711,-2.08442791731078,0.0492431501233861,0.0986735365590284,-4.5511700909875
F5,-0.921204756145577,28.245346895234,-2.08170763293682,0.0495143926303329,0.0988412307431267,-4.55599155777022
KRT17,2.18992906712145,27.0766630349445,2.07622422704848,0.0500652300610123,0.0994469292135959,-4.5656978439478
TWF2,0.698671290242412,24.2210706596634,2.07493807800038,0.0501952242330484,0.0994469292135959,-4.56797204414208
PSMB1,1.17122625487216,24.9531581332267,2.07264130306273,0.0504281182739267,0.0995341510500352,-4.5720309494768
PLG,-0.52909961774176,29.4130833010369,-2.06152522933014,0.0515690449050914,0.101128758880956,-4.59163354984371
IGKV3-11,0.854878632613576,29.0067498174407,2.06103583187072,0.0516198029202605,0.101128758880956,-4.59249497403645
RAP1B,0.870095961889674,29.3942953207468,2.05777364353461,0.051959286723785,0.101376533055611,-4.59823352799346
LASP1,0.615596918038917,24.6983533364719,2.05613080587545,0.0521310065618038,0.101376533055611,-4.60112118130639
PSMB4,1.01976488791855,24.6879332888826,2.04912111640984,0.0528694261911983,0.102434513245446,-4.61342505897847
RAP1A,0.893038634417649,29.2604441578387,2.04336799805856,0.0534824517886984,0.103242681658037,-4.62350242157334
CFP,-0.851158205486761,25.887362344101,-2.0409195397604,0.0537452703675671,0.103371377677766,-4.62778549464343
FLNA,1.07439676128731,28.8976441005884,2.02481235881188,0.0555031717849983,0.106364260111615,-4.65587598094291
APOA2,-0.440073946707045,32.7809857934303,-2.01920607402096,0.0561269586782254,0.10716995370806,-4.66561812085582
PLEK,1.36497075100016,27.8008545615773,2.01606057233097,0.0564796751729906,0.107454111249697,-4.67107614667891
ITGA6,0.965348157710536,26.0894649070084,2.00175137288505,0.0581092633777483,0.110061538149134,-4.6958326416242
S100A4,1.06521771542094,26.5999323666242,2.00037778065233,0.0582678731377768,0.110061538149134,-4.69820282343753
ITIH4.1,-0.538081969200597,28.5594942424817,-1.99023123347181,0.0594514757343803,0.111497963387966,-4.71567678259404
ITIH4.2,-0.538081969200597,28.5594942424817,-1.99023123347181,0.0594514757343803,0.111497963387966,-4.71567678259404
CAPZA1,0.912298337943717,25.5393873531886,1.98266096991145,0.0603484151828704,0.112778775891392,-4.72867451675311
IGHG2,-0.47352311831748,34.9807763709149,-1.97292477953986,0.0615196193842152,0.114561270019368,-4.74534120628627
ITIH4,-0.541209574100737,28.5699462786228,-1.9556426882629,0.0636482321568034,0.118107811079702,-4.77478623122953
F11R,0.829098204414645,25.9497134057856,1.95358546652266,0.0639059081223565,0.118169872212217,-4.77827939852939
IGHG4,-0.463286527408207,35.0715739678106,-1.94763382979058,0.0646565771739925,0.119139916680748,-4.78837096471765
HLA-A.1,0.989643719577596,25.8100275910092,1.93855561125004,0.0658166003830194,0.120854872480317,-4.80372280915037
LYN,0.703810887630712,24.9417910579108,1.92846806678184,0.067127101331186,0.122833272227552,-4.82072293009902
SERPINA7,-0.847512325055706,25.6135512404333,-1.92585843447705,0.0674698481629206,0.123033252532384,-4.82511075982619
OXSR1,0.623919415767371,23.8742886765964,1.91121783245553,0.0694214549237803,0.125914722449292,-4.84965026031541
STK24,0.761218012599741,24.5208299860297,1.91043002639109,0.0695278638192486,0.125914722449292,-4.85096699675828
UBE2N,0.699323069237564,24.6797156526108,1.90090739761188,0.0708254674099445,0.127825415496715,-4.86685285349166
VTN,-0.423107598864262,30.0139889117153,-1.89363452052388,0.0718307808771423,0.129197343079365,-4.87894789342161
CD9,0.652708720999232,29.8998373852899,1.88277318221891,0.0733554162036046,0.131490831086053,-4.89694952625791
TLN1,0.907390394978573,29.1483692674768,1.87476470613409,0.0744976682165358,0.133085664915641,-4.91017568653216
CYFIP1,0.562169867099065,25.107823550636,1.87242666008207,0.0748340658002381,0.133234975259207,-4.91402944506172
ACTR3,0.87772371189747,26.378286337984,1.8661045322485,0.0757503517518231,0.134412240313841,-4.92443290535911
GP9,1.15514361158004,26.9408817124255,1.84241841897596,0.0792709247167417,0.140187172233969,-4.96318551235882
CD44,0.718992231834562,25.3122180161475,1.83354134864872,0.0806266151010464,0.142107779793483,-4.97761732475757
IGKC,-0.29672092053466,36.0320231315361,-1.81470882310063,0.0835695644470899,0.146073784595769,-5.00806680277852
IGKC.1,-0.29672092053466,36.0320231315361,-1.81470882310063,0.0835695644470899,0.146073784595769,-5.00806680277852
HSPA8,-0.355021727694875,28.0357230910133,-1.8121100374839,0.0839829042310811,0.146073784595769,-5.01225071411282
BIN2,0.696421533315266,24.3745099967699,1.81209377324551,0.0839854966461445,0.146073784595769,-5.01227688494348
SERPINA4,0.567983775995053,24.2795039340113,1.80990505989462,0.0843349967225298,0.146199155502543,-5.01579718727144
RAC1,1.2139515319237,26.9667092999391,1.80107061354426,0.0857585428157911,0.148179514963678,-5.02997482838226
MYL9,0.933693653374017,26.0018177060625,1.79090495455994,0.0874222764062305,0.150560587144063,-5.04622594988318
RAB6A,0.742703382871372,26.9943176956903,1.78746400024128,0.0879917128607087,0.151047663444929,-5.0517114639216
SRC,0.850490635309906,25.238065316842,1.7810611721497,0.0890598299785698,0.152021344379292,-5.0618980883586
IGLV3-16,0.935621057598819,27.8498073840475,1.78060797225524,0.0891358546740066,0.152021344379292,-5.06261808962445
C6,-0.510593092361606,25.9380548768785,-1.76981296972576,0.090963338045689,0.154637674677671,-5.07972818276724
IGHV3-7,-0.303068780571173,32.63023759751,-1.75423123751999,0.093657999316941,0.15870664192935,-5.10428929277145
HLA-B.3,0.747859603678712,25.6627853276592,1.75124097669409,0.0941828960664152,0.159084571240387,-5.10898430932244
IGHV3-74,-0.29416661773336,32.5246063801778,-1.73483743396472,0.0971074201660331,0.163500352803512,-5.13463320533809
IGKV6-21,-0.491536222808321,26.5923615104801,-1.73181344157223,0.0976549615366252,0.163504127185332,-5.13934186675343
FLOT2,0.691241239320397,25.5333219064979,1.73139920513151,0.0977301708982535,0.163504127185332,-5.13998639530757
FERMT3,0.816389725795211,28.6643379503868,1.7282997293178,0.0982944902913012,0.163927836656695,-5.14480533530595
RALB,0.735079646760578,25.2470951337549,1.7226554332914,0.099329301780282,0.164938589274082,-5.15356420500246
IGKV3-20,-0.423111227923474,30.3060974360222,-1.72158547549962,0.099526511174873,0.164938589274082,-5.15522214711191
HRG,-0.477422673708574,28.4308008898362,-1.71605055708434,0.100552027746452,0.165631987251075,-5.16378634287569
BCHE,-0.568787022841711,25.4803374731308,-1.71591005292888,0.100578177473371,0.165631987251075,-5.16400347503478
IGHV3-49,-0.289866827969238,32.33525501369,-1.71424882375468,0.100887794891072,0.165631987251075,-5.16656968766845
SH3BGRL3,0.971033996849044,26.7151548623025,1.69193058319918,0.105126858159725,0.17205544798191,-5.20086382929686
TMSB4X,1.22353810972111,29.9560243513701,1.68250549459727,0.106961990754485,0.174516932283634,-5.21524391188012
HSPA5,0.755016038198636,26.4931409740343,1.67083097759831,0.109272716458589,0.177537752347356,-5.2329710469999
ANXA1,-0.71139864560531,24.9819281879372,-1.6697578335097,0.109487228677212,0.177537752347356,-5.23459582500029
IGHV1-3,0.896062817761357,27.2787045648556,1.66451349459505,0.110540660085902,0.178696097746228,-5.2425244409185
CAVIN2,0.796323682597854,26.9749522174618,1.65521110658752,0.112430317793656,0.181195038156749,-5.25654111230126
HLA-A,0.827538961340629,25.7734614339788,1.64167786007815,0.115228058594191,0.185137764875423,-5.27682478461173
CD226,0.928425787125696,24.5164596611217,1.63703532491005,0.116201224915103,0.186133876991669,-5.28375342255658
APOM,-0.443097334635332,27.4752377763344,-1.6113095595648,0.121719930823295,0.19438304104205,-5.32187124039484
TUBA1C,0.978314270857978,27.11636050389,1.60781633737714,0.12248596433066,0.19501541752948,-5.32701090078724
EIF5A,0.624700917957461,25.4513515220051,1.60612504316625,0.122858297410533,0.195019044383588,-5.32949621408492
MYL6,0.986544972797265,27.6419855452704,1.58708968244198,0.127114505020022,0.200259921643766,-5.35732693839619
PSMA7,0.839764226197178,25.3100495858063,1.58595310961195,0.127372478665557,0.200259921643766,-5.35898043444074
TUBB4B,0.718820775661907,26.9197247896226,1.58513207406766,0.12755910443527,0.200259921643766,-5.36017430500796
SLC2A3,-0.895414782509668,24.1036937317946,-1.58460096324469,0.127679950042325,0.200259921643766,-5.36094633621904
HP,-0.356480750700306,34.1925035024354,-1.56740107514829,0.131645320440384,0.205414792227724,-5.38583814871797
STK26,0.576182288940568,24.7683596346695,1.56491088668467,0.132227809897622,0.205414792227724,-5.3894241953911
TUBA8,0.863862230263176,27.0722928064721,1.56414457258818,0.132407490963238,0.205414792227724,-5.39052683432876
FYN,0.597014278247908,25.3075990081869,1.56364101567872,0.132525672404983,0.205414792227724,-5.39125116290505
ITGA2B,0.588966642674602,28.7128046210134,1.55910371510614,0.13359449618045,0.206464221369786,-5.39776939978825
MYL6.1,0.979768369811193,27.6093350366655,1.55129387027978,0.135450933222593,0.20872117487809,-5.40895376444699
KRT14,1.65732715169603,27.1734419398658,1.5459485874639,0.13673379343977,0.210083700124661,-5.41658295060516
CYFIP2,0.659612594473635,24.8414936083663,1.51816904777364,0.143563360596974,0.21932948211654,-5.45589347658961
IGHV3-38,-0.263682128764671,32.1335280271009,-1.51808749138514,0.143583816565856,0.21932948211654,-5.45600804629978
KRT16,1.62261050711197,27.1710841921662,1.50846065351295,0.14601528567406,0.221962682249414,-5.46949701633714
IGHV3-9,-0.258106838892821,32.3911970333677,-1.50793113218391,0.146150001405211,0.221962682249414,-5.47023697181629
CFH.1,-0.32076520420377,29.1419299901069,-1.5006745865945,0.148006422482093,0.223607662088383,-5.48035622475663
APOE,-0.469488791438191,28.2652900411125,-1.50038177627948,0.148081734475988,0.223607662088383,-5.48076372320799
TAGLN2,0.638432770648208,26.9131862990987,1.49647992859803,0.149088300661637,0.224484384139094,-5.48618772700332
ARPC3,0.722812180265453,25.7309047918958,1.48804030666179,0.151284615886358,0.226282596465947,-5.49788071403567
CFHR1,-0.28202178717013,28.2767170626867,-1.48597885675181,0.151825077590603,0.226282596465947,-5.5007286982903
STXBP2,0.531173803721664,24.7879311554461,1.48475183221234,0.152147520182504,0.226282596465947,-5.50242236947908
IGHV3-20,-0.252939695224615,32.3728496501984,-1.48368069953823,0.152429453027346,0.226282596465947,-5.50389993562424
IGHV3OR16-10,-0.252939695224615,32.3728496501984,-1.48368069953823,0.152429453027346,0.226282596465947,-5.50389993562424
TUBA4A,0.759512580999121,27.3811721418298,1.47653623189524,0.154320854822557,0.228446883403055,-5.51373320267747
ITGB3,0.571750551433119,28.7707366499264,1.46264116177849,0.158054051017646,0.233317884835574,-5.53274714960665
PSMA6,0.708935146186107,25.7494321962004,1.45240718600045,0.160850197660922,0.236199562885856,-5.54665754246602
COLEC11,-0.91147049686765,25.8335697723136,-1.4522169585674,0.160902548531352,0.236199562885856,-5.54691535134665
MYL12A,0.845331524502633,26.0457641895724,1.44711809118237,0.162310907405261,0.23644677947619,-5.55381538377263
APOC2,-0.659075548258616,29.6171918586962,-1.44686114829159,0.162382140470855,0.23644677947619,-5.55416256566622
ITIH1,-0.349434315524664,29.4724900785746,-1.44673561048987,0.162416952884973,0.23644677947619,-5.55433217431432
ST3GAL6,1.31430749146603,29.2306326913828,1.44146467940142,0.163884063991075,0.237542468929396,-5.56144261952161
B2M,0.402533983077155,28.6243350194491,1.44079552514327,0.164071079108728,0.237542468929396,-5.56234378183139
ATRN,-0.522854297535744,25.2676561686394,-1.40916101902654,0.173110337967286,0.249942871530849,-5.60455338063182
SERPINB1,0.432082688853249,24.8661649957918,1.38397650928153,0.180588048577823,0.260027053553313,-5.63760205588117
ACTB.1,0.557014828406799,30.4729065655105,1.37924106027126,0.18202238699066,0.26137819603291,-5.64376083265927
LYZ,0.718663915241865,26.0338587233484,1.37269894750831,0.184018821800573,0.263526954045929,-5.652240329148
ITIH2,-0.322984798665391,29.5897746464473,-1.3629312937931,0.187031851295649,0.26711595022441,-5.66483785515269
TF,-0.370241955717524,33.4077028346938,-1.35527307387112,0.189421365465049,0.269797458378597,-5.67466210009282
IGHV2-26,-0.441564131317182,26.6508871823082,-1.35204708175563,0.190435124050718,0.270510270551829,-5.67878661729671
AZGP1,-0.473038621750369,28.8014468450471,-1.31995236497576,0.200755051378262,0.284402989452538,-5.71936925414074
IGHV3-21,-0.227310433142179,32.4088700147728,-1.31499839072644,0.202386245335444,0.285180618427217,-5.72555994055641
IGHV3-48,-0.227310433142179,32.4088700147728,-1.31499839072644,0.202386245335444,0.285180618427217,-5.72555994055641
RASA3,0.628874011340617,24.8144552470337,1.31232727574788,0.203270045023242,0.285662169939329,-5.728889683991
IGHV4-38-2,0.244459175614771,28.6465735682518,1.29023857590488,0.210694293736012,0.295308225528932,-5.75620417541158
IGHG1,-0.262594950023853,35.7306985117596,-1.28525300320909,0.212398724301952,0.296907500549413,-5.76231457442213
SERPINF2,-0.345687374725521,26.6190569963185,-1.27857240531388,0.214699334493318,0.299329495444388,-5.77047072831622
IGKV2D-24,0.7402496790117,28.1517505246212,1.26906234330091,0.218007453879074,0.303139652227631,-5.78201851773591
ANXA6,-0.783068926638424,26.2299546828516,-1.24481011028497,0.226621170927247,0.314287781785946,-5.81113184419849
IGHV3-30-5,-0.216759445871311,32.3719588548733,-1.23364049533039,0.230674751424458,0.319069800526744,-5.82437733895922
A0A0J9YY99,-0.21545808589753,32.3724293370992,-1.22599377987734,0.23348150269203,0.321888800105197,-5.83338564584818
TUBB,0.712481766892118,26.8867657089147,1.22476655363988,0.233934365161841,0.321888800105197,-5.83482687666769
IGHV3-33,-0.212140971719229,32.3764672948871,-1.20342194265027,0.241917729164213,0.33181847832092,-5.8596930038905
SNAP23,0.685696990664563,25.0753294356316,1.20212308244012,0.242410083782835,0.33181847832092,-5.86119387787803
TPM4,0.54130575578694,27.9232700714813,1.18956220433119,0.247210483804475,0.337512758976577,-5.87563540786294
IGHV4-59,0.214836100949366,28.6285671351657,1.18476895918552,0.249061002667083,0.339160590195227,-5.88111137722827
GSN.1,0.221389272058797,27.8670256877923,1.18001655196621,0.250905975546506,0.340792394621157,-5.88652159287463
CFL1,0.676093255003589,29.7573758734109,1.16234695983364,0.257855233035407,0.349330868405295,-5.90646963518113
LRG1,0.362546179518766,27.0003179585856,1.14808658989134,0.263567149895234,0.355088754696251,-5.92237579361566
ACTC1,0.476646770415882,32.0652825447295,1.14685421931288,0.264065126421991,0.355088754696251,-5.92374226790665
IGHV4-34,0.224986551582368,28.7162717034731,1.1467018607441,0.264126739736111,0.355088754696251,-5.9239111158592
IGHV4OR15-8,0.815965607082791,26.2422547476667,1.14144818399179,0.266257808372853,0.357042913517796,-5.92972127072682
ORM2,-0.296559258952388,30.7358321097706,-1.13151691932343,0.27032083305838,0.361571266552706,-5.94064004279174
IGHV3-53,-0.196785946091857,32.3143570969061,-1.1175892944921,0.27609524821903,0.368204078944349,-5.95581014260056
IGHV3-23,-0.195215583955281,32.2939866209106,-1.11619782622671,0.276677068808277,0.368204078944349,-5.9573165834637
CORO1A,-0.578670041368759,26.5446204051906,-1.11329889368468,0.277892085556008,0.368889493924474,-5.96044969096053
PTPRC,-0.394649947863122,25.9562850437902,-1.11142239892598,0.278680644202943,0.369006782650631,-5.96247390803771
LCP1,-0.438671362998643,25.6376139699931,-1.10628421706049,0.280848201294834,0.37094486737438,-5.96800103718047
IGKV3D-15,-0.529580899236101,27.9658739985464,-1.09277113602694,0.286607175355193,0.377538210952741,-5.98242810373357
LGALSL,0.458472967530685,24.4093818744011,1.0902189730716,0.287704376232712,0.377538210952741,-5.98513512966611
PFN1,0.479275268622995,29.4649908355257,1.08798877006661,0.288665645265238,0.377538210952741,-5.98749603135155
AFM,-0.305103138712862,27.6807195262614,-1.08789597856795,0.288705690728566,0.377538210952741,-5.98759416721734
TPM4.1,0.458131068921414,27.7413453647018,1.08304388679988,0.290805267709934,0.379342515057266,-5.9927152934395
CALM1,0.741394130218733,26.7176741840238,1.06988440850131,0.296554879244189,0.385887460152315,-6.00650126138836
MAPRE2,0.489460382765937,25.0043717152553,1.06795746650319,0.297403587451516,0.386038646765884,-6.00850726158612
IGKV2D-29,-0.287885338015932,29.3474028274287,-1.0642129793379,0.299057790051296,0.387232077044308,-6.01239609732842
GSN,-0.190204634432387,28.9115729749126,-1.05347678224712,0.303837142101102,0.392456308547257,-6.0234781265825
ENO1,0.408597779731454,27.1198170728011,1.04860233793972,0.306024911110567,0.394306772287798,-6.02847621731085
IGKV2-24,0.395115560422667,28.5940245905612,1.04695637493695,0.306766179578742,0.394306772287798,-6.03015921788745
LDHA,0.399946274824639,25.668033762476,1.0401362930973,0.309851210703836,0.397303133919517,-6.03710736959715
TPM1,0.431660336686974,27.5976429985502,1.03467930316893,0.312335411715489,0.397950274613631,-6.0426373250161
TPM1.1,0.431660336686974,27.5976429985502,1.03467930316893,0.312335411715489,0.397950274613631,-6.0426373250161
F12,-0.315348168545398,26.3125329085718,-1.03405331502891,0.312621278349228,0.397950274613631,-6.04327000399574
H2BC12,-0.357348502595744,26.9260302585553,-1.03211352467092,0.313508283939567,0.398117748520848,-6.04522833111448
IGKV1-16,-0.210950553587309,28.1915666663889,-1.02299183715761,0.317703119976614,0.402474865931912,-6.05439260472976
TPM3.1,0.426300735292446,27.6245985050377,1.01120429714245,0.32318204685462,0.408433905737133,-6.066126037549
SERPINA1,0.231208978442218,32.934746811728,0.998164260500479,0.329319607078331,0.414203897208307,-6.07896239095972
SERPINA1.1,0.231208978442218,32.934746811728,0.998164260500479,0.329319607078331,0.414203897208307,-6.07896239095972
IGHV3OR16-12,0.230032599787143,29.4029207804073,0.994424086249269,0.33109483412196,0.415445184719698,-6.08261618742172
TSPAN14,0.369052921416042,25.1177682064706,0.985531118821798,0.335342349196575,0.41977533973063,-6.09125361028984
LBP,-0.585713467057271,26.6108380840605,-0.983284880462126,0.336421133331215,0.420127813425475,-6.09342411362459
IGLV3-9,-0.206902437488217,27.6066842197063,-0.97594714165799,0.339961823679104,0.423545818153399,-6.10048295154112
LCK,0.462538288482374,25.1447815348448,0.971102941350593,0.342313277166094,0.42546956855314,-6.10511656127564
ACTB,0.383229491812493,32.4872422587542,0.951131010029291,0.35212537848193,0.435610503427176,-6.12399731651059
ACTG1,0.383229491812493,32.4872422587542,0.951131010029291,0.35212537848193,0.435610503427176,-6.12399731651059
MVP,0.574578193598366,27.5749079745679,0.94737490317942,0.353991846957438,0.436893918844426,-6.127508012912
TPP2,0.333448764365513,25.8387833545995,0.94440828684145,0.355470729583284,0.437694099276613,-6.13027178546506
KRT77,0.682641541019883,26.6118431932045,0.93843523423108,0.358460993147048,0.439360549552692,-6.13581226177722
IGHV3-13,-0.181295535506954,32.3038459199424,-0.938374410489598,0.358491529995555,0.439360549552692,-6.13586851435603
CD36,0.256689139631483,28.4851852355936,0.926611650969578,0.364430010541923,0.445602356277479,-6.14668416070745
GNAI2,0.227525329261165,28.5110835979687,0.917227170877586,0.369214778582972,0.450407843317653,-6.15522282641643
B4E1Z4,-0.22582653550835,28.9589891420948,-0.910194540264498,0.37282774208187,0.453764942441445,-6.16156901123915
GNAI3,0.221092196131785,28.4833607070524,0.905642390646291,0.375178842050374,0.455574308204026,-6.16565276184321
CFHR2,-0.239072236015957,27.0814874204746,-0.901715017949852,0.377215124311403,0.456821549483869,-6.16916080267707
C2,-0.301693389915016,25.6491074772582,-0.900321005825293,0.377939650047376,0.456821549483869,-6.17040258078593
C1S,-0.287466985551091,26.9056815330169,-0.895199776340477,0.380609241444308,0.458995584075859,-6.17494926749605
TSPAN9,0.411368674944618,26.0993580874529,0.88190187611134,0.387598933299162,0.466357620659038,-6.18664297411829
F13A1,0.17489379569335,28.5257179990413,0.854846238865175,0.402076899006647,0.482675457349665,-6.20993218079851
IGHV3OR15-7,-0.342581900374899,26.4461001552471,-0.828689204083361,0.416400022967327,0.49873366387223,-6.23180368903929
ITGB1,0.319520151890415,26.5673797293156,0.806349050262261,0.428885226035023,0.512227881725417,-6.24997921796318
ACTN4,0.307750537983878,25.6433780279874,0.805063907991242,0.429610481447124,0.512227881725417,-6.25101059428902
PSMA3,0.457767852305664,24.8699058546018,0.801560872251444,0.431591251706334,0.513427967605504,-6.25381405972581
VASP,0.32813227320846,25.3046456079768,0.770408007989149,0.449454553530688,0.533474211060073,-6.27823853671155
TPM3,0.300618512563158,27.6842822208202,0.744590537371576,0.464593676920371,0.550204197161877,-6.29778611864819
GPX3,0.222582303446035,26.1092965602637,0.73917713456999,0.467806204668587,0.55276652435055,-6.30180473965239
PSMA2,0.314111910798686,25.4426316869283,0.683706615387341,0.50147497405773,0.589485029059552,-6.34137310569953
IGKV1-39,0.325026659226203,27.5084228743316,0.683098469848147,0.501851581367387,0.589485029059552,-6.34179058439474
MYH9,-0.595120856175988,28.21806176987,-0.682476733974677,0.502236770489068,0.589485029059552,-6.34221702515805
TKT,0.211124061457102,24.7770263274084,0.650035165579547,0.522566110421137,0.61198297820431,-6.36395180851564
HLA-B.1,-0.274871356897428,25.9457991631062,-0.635308851285331,0.531941761463445,0.621581614836442,-6.37348249270408
IGHV1-69,0.319194879667513,27.4273544097127,0.621380123055173,0.540892958833665,0.630005813618517,-6.3823035088484
IGLV2-8,-0.147443321673463,30.7425627700057,-0.620375002880506,0.541541999182521,0.630005813618517,-6.3829327587789
DCD,0.359715518497871,24.9774135880276,0.613807328704538,0.545793198408796,0.633552897712413,-6.38702023188585
SAA2-SAA4,-0.144960183094855,26.4713725356805,-0.607690710891722,0.54976832032135,0.636764625954619,-6.39078923021111
ITGA2,0.236016260458171,24.4164864767419,0.596422581732262,0.557131161245953,0.643422296790076,-6.39763708088131
SPTA1,-0.338118214875819,24.7764961535304,-0.595161707688363,0.557958234597845,0.643422296790076,-6.3983956312191
PKM,0.229060602477048,26.7034823796106,0.586840243446856,0.563432712406406,0.648316679996018,-6.40336293709993
IGLV3-19,-0.149282410168563,27.6248306985351,-0.582906740284999,0.566030086915904,0.64988639608863,-6.40568739073128
APCS,-0.114225872366244,29.3135744519411,-0.578468783864389,0.568967936377379,0.651839353197562,-6.40829176963044
GNA13,-0.152637415644413,28.8667621745522,-0.560837401448244,0.580716111719758,0.663855511662283,-6.41844797832826
IGHV3OR16-13,-0.111162224165855,30.4477950594391,-0.552870809665375,0.586064076276277,0.66851897878268,-6.42293690997889
NAPA,0.168506196230517,24.7445884807425,0.540324312270464,0.594535831214303,0.67583510599811,-6.42987993664679
ACTR2,0.302748942977583,25.8920192633366,0.539576485033359,0.59504267397177,0.67583510599811,-6.43028887842358
IGLV3-1,0.167329527724014,28.757768591002,0.529037821273983,0.602207663799584,0.682502018972862,-6.43599322187974
ARHGDIB,0.290522050610402,26.4346497961098,0.526110021578792,0.604205576624523,0.683296864551767,-6.43755853001421
CP,-0.115136817534377,30.9291943490837,-0.520961493997595,0.607726611775087,0.685807118641266,-6.44029059405301
MSN,0.189263909818425,28.7411351398852,0.502870053524532,0.620176262836321,0.698360877168251,-6.44968299597109
CD47,-0.238641432293228,26.7250717647393,-0.499595952843648,0.622442007144885,0.698827195575286,-6.45134816689101
PHPT1,0.170500261580269,23.5108246008868,0.498440573042972,0.623242470437162,0.698827195575286,-6.45193324458168
CLTC,-0.206453155513418,26.4908647890914,-0.473075167455796,0.640934766731372,0.717139324983934,-6.46444438815308
SERPINF1,-0.126851214630839,26.2991673986871,-0.460963562429332,0.649461170079286,0.725139908118186,-6.47019267861921
HIST1H2AH,-0.196788516166957,26.2393003859002,-0.454236049386011,0.654218683066554,0.728907496778169,-6.47332250910194
PPBP,-0.272822368308535,26.2258981851359,-0.441795946953562,0.663055616898593,0.73719474705814,-6.47899109357862
SERPINC1,0.102171545314298,29.5974397326936,0.397103678750597,0.695211828714821,0.77131922891097,-6.49807936965656
RDX,0.17641850301679,28.3369233395005,0.391201255849126,0.699504563262529,0.774451480754943,-6.50045063367639
EZR,0.172627620023863,28.3440035478939,0.386535327349456,0.702905320666674,0.776585123671566,-6.50230037381343
COTL1,0.155910637265034,25.3959849620651,0.365512721415126,0.718305830808235,0.791939692125397,-6.51036290308745
CP.1,-0.0742337239203152,30.7808314253219,-0.357834962649979,0.723961444439721,0.796508729059985,-6.51319650965609
HLA-B.6,-0.169290858459365,25.7869695618725,-0.354661573628938,0.726303781057118,0.797421026285627,-6.51435034580622
HLA-B.5,-0.172284359734039,25.8039649003032,-0.348375442030207,0.730951772824515,0.800162445105569,-6.51660597754532
KRT1,0.213165069766585,28.573005649968,0.347179344007565,0.731837378635454,0.800162445105569,-6.51703065428848
IGKV2-30,-0.0917875714802853,29.5692399906784,-0.339907232487191,0.737229937833569,0.804389600907434,-6.5195815465105
IGHV3-64,0.0819213726735519,32.2218488313017,0.318060984374862,0.75351231449574,0.820456590370361,-6.52692331258374
A1BG,-0.0825949704770749,28.8962560859278,-0.310519049083673,0.759161274939051,0.824903076067794,-6.52934578160678
C5,0.164571975717386,29.030295395222,0.305424275028204,0.762985123534744,0.827352181281502,-6.53094962286579
HSPA1A,0.0944578025482236,26.0741487533972,0.300677066383915,0.766553696000186,0.82951498519938,-6.53242038014136
RAB27B,0.122105291800846,25.1774303637806,0.295548004235377,0.770415283927515,0.831975217238601,-6.53398376738042
LGALS3,0.144429455807987,24.9533961101753,0.293465926684868,0.771984594363711,0.831975217238601,-6.53461079232787
IGHV2-70,0.202808723368814,27.968039322814,0.283646330165647,0.779399223947821,0.838251818409187,-6.53750871688207
FETUB,-0.133055079466636,24.7939146530418,-0.280599071950128,0.781704578815911,0.839018967486731,-6.53838811649367
CPB2,-0.0993219447117184,24.9297486847898,-0.276213218620995,0.785026231189242,0.840871593164086,-6.53963726663773
IGKV3-7,-0.0571261343458715,31.0514483378866,-0.251331578669182,0.803948169353062,0.859392870687756,-6.54635387485098
CTSG,-0.110460366577438,24.3586114709679,-0.247981207577858,0.806505766603909,0.860381657895263,-6.54721018154595
HPX,-0.0658344359381999,31.7315532649391,-0.245443371553311,0.808444571236467,0.860707654629531,-6.54785121123249
ORM1,-0.074416150158818,31.5861176411194,-0.236471229992817,0.81530895192934,0.865503573789192,-6.55006490390818
GNAS,0.0477989660031212,28.5731813109917,0.235263776805938,0.816233920632312,0.865503573789192,-6.55035655918627
GSTP1,0.0961679226907037,25.3179026744306,0.233016526407153,0.817956154689513,0.865588139601151,-6.55089541858915
ALB.1,0.0499221322509839,36.9684589049733,0.228742020029393,0.821234616970895,0.866860520381265,-6.55190618345019
IGHV6-1,-0.061981181984553,28.925425502772,-0.227160697893681,0.822448311557177,0.866860520381265,-6.55227539005721
IGKV1-5,0.0555588260195349,29.5648452861482,0.216737581389882,0.830459501369078,0.873557200042923,-6.55464519708129
EHD1,0.0633963267289061,25.8282768517074,0.210052795524012,0.835607429925717,0.877221345758671,-6.55610673799633
IGHV3-43,-0.0390331290661265,32.2620895528343,-0.200377725922233,0.843071485003355,0.883297559834529,-6.55814130878233
IGKV1D-33,0.0429329671852407,28.7870713376469,0.190470038706444,0.850730673900198,0.889553700685326,-6.56012575655684
IGKV1-17,0.107275360519246,26.7172574931967,0.182064517378091,0.857240487861179,0.893785884117173,-6.56173071223237
EEF1A1,-0.0641078826105818,25.5180731709941,-0.180865269687007,0.858170127824079,0.893785884117173,-6.56195381247089
GC,-0.0457528327170386,30.0772242357283,-0.177345593851671,0.860899742930552,0.89486028505799,-6.56260010242428
IGHV3-64D,-0.0292296723416782,32.2044702033583,-0.154640011972313,0.878549922820274,0.910488742184486,-6.56646491510458
AGT,0.0490343798512569,28.2562486257259,0.153560905426326,0.879390454975149,0.910488742184486,-6.56663546672065
IGKV2-29,0.0595718513275507,29.1174157288849,0.143763716445277,0.887028171307182,0.915023108926401,-6.56812937303995
MASP1.1,-0.0417687539581805,28.1084829837963,-0.143488974333848,0.88724252117911,0.915023108926401,-6.5681698503039
ACTBL2,-0.0515193868404715,30.8553882466189,-0.127320348743462,0.899872050113176,0.926235489081336,-6.57041582280365
ACTN1,-0.0520351570385635,25.9214337196307,-0.111805497346604,0.912016540036241,0.936905880310134,-6.5723192013459
IGHV4-30-2,0.0219702723888168,29.4840365184716,0.105970388206108,0.916589931527755,0.939772167150052,-6.57297122163266
IGHV2-70D,-0.0325741974002404,29.0646061033356,-0.102427371622536,0.919368300615928,0.940790474610862,-6.57335009080204
CAMP,0.0336997675530881,25.9749236101813,0.0827328635142442,0.934830605012741,0.954759164421928,-6.57522146688943
SERPINA3,0.015341249749543,29.4587374969319,0.0656225203942099,0.948285699353197,0.966627782512833,-6.57652431556395
SH3BGRL,-0.015624263536015,23.6300387255571,-0.049760010786399,0.960773750482367,0.977466730703103,-6.57746379856366
MASP1,-0.0126008067192167,28.1558091064582,-0.0460680144443633,0.963681942957948,0.978536385238609,-6.57764541421612
FBLN1,0.0179227731597571,24.986595766102,0.0402414876152774,0.968272546017769,0.981306984137238,-6.57790356691258
FCN2,0.0106287640962534,28.3954074692524,0.0339140896561509,0.973259046028603,0.984467403564441,-6.57814443945318
CAP1,-0.0109153888519273,26.8442088531798,-0.0240852984015628,0.981007071100925,0.987960779836814,-6.57843709216851
SERPING1,0.00581826553578324,28.4377530100982,0.0230827734207908,0.98179748148029,0.987960779836814,-6.5784613682577
ALB,0.00492591598484892,37.1485158143252,0.0223988455509959,0.982336714676453,0.987960779836814,-6.57847733743061
CLIC1,0.00629264417841923,27.5297174904965,0.0160872663521411,0.987313363347093,0.991074557112224,-6.57860204163761
IGHV4-28,-0.00423803842197045,26.8493739175293,-0.0100222133387979,0.992096128183276,0.993982242495412,-6.57868333891193
FHL1,-0.00260643352079625,24.3954467399994,-0.00589163807397418,0.995353592616567,0.995353592616567,-6.57871708561226
