metabolite_name,norm_name,super_pathway,sub_pathway,HMDB_id,KEGG_id,CAS_id,formula,log2FC_PD_R1,pvalue_PD_R1,padj_PD_R1,log2FC_PD_R39,pvalue_PD_R39,padj_PD_R39,log2FC_I4_R1,pvalue_I4_R1,padj_I4_R1,log2FC_I4_R45,pvalue_I4_R45,padj_I4_R45,log2FC_I4_R82,pvalue_I4_R82,padj_I4_R82,concordant,avg_log2FC
Asparagine,asparagine,Amino acids,"Alanine, Aspartate, and Glutamate metabolism",HMDB00168,C00152,70-47-3,C4H8N2O3,-0.496532268994578,0.2751193887562611,0.5358035009419776,0.1062681421323103,0.7907654060743873,0.9216437931952424,0.0498516011164801,0.8666324414104536,0.9514184856318494,-0.2077862089490491,0.5203303930949434,0.9475413111830084,-0.6064556749329273,0.1120987933915254,0.8581466701854294,FALSE,-0.2233403339390489
Creatinine,creatinine,Amino acids,Arginine and Proline metabolism,HMDB00562,C00791,60-27-5,C4H7N3O,-0.0995193106592638,0.745529541114827,0.9068675247999936,-0.2371647659074521,0.4717513899744656,0.8937009496165054,-0.2158317788638025,0.1095169869781242,0.4683643946690702,-0.0302954278178531,0.6313000334579948,0.9475413111830084,-0.0407023091107315,0.5478705098997696,0.9418937937821892,TRUE,-0.1576755447615331
Acetylcarnitine,acetylcarnitine,Lipid metabolism,Carnitine metabolism,HMDB00201,C02571,3040-38-8,C9H17NO4,0.1812172753145605,0.6907142331881059,0.8608344027798343,-0.4645715450238857,0.397818333555952,0.8937009496165054,0.3411790972151824,0.3123789983587958,0.6522357789806338,0.0875729971598652,0.8043044889407158,0.9614274913838028,0.2836029151160157,0.4735009916516469,0.9418937937821892,TRUE,0.2611981862648714
PI 40:6,pi40:6,Glycerophospholipids [GP],Glycerophosphoinositols [GP06],,,,C49H86NO13P,-0.0779696451188609,0.8783747359283887,0.9689763258231,0.3988893650011896,0.4207809426653702,0.8937009496165054,-0.2617529097374418,0.7231742668754417,0.9059766510022896,-0.5113236033405575,0.5245047282623119,0.9475413111830084,-0.5894449039914428,0.4644728057372891,0.9418937937821892,TRUE,-0.1698612774281513
Leucine,leucine,Amino acids,"Valine, leucine and isoleucine degradation/ biosynthesis",HMDB00687,C00123,328-39-2,C6H13NO2,-0.1606787230757306,0.4079966102553438,0.6534334180228053,-0.3839645554597867,0.0831506421698887,0.8937009496165054,0.093094582857431,0.6064187306710718,0.836628725087066,-0.040068901285757,0.8376595139310264,0.969353406585131,-0.1449493962820747,0.4536700104793706,0.9418937937821892,FALSE,-0.0337920701091498
Dimethylarginine,dimethylarginine,Amino acids,Arginine and Proline metabolism,HMDB03334,,30344-00-4,C8H18N4O2,-0.292671734040726,0.100409456750989,0.3764494188759763,-0.1977642450094346,0.2519034496934117,0.8937009496165054,-0.2009603721560682,0.0775517623111691,0.4393682020118479,-0.094340067657639,0.3146576877288667,0.9475413111830084,-0.0570241237748155,0.5752790234685334,0.9545838741071268,TRUE,-0.2468160530983971
PC 28:0,pc28:0,Glycerophosphocholines [GP01],Diacylglycerophosphocholines [GP0101],,,,C36H72NO8P,-0.6562319625437654,0.4642788079112704,0.6884443029009145,0.2378841209806213,0.6804553097440391,0.9139608058986984,-1.1789334159133542,0.0640718716032503,0.4132029385853039,-0.0480627448386172,0.916259136955104,0.983740821045,-0.1359100767080148,0.7730294739137127,0.9947320575600496,TRUE,-0.9175826892285598
Lysophosphatidic Acid,lysophosphatidicacid,Lipid metabolism,"Glycerophospholipid metabolism, choline metabolism",HMDB07855,,22556-62-3,C21H41O7P,0.4123129860034312,0.4733128776399631,0.6932851934003419,-0.0994959489850886,0.8815906317969797,0.9416463138783092,0.1239410757256671,0.410235361326503,0.7144313054895768,-0.1127566431651001,0.449687265580492,0.9475413111830084,-0.1947412349485902,0.2132929314983919,0.8863701787212398,TRUE,0.2681270308645491
Uracil 5-Carboxylic Acid/Isoorotic Acid,uracil5carboxylicacid/isooroticacid,Purine  and pyrimidine metabolism/nucleotide metabolism,Pyrimidine metabolism,,C03030,23945-44-0,C5H4N2O4,-0.3974196769909097,0.5993901897849945,0.779825174751199,-0.1044526803763423,0.8800846174498687,0.9416463138783092,0.0546862592216989,0.8802042192910595,0.9514184856318494,-0.1783104372066643,0.6601924009941389,0.9475413111830084,-0.3861370539438388,0.3917537082021395,0.9269761010096572,FALSE,-0.1713667088846054
Fucose,fucose,Carbohydrate metabolism,Fructose and mannose metabolism; Glycan and glycoprotein component,HMDB00174,C01019,2438-80-4,C6H12O5,0.1247296961893095,0.730835402045576,0.8954507547393368,-0.4293385193357791,0.2607209732707068,0.8937009496165054,-0.3197324324800744,0.3383838104734143,0.6635265153196083,-0.0305653968712418,0.9224931430915612,0.983740821045,-0.3276306618815526,0.2707921653788112,0.9269761010096572,FALSE,-0.0975013681453824
N-Acetydserine,nacetydserine,Amino acids,Amino acid acetylation,HMDB02931,,97-14-3,C5H9NO4,0.2080778532099377,0.287743174653642,0.5485375927687254,0.2330763096497624,0.2398361524090082,0.8937009496165054,-0.1476165722754252,0.3199203581671767,0.6537848462414385,0.0226985542887144,0.8852475664814259,0.9781365830684796,0.2121312119817064,0.1208358047951735,0.8581466701854294,FALSE,0.0302306404672562
PE 34:1,pe34:1,Glycerophosethanolamines [GP01],Glycerophosethanolamines [GP01],,,26662-94-2,C39H76NO8P,-1.105703812006792,0.0566923787573836,0.3392006368211062,0.253490308832474,0.5403633055834947,0.8953345911408636,0.5368878127532982,0.6885203134812752,0.8703072871153323,-3.55365802862399,0.3328175121400309,0.9475413111830084,,,,FALSE,-0.2844079996267468
Glutamine,glutamine,Amino acids,"Alanine, Aspartate, and Glutamate metabolism",HMDB00641,C00064,56-85-9,C5H10N2O3,-0.5945147901162281,0.1140911371057757,0.3829335506050237,-0.2202706578938525,0.492255502045558,0.8937009496165054,0.0675746999884212,0.5641299942674743,0.8287382000476577,0.0597604356647414,0.6070524584540853,0.9475413111830084,0.0462902165895628,0.723887210272999,0.9947320575600496,FALSE,-0.2634700450639035
PC 40:8,pc40:8,Glycerophosphocholines [GP01],Diacylglycerophosphocholines [GP0101],,,,C48H80NO8P,-0.2554656643427399,0.3161033187882933,0.5744416869956485,0.1645065069647252,0.4541146302812143,0.8937009496165054,-0.2933100349698136,0.0446914673858896,0.4113439141027806,-0.0690868210184018,0.5836481480728921,0.9475413111830084,-0.010802286335476,0.9308770467384452,0.9947320575600496,TRUE,-0.2743878496562767
PC 38:8,pc38:8,Glycerophosphocholines [GP01],Diacylglycerophosphocholines [GP0101],,,,C46H76NO8P,-0.428826863949675,0.0992026871393715,0.3764494188759763,-0.0670990191455713,0.7656730299110056,0.9216437931952424,-0.8564651310018933,0.1211685962728043,0.4683643946690702,-0.2541758371372192,0.5580943608904001,0.9475413111830084,0.0625109947279415,0.8714875401186373,0.9947320575600496,TRUE,-0.6426459974757841
Proline,proline,Amino acids,Arginine and Proline metabolism,HMDB00162,C00148,147-85-3,C5H9NO2,-0.6904555711500368,0.0936136357283239,0.3764494188759763,-0.1695672788680744,0.5996998363769093,0.9026025773280164,0.2301517472786091,0.1221612950908682,0.4683643946690702,0.0289203733517664,0.8273476267964343,0.964880738783374,-0.1092026121404926,0.4462767476995871,0.9418937937821892,FALSE,-0.2301519119357138
Bilirubin,bilirubin,Porphyrin metabolism,Porphyrin metabolism,HMDB00054,C00486,635-65-4,C33H36N4O6,0.0149937694225692,0.9784228869665272,0.9993027653760432,-0.4811454565548537,0.4513449405914034,0.8937009496165054,0.6146122110137677,0.2990490821040761,0.6515513817823106,0.4989753160187506,0.3536880876039719,0.9475413111830084,-0.1303437638094321,0.8139281498715659,0.9947320575600496,TRUE,0.3148029902181685
PE 38:6,pe38:6,Glycerophosethanolamines [GP01],Glycerophosethanolamines [GP01],,,,C43H74NO8P,0.0768844514292125,0.8885094271941595,0.9744179297694724,0.2691855379114312,0.5540641279416341,0.8953345911408636,0.30223622023407,0.5582723777716119,0.8255109586065473,-0.532042876407846,0.3767318729285369,0.9475413111830084,-0.4374315274767574,0.4558248826442012,0.9418937937821892,TRUE,0.1895603358316412
Threonine,threonine,Amino acids,"Glycine, serine and threonine metabolism",HMDB00167,C00188,72-19-5,C4H9NO3,-0.2980000713305132,0.4161708970636026,0.6565935020412774,-0.442913633811309,0.2384758414767432,0.8937009496165054,-0.2341041042883265,0.233789214189226,0.6059032010531085,-0.1476069327805739,0.4449176021875815,0.9475413111830084,-0.4232512343187117,0.0569022052285334,0.781112089955323,TRUE,-0.2660520878094198
Kynurenic Acid,kynurenicacid,Amino acids,Tryptophan metabolism,HMDB00715,C01717,492-27-3,C10H7NO3,-0.1964147873933542,0.5486790022629002,0.7452684585100727,-0.4455835641636139,0.2008047549373897,0.8937009496165054,-0.3283958017269264,0.1743162247176487,0.5497665548787385,-0.1078337293586491,0.631720414804471,0.9475413111830084,0.0116330265192005,0.962018505411386,0.9947320575600496,TRUE,-0.2624052945601403
Hippuric Acid,hippuricacid,Amino acids,Phenylalanine metabolism,HMDB00714,C01586,495-69-2,C9H9NO3,-2.385990368784546,0.17538401027414,0.4770142693231998,-0.2755753247241067,0.775913459037874,0.9216437931952424,-0.7789515422048541,0.4941410190386736,0.786575210304444,-0.7108647434290492,0.5229376349420457,0.9475413111830084,-0.1585848066219636,0.8655890977702644,0.9947320575600496,TRUE,-1.5824709554947
PI 38:2,pi38:2,Glycerophospholipids [GP],Glycerophosphoinositols [GP06],,,,C47H90NO13P,-0.9156032085202463,0.0043256878793536,0.1436583711511672,0.2555514643761892,0.2865653324787552,0.8937009496165054,-0.6638985388085151,0.4250245839959874,0.7184386611018111,-0.5490091462326288,0.4217291742082458,0.9475413111830084,-0.200295056917502,0.7436963355337233,0.9947320575600496,TRUE,-0.7897508736643808
Paraxanthine,paraxanthine,Caffeine metabolism,Caffiene metabolism,HMDB01860,C13747,611-59-6,C7H8N4O2,-3.456047536549459,0.0415159786680273,0.3352311277389937,-0.4245194976658273,0.5586161198306122,0.8953345911408636,-0.0351055089140199,0.8815660140283332,0.9514184856318494,-0.0095742485900159,0.9642354019636924,0.983740821045,-0.0585460562069236,0.7637691449232016,0.9947320575600496,TRUE,-1.7455765227317397
Cytosine,cytosine,Purine  and pyrimidine metabolism/nucleotide metabolism,Pyrimidine metabolism,HMDB00630,C00380,71-30-7,C4H5N3O,-0.1003102745035131,0.2493596846111112,0.5243009334855013,-0.1696065284641801,0.0673297736799683,0.8937009496165054,-0.0438676992336731,0.8593529361930456,0.9514184856318494,0.1004884436239319,0.6743456537336856,0.9475413111830084,0.5334787785533184,0.0395539589304661,0.7085838955099125,TRUE,-0.0720889868685931
Thiosulfate,thiosulfate,Amino acids,Cysteine and Methionine metabolism,HMDB00257,C00320,,H2O3S2,-1.03026073917847,0.3083204311442313,0.5688602106783917,-1.3610901730211122,0.2252094773089129,0.8937009496165054,-0.9226373867159526,0.1541402020319136,0.5226859482435567,-1.1257714676524129,0.1027087563896406,0.9475413111830084,-1.7236163121675296,0.039335279552425,0.7085838955099125,TRUE,-0.9764490629472112
N1-Acetylspermidine,n1acetylspermidine,Amino acids,Polyamine metabolism,HMDB01276,C00612,14278-49-0,C9H21N3O,-0.2977342562232494,0.5275217863397985,0.7331855664766803,-0.2721029599316326,0.5453139792584878,0.8953345911408636,0.0398547091416485,0.8355635846086028,0.9424372905349326,0.1603727847195687,0.3747929854159029,0.9475413111830084,0.4487218510772312,0.01064967817828,0.3711003242123732,FALSE,-0.1289397735408004
PC 44:10,pc44:10,Glycerophosphocholines [GP01],Diacylglycerophosphocholines [GP0101],,,,C52H84NO8P,0.330630659866086,0.4047683989883199,0.6532195901831966,-0.1475883341522846,0.7313482017820954,0.921131979732708,0.2828636687156686,0.817416889936794,0.9409478282768764,-1.147343540498757,0.4659339650464887,0.9475413111830084,-1.3757403226203349,0.4124554087964841,0.9269761010096572,TRUE,0.3067471642908773
PC 34:4,pc34:4,Glycerophosphocholines [GP01],Diacylglycerophosphocholines [GP0101],,,,C42H76NO8P,-0.5891759137776371,0.3356266426173463,0.5986705629109873,0.1512548848891392,0.7272280601923091,0.921131979732708,-0.8357075892430738,0.0111037766059705,0.3287483011092887,-0.1973724247591273,0.4652841420227162,0.9475413111830084,-0.0784466062590753,0.739450144519288,0.9947320575600496,TRUE,-0.7124417515103554
2-ketoglutaramate,2ketoglutaramate,Energy metabolism,"Citrate cycle (TCA cycle), Alanine, Aspartate, and Glutamate metabolism",HMDB01552,C00940,,C5H7NO4,-0.170149957088006,0.7211464464954717,0.8887566557395363,-0.5368876581172511,0.2884195416997019,0.8937009496165054,-0.1414512360987288,0.507496763848772,0.7947258350548477,-0.1289390170461373,0.6383632776996929,0.9475413111830084,-0.0423402632366003,0.8554090224576836,0.9947320575600496,TRUE,-0.1558005965933674
N1-Methy4-Pyridone-5-Carboxamide(4-PY),n1methy4pyridone5carboxamide4py,"Cofactor, vitamin and antioxidant metabolism",Nicotinate and nicotinamide metabolism,HMDB04194,C05843,769-49-3,C7H8N2O2,-0.1117736598705452,0.8325232240345737,0.9414607059471218,-0.6591114973985831,0.3053818840172536,0.8937009496165054,-0.3363536302051914,0.1600564738726788,0.5307755126218981,0.1079412414597564,0.624596390845077,0.9475413111830084,-0.0133127849837457,0.9445419449551232,0.9947320575600496,TRUE,-0.2240636450378683
Cysteineglutathione Disulfide,cysteineglutathionedisulfide,"Cofactor, vitamin and antioxidant metabolism",Glutathione metabolism,HMDB00656,,,C13H22N4O8S2,-0.4805863922206536,0.2821679945785402,0.5422903839258885,-0.0413216488959464,0.9178201925245356,0.9573290087590356,-1.2808077643081546,0.1877097049727311,0.5681683016288708,-1.704781375945945,0.1247898921877058,0.9475413111830084,-0.737309363583285,0.3672233980240698,0.9269761010096572,TRUE,-0.8806970782644041
Gentisic Acid,gentisicacid,Amino acids,Tyrosine metabolism,HMDB00152,C00628,490-79-9,C7H6O4,-1.940310868942284,0.0097413160073608,0.1862657697165057,-0.3649622026416325,0.4192471450174683,0.8937009496165054,-0.2408251282020615,0.5191356591497622,0.8023312309255253,-0.0601765641455187,0.8798408057214723,0.9781365830684796,0.042273472770281,0.9046523540934884,0.9947320575600496,TRUE,-1.0905679985721728
PC 42:10,pc42:10,Glycerophosphocholines [GP01],Diacylglycerophosphocholines [GP0101],,,,C50H80NO8P,-0.1679134535197353,0.5373341647814432,0.7370822999501971,-0.0044410227626432,0.9869953200660287,0.9924109154258052,-0.3949939810100727,0.2798435487788255,0.6279076641753747,-0.1459802696257085,0.6586312418421912,0.9475413111830084,-0.1646570784695222,0.6140529884013157,0.9733682641727456,TRUE,-0.281453717264904
Urea,urea,Amino acids,Arginine and Proline metabolism,HMDB00294,C00086,57-13-6,CH4N2O,0.012554277622859,0.9586847561612116,0.9965899195020176,-0.3657096709279696,0.162574878219388,0.8937009496165054,0.0466988051455943,0.7003795842031473,0.8804465545905312,-0.0683633447435803,0.5538048111914511,0.9475413111830084,-0.0424382564097078,0.7206429564093109,0.9947320575600496,TRUE,0.0296265413842266
Fumaric Acid,fumaricacid,Energy metabolism,Citrate cycle (TCA cycle),HMDB00134,C00122,110-17-8,C4H4O4,-0.4131641199233689,0.2659245084016244,0.5354141537644564,-0.7097507533475726,0.0913071107937799,0.8937009496165054,-0.6149568977936444,0.1085738611446026,0.4683643946690702,-0.6377852379740505,0.0927282633725138,0.9475413111830084,-0.2645546261444496,0.4192212735218259,0.9269761010096572,TRUE,-0.5140605088585066
PC 30:0,pc30:0,Glycerophosphocholines [GP01],Diacylglycerophosphocholines [GP0101],,,,C38H76NO8P,-0.6715335169968898,0.2697613398348546,0.5354141537644564,0.0421469128381233,0.9251103893403204,0.9633380913791764,-0.7104284168038739,0.0091893918293252,0.3287483011092887,-0.0658428671794293,0.7977130458350281,0.9607670304912502,-0.0743533403188066,0.7158093355122576,0.9947320575600496,TRUE,-0.6909809669003819
N-FormyGAR (FGAR)--riboside,nformygarfgarriboside,Purine  and pyrimidine metabolism/nucleotide metabolism,Purine metabolism,HMDB01308,C04376,,C8H14N2O6,0.1498844822985738,0.6585733725043688,0.8361364145880417,0.2077284484791981,0.5297262786016788,0.8953345911408636,0.1041797866080578,0.5429149646691499,0.8130780389674174,0.0724932206081345,0.6815436415540042,0.9475413111830084,0.130953128014017,0.4576704710027676,0.9418937937821892,TRUE,0.1270321344533158
Ribose,ribose,Energy metabolism,Pentose phosphate pathway,HMDB00283,C08353,50-69-1,C5H10O5,-0.1627977238436276,0.6761388226318139,0.8515840261091309,-0.947004521994266,0.0823964018076775,0.8937009496165054,-0.0864423754132885,0.5636853940564519,0.8287382000476577,-0.1809992629802637,0.2415111503435262,0.9475413111830084,-0.1266689788740539,0.4008865785346193,0.9269761010096572,TRUE,-0.124620049628458
PE O-36:4,peo36:4,Glycerophosethanolamines [GP01],Glycerophosethanolamines [GP01],,,,C41H76NO7P,-0.7118761962361861,0.0035881493556219,0.1336486752807946,0.038833971256986,0.841779363943308,0.9386212376712992,-0.4535557035490311,0.2777262132111283,0.6279076641753747,0.101728879423491,0.7705988589610554,0.9607670304912502,0.1771588956376506,0.6453842032728012,0.9810706177267752,TRUE,-0.5827159498926087
Sn-Glycero3-Phosphocholine,snglycero3phosphocholine,Lipid metabolism,Glycerophospholipid metabolism,HMDB00086,C00670,28319-77-9,C8H20NO6P,0.0944834801672143,0.7690530869924697,0.9195565501832024,-0.2556958719176601,0.4831948954871083,0.8937009496165054,-0.785217518570151,0.1320460316042155,0.4726409543928665,-0.8709277623443837,0.1093359766710826,0.9475413111830084,-0.9983342739670388,0.0780401572059143,0.8045497613784104,FALSE,-0.3453670192014683
Proline Betaine,prolinebetaine,Amino acids,"Arginine and Proline metabolism, osmolyte",HMDB04827,C10172,471-87-4,C7H13NO2,-2.0523099440996844,0.1107914328779873,0.3823578427076766,0.0418043458399495,0.9558096838775828,0.9737444207683674,-2.0667614973867887,0.0925030845407876,0.44943203779015,-1.54700061147949,0.1405739441889516,0.9475413111830084,-0.336662316147241,0.6313852496696164,0.9810706177267752,TRUE,-2.0595357207432365
Oxalic Acid,oxalicacid,Glycylate and dicarboxylate metabolism,Glyoxylic or Ascorbic acid metabolism,HMDB02329,C00209,144-62-7,C2H2O4,-0.2829611029522216,0.4632834502447321,0.6884443029009145,-0.6441850063350014,0.1447968968819088,0.8937009496165054,0.0684641353450554,0.1802071852922562,0.551057338913218,0.0283603628870557,0.5831074560243853,0.9475413111830084,0.048937296350858,0.4002033523181012,0.9269761010096572,FALSE,-0.1072484838035831
Citrulline,citrulline,Amino acids,Arginine and Proline metabolism,HMDB00904,C00327,372-75-8,C6H13N3O3,0.0300328732105849,0.8399718916352981,0.946468327896202,-0.0581773663451931,0.719986970213889,0.9200644852631849,-0.4351670687571199,0.1029336289078906,0.4683643946690702,0.0812036095706026,0.6994585943786457,0.9475413111830084,0.0673473960610934,0.7452967951702173,0.9947320575600496,FALSE,-0.2025670977732675
3-Hydroxyphenylacetic Acid,3hydroxyphenylaceticacid,Amino acids,Tyrosine/phenylalanin metabolism,HMDB00440,C05593,621-37-4,C8H8O3,-0.0361298074853398,0.9280300938473798,0.9827939830025284,-0.3640122892813164,0.3962675572967733,0.8937009496165054,0.163973405263776,0.6084572546087752,0.836628725087066,-0.2269105856206927,0.5099385023109734,0.9475413111830084,0.3771771583302233,0.319523766356466,0.9269761010096572,FALSE,0.063921798889218
Spermine,spermine,Amino acids,Polyamine metabolism,HMDB01256,C00750,71-44-3,C10H26N4,0.074184701503855,0.7958478025514244,0.9271713300114364,0.1172576346093705,0.6402692663626597,0.9139608058986984,0.2011363537913722,0.4253659654956061,0.7184386611018111,0.265944619216892,0.2434973080814668,0.9475413111830084,0.1423349887184504,0.5363580026186175,0.9418937937821892,TRUE,0.1376605276476136
Succinic Semialdehyde,succinicsemialdehyde,Amino acids,"Alanine, Aspartate, and Glutamate metabolism",HMDB01259,C00232,692-29-5,C4H6O3,-0.4750263658925902,0.4417641065522764,0.675253454850774,-0.4487697318903991,0.4379408302386809,0.8937009496165054,0.3757963981162013,0.2072854876380428,0.5842859682797332,1.1752538005819602,0.0775422021058844,0.9475413111830084,1.5699576966386384,0.0015531042043182,0.1407112409112325,FALSE,-0.0496149838881944
Trigonelline/N-Methylnicotinate,trigonelline/nmethylnicotinate,"Cofactor, vitamin and antioxidant metabolism",Nicotinate and nicotinamide metabolism,HMDB00875,C01004,535-83-1,C7H7NO2,-2.952680240615224,0.052158949039958,0.3392006368211062,0.5285038573187385,0.3659055571144585,0.8937009496165054,-1.4580136795067449,0.1808347808407012,0.551057338913218,-1.0769240127803528,0.2566255940003211,0.9475413111830084,-0.820565371564213,0.3522320976407883,0.9269761010096572,TRUE,-2.205346960060984
Sorbitol,sorbitol,Carbohydrate metabolism,Fructose and mannose metabolism; galactose metabolism,HMDB00247,C00749,50-70-4,C6H14O6,-2.0491585473245304,0.2029652564950257,0.5005175660219998,-0.9401323927784292,0.4184964665589722,0.8937009496165054,0.2609576119314088,0.5750504789757729,0.8303133158069599,-0.5595757271098959,0.1064817070299271,0.9475413111830084,0.6644202680692172,0.0932743540055359,0.8448337887804866,FALSE,-0.8941004676965608
Methylglyoxal,methylglyoxal,Amino acids,"Glycine, serine, and threonine metabolism,pyruvate metabolism",HMDB01167,C00546,78-98-8,C3H4O2,-1.736359202409252,0.216278780132955,0.5169390540299038,-1.966024378547628,0.1898481556894516,0.8937009496165054,-0.2422379025052343,0.1392521423392233,0.4830978168845363,-0.2303983414289355,0.1621343683031208,0.9475413111830084,-0.5481731810279892,0.0081473087380912,0.335520987123213,TRUE,-0.9892985524572432
Lysine,lysine,Amino acids,Lysine metabolism,HMDB00182,C00047,56-87-1,C6H14N2O2,-0.0118942911758831,0.9586103683713344,0.9965899195020176,-0.0581774418247833,0.8019581882264146,0.9219946801351102,-0.270910769379961,0.2225886512205441,0.5940087674583753,-0.1865237493396523,0.3923021357312773,0.9475413111830084,-0.2633549363001289,0.2281894096634794,0.8911189877375535,TRUE,-0.141402530277922
Myo-Inositol,myoinositol,Carbohydrate metabolism,Galactose metabolism,HMDB00211,C00137,87-89-8,C6H12O6,-1.7133862515864458,0.0801601471542276,0.3757060585861598,-0.8281676100184016,0.2581440383328891,0.8937009496165054,-0.3148768359502262,0.2437095441713779,0.6106672304348486,-0.2627663330125278,0.3150785486571709,0.9475413111830084,-0.2091833985808968,0.3990322638862528,0.9269761010096572,TRUE,-1.014131543768336
PC 44:8,pc44:8,Glycerophosphocholines [GP01],Diacylglycerophosphocholines [GP0101],,,,C52H88NO8P,0.1353489219010471,0.6569512527917127,0.8357585494184894,-0.2325927738735209,0.4275979680361251,0.8937009496165054,0.226838757058159,0.5222680125215553,0.8023312309255253,0.0139459515020423,0.9688510274834417,0.983740821045,-0.057413207745443,0.8671536505550622,0.9947320575600496,TRUE,0.181093839479603
PC 38:3,pc38:3,Glycerophosphocholines [GP01],Diacylglycerophosphocholines [GP0101],,,,C46H86NO8P,0.0880301330943345,0.6112968884182375,0.7888105042779302,0.1285016214468009,0.4832615902104211,0.8937009496165054,-0.2722911604585762,0.0325340037315927,0.3762265559730339,0.0205466831288055,0.8476145396141721,0.973347642677144,0.1501535167688816,0.1595848890441079,0.870687317766254,FALSE,-0.0921305136821208
Kynurenine,kynurenine,Amino acids,Tryptophan metabolism,HMDB00684,C00328,2922-83-0,C10H12N2O3,-0.2868934178474395,0.1057576412257211,0.3792143066264267,-0.2201247093836459,0.126810469493938,0.8937009496165054,-0.3428803506130656,0.1225432340819296,0.4683643946690702,-0.1856582631651886,0.3561912089653294,0.9475413111830084,-0.1308889700509076,0.5305492190611036,0.9418937937821892,TRUE,-0.3148868842302526
PI 36:2,pi36:2,Glycerophospholipids [GP],Glycerophosphoinositols [GP06],,,,C45H86NO13P,-0.4834032795449794,0.1074929956124197,0.3823578427076766,0.1377581866574646,0.5889331736298657,0.8994552033274821,-0.4797442461513199,0.3885390303257036,0.6953615185590964,-0.194487577145754,0.6992274214294514,0.9475413111830084,-0.1479183852003499,0.7634682073717011,0.9947320575600496,TRUE,-0.4815737628481497
Aconitic Acid,aconiticacid,Energy metabolism,"Citrate cycle (TCA cycle), trans isomer of cis-Aconitic acid",HMDB00072,C00417,4023-65-8,C6H6O6,-0.7071162841688493,0.3118197998481578,0.5719717840238011,-1.502702301359336,0.1146699687077216,0.8937009496165054,-0.4495461041981606,0.0547612013672412,0.4132029385853039,-0.4756518300013558,0.0843852612529214,0.9475413111830084,-0.5046779621467435,0.0363974464649041,0.7085838955099125,TRUE,-0.578331194183505
Pantothenic Acid,pantothenicacid,Energy metabolism,Pantothenate and CoA biosynthesis,HMDB00210,C00864,79-83-4,C9H17NO5,-1.2547645338890396,0.227636957193631,0.5185424114097582,-1.5309042905966856,0.1543818698912825,0.8937009496165054,-0.1431656927378315,0.6802868760561163,0.8642517777501646,-0.0128328859849209,0.9793032555372116,0.9846223714097304,-0.0323032877755567,0.929661654418722,0.9947320575600496,TRUE,-0.6989651133134356
Hydroquinone,hydroquinone,Amino acids,Tyrosine metabolism,HMDB02434,C00530,123-31-9,C6H6O2,-2.4102199793001224,0.0068331982985013,0.1658364663982438,0.0654329358286446,0.8882979172116753,0.9416463138783092,-1.6079273405764596,0.0411417030316752,0.4033675666801199,-0.3639231541577394,0.457281513708704,0.9475413111830084,0.3131634529334782,0.491750752921954,0.9418937937821892,TRUE,-2.009073659938291
Butyric Acid,butyricacid,Butyrate metabolism,Butyrate metabolism,HMDB00039,C00246,107-92-6,C4H8O2,-0.3619825931984642,0.7704682844324987,0.9195565501832024,-0.2830645387799223,0.8141726135623223,0.9241959397193928,0.1695600050558203,0.8553069350572171,0.9514184856318494,0.3599647213970277,0.6834821335041046,0.9475413111830084,-0.1996442786789729,0.8219176616214938,0.9947320575600496,FALSE,-0.0962112940713219
Ribothymidine,ribothymidine,Purine  and pyrimidine metabolism/nucleotide metabolism,Nucleotide modification,HMDB00884,C16744,1463-10-1,C10H14N2O6,0.2658814585472184,0.3071382106214371,0.5683407944343895,0.0718747372863899,0.7617461456978566,0.9216437931952424,-0.1268371935231624,0.5705672291500998,0.8303133158069599,-0.0705370461883852,0.6690607699207385,0.9475413111830084,0.2545414263869674,0.1316824274264453,0.8581466701854294,FALSE,0.069522132512028
3-Methylhistidine,3methylhistidine,Amino acids,Histidine Metabolism,HMDB00479,C01152,368-16-1,C7H11N3O2,-0.0164148095117199,0.95524885791378,0.9965899195020176,-0.1728492339833038,0.5631943539743385,0.8953345911408636,-1.2808911645608336,0.1584233330905812,0.5292512831396454,-0.6554482064575475,0.3858251919139819,0.9475413111830084,-0.9932788168512074,0.2368878777354247,0.8932425552477279,TRUE,-0.6486529870362767
Glycine,glycine,Amino acids,"Glycine, serine, and threonine metabolism",HMDB00123,C00037,56-40-6,C2H5NO2,-0.1859642662029964,0.5305686980010885,0.7341860711374711,-0.1231066381367923,0.6753814091312682,0.9139608058986984,0.2445767335992913,0.4285144120540736,0.7184386611018111,0.0984324726176713,0.7584638057551127,0.9607670304912502,-0.1359498157219394,0.7051711065230731,0.9947320575600496,FALSE,0.0293062336981474
PE O-38:5,peo38:5,Glycerophosethanolamines [GP01],Glycerophosethanolamines [GP01],,,,C43H78NO7P,0.0024602127446797,0.991540406304008,0.9993027653760432,-0.0510756075336563,0.788886789692103,0.9216437931952424,0.0702557114202346,0.7401486140999896,0.9188335127824035,0.1592733304629769,0.3895842351906455,0.9475413111830084,0.0015790165077544,0.993424419891377,0.9986600788327176,TRUE,0.0363579620824571
PC 32:3,pc32:3,Glycerophosphocholines [GP01],Diacylglycerophosphocholines [GP0101],,,,C40H74NO8P,-0.5173295994120175,0.2676618629511264,0.5354141537644564,-0.1849101087037288,0.5935904067789122,0.8994552033274821,-1.4254235762959246,0.0346800969986499,0.383917564409946,-0.038221139878273,0.9353661935826968,0.983740821045,-0.2813520273722846,0.538991462535646,0.9418937937821892,TRUE,-0.9713765878539712
PC 36:6,pc36:6,Glycerophosphocholines [GP01],Diacylglycerophosphocholines [GP0101],,,,C44H76NO8P,-0.4442080429590202,0.4807390527344209,0.6978743236700867,0.1553454116855762,0.7453480246311208,0.9216437931952424,-1.1016221909843034,0.0211847213147898,0.3287483011092887,-0.3483826262787446,0.340008624876964,0.9475413111830084,-0.1473387237416688,0.6383919285996076,0.9810706177267752,TRUE,-0.7729151169716618
N-Acetycysteine,nacetycysteine,"Cofactor, vitamin and antioxidant metabolism",Glutathione synthesis,HMDB01890,C06809,616-91-1,C5H9NO3S,-0.0011102446497472,0.9897145970419938,0.9993027653760432,-0.0323751483764798,0.695814447837559,0.9183848389773136,0.2280143820496422,0.4242175118377393,0.7184386611018111,-0.1012320269001667,0.6643744118379924,0.9475413111830084,-0.1103483564706606,0.6450861956306303,0.9810706177267752,FALSE,0.1134520686999474
Citraconic Acid,citraconicacid,Amino acids,"Valin, leucine, isoleucine biosynthesis",HMDB00634,C02226,498-23-7,C5H6O4,-0.6288246440416758,0.1254518160896347,0.4018278982363428,-0.3318597566923423,0.3641797872605194,0.8937009496165054,-1.0796742520205704,0.126925792011182,0.470632807493079,-0.7904471226497081,0.2166408870128154,0.9475413111830084,-0.3032496065785072,0.5677922180209877,0.9488221465481652,TRUE,-0.8542494480311231
Serine,serine,Amino acids,"Glycine, serine and threonine metabolism",HMDB00187,C00065,56-45-1,C3H7NO3,-0.1867829078988095,0.3889362141131884,0.6532195901831966,0.0467393955141441,0.8391630257210329,0.937362954262856,0.2254388023259957,0.2351065636015387,0.6059032010531085,-0.0821532632172413,0.6848759373969855,0.9475413111830084,-0.183790660719868,0.4232324417690811,0.9269761010096572,FALSE,0.0193279472135931
Cortisol,cortisol,Lipid metabolism,Steroid hormone biosynthesis,HMDB00063,C00735,50-23-7,C21H30O5,-0.1543169510359431,0.6295392829914896,0.8106924236074081,-1.3618096422367536,0.0070528114744563,0.6602056906916773,0.6405150708327482,0.3688350011637201,0.6782079652228593,0.0469350186201764,0.9502740420109363,0.983740821045,0.0251201580370502,0.9730065015414782,0.9957852654521668,FALSE,0.2430990598984025
2-Methylcitric Acid,2methylcitricacid,Amino acids,Lysine biosynthesis,HMDB03518,C01251,,C7H10O7,-0.8270453436730055,0.2698856607935329,0.5354141537644564,-1.3023931770668091,0.1366062307804641,0.8937009496165054,-0.0349446891930255,0.84795563379253,0.948952830869556,-0.1070815517606902,0.5922742694036279,0.9475413111830084,0.0460039214285403,0.8452155438650905,0.9947320575600496,TRUE,-0.4309950164330155
PI 36:3,pi36:3,Glycerophospholipids [GP],Glycerophosphoinositols [GP06],,,,C45H84NO13P,-1.053801168855787,0.0241798721555779,0.2831177242834846,0.2607392481291607,0.4193380290070356,0.8937009496165054,-0.5020284469905417,0.3243231950480273,0.6537848462414385,-0.1398553685813782,0.7605622763916134,0.9607670304912502,-0.1746013932895531,0.6928195870734579,0.9947320575600496,TRUE,-0.7779148079231644
Alanine,alanine,Amino acids,"Alanine, Aspartate, and Glutamate metabolism",HMDB00161,C00041,56-41-7,C3H7NO2,-0.2105715559277204,0.2738866305555317,0.5354141537644564,0.0869257119489255,0.6557744559349334,0.9139608058986984,-0.128087871220748,0.3371082387081675,0.6635265153196083,-0.1601211687953425,0.1830976144176287,0.9475413111830084,-0.3839683377516998,0.0069689423209381,0.315693087138497,TRUE,-0.1693297135742342
2-Hydroxy-isovaleric acid,2hydroxyisovalericacid,Amino acids,"Valine, leucine, and isoleucine biosynthesis / degradation",,,,C5H10O3,1.5859882507794556,0.002797917261436,0.1336486752807946,0.1944472210759653,0.6777821124810699,0.9139608058986984,0.1313064876174538,0.6527910278693025,0.8508923513556516,0.0866864475950336,0.779542448893291,0.9607670304912502,-0.0835106491632502,0.781474834127959,0.9947320575600496,TRUE,0.8586473691984547
PC 42:9,pc42:9,Glycerophosphocholines [GP01],Diacylglycerophosphocholines [GP0101],,,,C50H82NO8P,-0.1933514496003434,0.2011877850027039,0.5004961709028757,-0.0456051709393843,0.7614331561889859,0.9216437931952424,-0.4646300290068941,0.10699974101497,0.4683643946690702,0.0163261226100253,0.9452392219074994,0.983740821045,0.1537002258584852,0.5281586384972194,0.9418937937821892,TRUE,-0.3289907393036188
PC 34:0,pc34:0,Glycerophosphocholines [GP01],Diacylglycerophosphocholines [GP0101],,,,C42H84NO8P,-0.1352556792056481,0.5267857702640484,0.7331855664766803,0.1724743923513729,0.3806224248546478,0.8937009496165054,0.7025468714479577,0.0579243891693131,0.4132029385853039,0.5582832564436355,0.1529958415892386,0.9475413111830084,0.5140651444388972,0.2178881714346557,0.8863701787212398,FALSE,0.2836455961211548
Beta-Alanine,betaalanine,Purine  and pyrimidine metabolism/nucleotide metabolism,Pyrimidine metabolism,HMDB00056,C00099,107-95-9,C3H7NO2,-0.2117159629539346,0.2723702046452879,0.5354141537644564,0.0862130003611979,0.658592350108732,0.9139608058986984,-0.2954477736458043,0.426029426157166,0.7184386611018111,-0.4385590264598234,0.2449155394931454,0.9475413111830084,-0.8872220647550404,0.0504290300258886,0.7617638546450011,TRUE,-0.2535818682998694
4-Imidazoleacetic Acid,4imidazoleaceticacid,Amino acids,Histidine metabolism,HMDB02024,C02835,645-65-8,C5H6N2O2,-0.040939194759596,0.8721720183694406,0.9689763258231,-0.1533319134100889,0.5336325047877406,0.8953345911408636,0.1825943621961952,0.3290871786684615,0.655057892400667,0.1861788966724052,0.3199741303376237,0.9475413111830084,0.0266420350376047,0.8944809638705837,0.9947320575600496,FALSE,0.0708275837182996
Succinic Acid,succinicacid,Energy metabolism,Citrate cycle (TCA cycle),HMDB00254,C00042,110-15-6,C4H6O4,1.1187423942907293,0.1640357185253788,0.453976045568044,-0.5895463299316149,0.2447568298032334,0.8937009496165054,0.0045839373146313,0.9640249636345226,0.986479675918489,-0.155916079807206,0.1732536271057506,0.9475413111830084,-0.1614199131588906,0.1428416849928095,0.8581466701854294,TRUE,0.5616631658026803
Indoxyl Sulfate,indoxylsulfate,Amino acids,Tryptophan metabolism,HMDB00682,,2642-37-7,C8H7NO4S,-0.6462433308470323,0.260776753653806,0.5351482151105263,-0.138196662021853,0.7816721110939227,0.9216437931952424,-0.0171332933136736,0.9662223175669044,0.986479675918489,-0.0741457858860627,0.8579927264568712,0.9733941635458688,-0.1241797298973884,0.794095241587033,0.9947320575600496,TRUE,-0.331688312080353
Sphingosine 1-phosphate,sphingosine1phosphate,Lipid metabolism,Sphingolipid metabolism,HMDB00277,C06124,26993-30-6,C18H38NO5P,0.0032479047692759,0.9871348487539922,0.9993027653760432,-0.277570216909017,0.1755280817969963,0.8937009496165054,-0.7082665476575486,0.0008219640556641,0.185352894552272,-0.3902975946817436,0.0403937380846048,0.9475413111830084,-0.3513163672491768,0.0401070045226086,0.7085838955099125,FALSE,-0.3525093214441363
PC 34:2,pc34:2,Glycerophosphocholines [GP01],Diacylglycerophosphocholines [GP0101],HMDB08004,C00157,8002-43-5,C42H80NO8P,-0.0657121384249232,0.4080075542012445,0.6534334180228053,-0.0385963820350387,0.6248376444839309,0.9091171270782366,0.132387656349878,0.4253711669574266,0.7184386611018111,-0.0468708821064838,0.7886622102087746,0.9607670304912502,-0.0049605621469181,0.9760014522312628,0.9957852654521668,FALSE,0.0333377589624774
PE 38:3,pe38:3,Glycerophosethanolamines [GP01],Glycerophosethanolamines [GP01],,,,C43H80NO8P,-0.71700845190588,0.0176625021474703,0.2371284862777401,0.1469969027359513,0.4759078306976961,0.8937009496165054,0.1370422719854313,0.855086040230275,0.9514184856318494,-0.985365899482326,0.2960076127835379,0.9475413111830084,-0.2948787895486928,0.7324845512873699,0.9947320575600496,FALSE,-0.2899830899602243
Sucrose,sucrose,Carbohydrate metabolism,Galactose metabolism; starch and sucrose metabolism,HMDB00258,C00089,57-50-1,C12H22O11,-1.7220211092131723,0.2064178146438947,0.5005175660219998,-1.978397770508676,0.1777934042876877,0.8937009496165054,-1.27656612885822,0.3582701385783867,0.6716913961512664,,,,-0.0090204944913145,0.9910419172853882,0.9986600788327176,TRUE,-1.4992936190356962
Glycolic Acid,glycolicacid,Glycylate and dicarboxylate metabolism,Glyoxylate and dicarboxylate metabolism,HMDB00115,C00160,79-14-1,C2H4O3,-0.1223373186928895,0.475345873903846,0.6932851934003419,-0.1965961159784442,0.2272948469085282,0.8937009496165054,-0.2320170412373567,0.0218873859290957,0.3287483011092887,-0.1045002306710801,0.1944724129321434,0.9475413111830084,0.2473470053838913,0.0207849330176537,0.5884734160623225,TRUE,-0.1771771799651231
4-Hydroxy-Proline,4hydroxyproline,Amino acids,Arginine and Proline metabolism,,C01157,2584-71-6,C5H9NO3,0.4354672186582283,0.4004510063313676,0.6532195901831966,0.2264758202534892,0.6456546108544632,0.9139608058986984,0.4502551369756872,0.2184252273412333,0.5880403552006206,0.0102377704174049,0.9802365256573486,0.9846223714097304,-0.5347054055503477,0.2569807904870726,0.9166322684302668,TRUE,0.4428611778169578
Erythrose,erythrose,Carbohydrate metabolism,Carbohydrates,,C01796,583-50-6,C4H8O4,-0.0683753814987015,0.8938308634869676,0.9763563161764268,-0.7683406711376942,0.2276242331979738,0.8937009496165054,0.0032098934234358,0.9891568137065984,0.9943092592316188,-0.3334161728998293,0.2257465902183465,0.9475413111830084,-0.3771486533362368,0.1744146987727393,0.870687317766254,FALSE,-0.0325827440376328
PC 28:1,pc28:1,Glycerophosphocholines [GP01],Diacylglycerophosphocholines [GP0101],,,,C36H70NO8P,-0.6415325029703316,0.2701403267662553,0.5354141537644564,0.3091819095347231,0.4754883176320539,0.8937009496165054,-2.04184971851804,0.0349015967645405,0.383917564409946,0.6475253190060631,0.2272632019258413,0.9475413111830084,-0.0514177489388826,0.9350232745914824,0.9947320575600496,TRUE,-1.3416911107441858
Citric Acid,citricacid,Energy metabolism,Citrate cycle (TCA cycle),HMDB00094,C00158,77-92-9,C6H8O7,-0.8536494663112646,0.2210687665729193,0.5185424114097582,-1.2273935946494563,0.1205084297895877,0.8937009496165054,0.0389941316158634,0.7422321962254023,0.9188335127824035,-0.0980002954843531,0.4938547777204686,0.9475413111830084,-0.0412732082302718,0.7601122150418901,0.9947320575600496,FALSE,-0.4073276673477006
PC 38:7,pc38:7,Glycerophosphocholines [GP01],Diacylglycerophosphocholines [GP0101],,,,C46H78NO8P,-0.6307953765270078,0.1920824615075011,0.4908454359890197,0.1546645583041648,0.6758569703652519,0.9139608058986984,-0.455348099512974,0.0672911656608407,0.4157303522334134,-0.1851620451679387,0.3927239089863586,0.9475413111830084,0.0215551010384164,0.9156384442032022,0.9947320575600496,TRUE,-0.5430717380199909
PE 38:4,pe38:4,Glycerophosethanolamines [GP01],Glycerophosethanolamines [GP01],,,,C43H78NO8P,-0.339004557893008,0.1449098925189018,0.436270370371161,0.2457213398561856,0.2039809854693493,0.8937009496165054,0.4033066684721607,0.359999557041207,0.6716913961512664,-0.202678239736662,0.6604566415987136,0.9475413111830084,-0.0823747755300007,0.8555004386782057,0.9947320575600496,FALSE,0.0321510552895763
Isoleucine,isoleucine,Amino acids,"Valine, leucine, isoleucine biosynthesis",HMDB00172,C00407,73-32-5,C6H13NO2,-0.000262425936169,0.9988166678075616,0.9993027653760432,-0.1678351627649661,0.3895208362529593,0.8937009496165054,0.1090620281804949,0.5480614719425607,0.8130780389674174,-0.1201501452263693,0.5495399257810791,0.9475413111830084,-0.2329835535595642,0.2731437948198932,0.9269761010096572,FALSE,0.0543998011221629
2-Aminoadipic Acid,2aminoadipicacid,Amino acids,Lysine degradation,HMDB00510,C00956,542-32-5,C6H11NO4,0.0992375444428558,0.8323026067951145,0.9414607059471218,0.3458974703095379,0.3216599389175633,0.8937009496165054,-0.0659982685000023,0.7008432662926845,0.8804465545905312,-0.0995042706191853,0.6011923748941446,0.9475413111830084,0.2565153974646799,0.2035886541329444,0.8863701787212398,FALSE,0.0166196379714267
PC 38:4,pc38:4,Glycerophosphocholines [GP01],Diacylglycerophosphocholines [GP0101],,,,C46H84NO8P,0.0088920936337001,0.9687508359962878,0.9993027653760432,-0.0346545699613686,0.8745750153806908,0.9416463138783092,-0.1962759329564246,0.094414693764925,0.44943203779015,0.1480353142139271,0.2308687909632578,0.9475413111830084,0.1515430297803523,0.1283370516135566,0.8581466701854294,FALSE,-0.0936919196613622
Glyceric Acid,glycericacid,Glycylate and dicarboxylate metabolism,Glyoxylate and dicarboxylate metabolism,HMDB00139,C00258,14028-62-7,C3H6O4,-0.5654613024681253,0.1266518053287956,0.4036226725377274,-0.3605545804619824,0.2897248706038517,0.8937009496165054,-0.329036568940235,0.2125606922786185,0.5880403552006206,-0.5126100173961944,0.0706252670690805,0.9475413111830084,-0.4436401276948725,0.1109356201092743,0.8581466701854294,TRUE,-0.4472489357041801
O-Succinylhomoserine,osuccinylhomoserine,Amino acids,Cysteine and methionine metabolism,,C01118,1492-23-5,C8H13NO6,-0.2035002826376028,0.6916688466075689,0.8608344027798343,-0.0086268313279537,0.9876851491618728,0.9924109154258052,-0.3429140558259274,0.3768485599578464,0.6853173408910835,,,,1.2841526660407194,0.0001297951600936,0.0293986037612011,TRUE,-0.2732071692317651
Tyrosine,tyrosine,Amino acids,Tyrosine metabolism,HMDB00158,C00082,60-18-4,C9H11NO3,-0.5565461560146924,0.0701573337488749,0.3612660412019187,-0.3728196798115951,0.1951235182647777,0.8937009496165054,0.0236779200548019,0.894459394635317,0.95592698336618,-0.0046817328151638,0.9778496994537964,0.9846223714097304,0.0093013510527901,0.9571314976120868,0.9947320575600496,FALSE,-0.2664341179799452
Phosphocholine,phosphocholine,Lipid metabolism,"Glycerophospholipid metabolism, choline metabolism",HMDB01565,C00588,107-73-3,C5H14NO4P,-1.300672863378369,0.0411402844073283,0.3352311277389937,-0.4364180245218431,0.3471869569885003,0.8937009496165054,0.2678506567870508,0.1156773403102583,0.4683643946690702,-0.0577829515345071,0.6814694653394495,0.9475413111830084,-0.4266209722369516,0.0033758255570025,0.2055112657783749,FALSE,-0.5164111032956591
Nicotinamide N-Oxide,nicotinamidenoxide,"Cofactor, vitamin and antioxidant metabolism",Nicotinate and nicotinamide metabolism,HMDB02730,,1986-81-8,C6H6N2O2,0.0279781675869789,0.8305309376153059,0.9414607059471218,0.095690028324875,0.6010733347946852,0.9026025773280164,-0.0404577967479514,0.8595195481370093,0.9514184856318494,-0.6984876898239242,0.0098884289708574,0.9475413111830084,0.6258507855537456,0.0163780281064634,0.494616448815195,FALSE,-0.0062398145804862
Xanthine,xanthine,Purine  and pyrimidine metabolism/nucleotide metabolism,Purine metabolism,HMDB00292,C00385,69-89-6,C5H4N4O2,0.0745244886862498,0.9282424294244128,0.9827939830025284,,,,1.0153321368077484,0.0571251123083362,0.4132029385853039,0.4812300357661165,0.1896507657436423,0.9475413111830084,-0.014385810092731,0.9723932068397548,0.9957852654521668,TRUE,0.544928312746999
Maleic Acid,maleicacid,"Cofactor, vitamin and antioxidant metabolism",Nicotinate and nicotinamide metabolism,HMDB00176,C01384,110-16-7,C4H4O4,-1.009200272106569,0.1110242775556145,0.3823578427076766,-0.9819814981314848,0.1148853584303526,0.8937009496165054,-1.228635298457966,0.2988842846634219,0.6515513817823106,-1.1812506453103184,0.3106204696671247,0.9475413111830084,-1.0850227875882823,0.3385327480979843,0.9269761010096572,TRUE,-1.1189177852822674
Uric Acid,uricacid,Purine  and pyrimidine metabolism/nucleotide metabolism,Purine metabolism,HMDB00289,C00366,69-93-2,C5H4N4O3,-0.4006492707942492,0.2643049408003422,0.5354141537644564,-0.6109821217948849,0.1029548054290298,0.8937009496165054,-0.0734587148441744,0.7949950372352399,0.931279900761281,0.0976508251262272,0.7076698003181965,0.9484887771428964,-0.016205229255863,0.951864968385074,0.9947320575600496,TRUE,-0.2370539928192118
Adenosine,adenosine,Purine  and pyrimidine metabolism/nucleotide metabolism,Purine metabolism,HMDB00050,C00212,58-61-7,C10H13N5O4,0.3601834331296339,0.1057713438450889,0.3792143066264267,1.084867100798397,0.0191082426344814,0.8937009496165054,-0.7538307902000876,0.2765550052272543,0.6279076641753747,,,,4.543860949053283,0.2112736545611108,0.8863701787212398,FALSE,-0.1968236785352268
PC 36:3,pc36:3,Glycerophosphocholines [GP01],Diacylglycerophosphocholines [GP0101],,,,C44H82NO8P,-0.4091655179006883,0.000923076573286,0.0853448790712121,-0.0613585090747409,0.4919832276465141,0.8937009496165054,-0.2167161290320541,0.0521337021967327,0.4132029385853039,-0.0723333903799396,0.4862427332891944,0.9475413111830084,0.0232493532875378,0.8067448512706581,0.9947320575600496,TRUE,-0.3129408234663712
Hypoxanthine,hypoxanthine,Purine  and pyrimidine metabolism/nucleotide metabolism,Purine metabolism,HMDB00157,C00262,68-94-0,C5H4N4O,-0.226955906239499,0.5586583310850823,0.7490450669602555,-0.3352642891178993,0.3614044723320572,0.8937009496165054,2.435586492157781,5.140249533212322e-06,0.0023182525394787,0.0441478577605988,0.9425487598854992,0.983740821045,-2.3535072474575127,0.0736366764750248,0.8045497613784104,FALSE,1.104315292959141
Succinoadenosine,succinoadenosine,Purine  and pyrimidine metabolism/nucleotide metabolism,Purine metabolism,HMDB00912,,4542-23-8,C14H17N5O8,-0.773622036545381,0.2414871878259786,0.5185424114097582,-1.0658153489683804,0.1436043595800731,0.8937009496165054,-0.1049297472900076,0.77096039547116,0.9269571401909784,0.0964143302765498,0.7876029748091807,0.9607670304912502,0.1680358102335061,0.6145327230759497,0.9733682641727456,TRUE,-0.4392758919176943
Homovanillic Acid,homovanillicacid,Amino acids,Tyrosine metabolism; dopamine/catecholamine metabolite,HMDB00118,C05582,306-08-1,C9H10O4,-0.9411067508618224,0.1355467304657339,0.4202853305000577,-1.3663945820605294,0.0503503031658448,0.8937009496165054,-0.1440625881016917,0.6265301688298255,0.8372740894061015,-0.1180542193507915,0.659547903568479,0.9475413111830084,-0.255154837904383,0.3919862175973609,0.9269761010096572,TRUE,-0.5425846694817571
Trimethylamine N-Oxide,trimethylaminenoxide,Lipid metabolism,Glycerophospholipid metabolism,HMDB00925,,1184-78-7,C3H9NO,0.0563072421681396,0.9167866224481748,0.9827939830025284,-0.5190034429772548,0.3845967152375167,0.8937009496165054,-0.2158420980905274,0.7728068397157604,0.9269571401909784,-0.5917410509841886,0.4881982468543185,0.9475413111830084,-1.0698500944099265,0.2606980106379298,0.9226265532732988,FALSE,-0.0797674279611939
PC 32:2,pc32:2,Glycerophosphocholines [GP01],Diacylglycerophosphocholines [GP0101],,,,C40H76NO8P,-0.6367972602304449,0.2740261302476635,0.5354141537644564,0.1065029127864179,0.7930634619855402,0.9216437931952424,-0.927649835077805,0.0302808851079048,0.3593862943069761,-0.119503842994021,0.7327850893900789,0.9554656453837648,-0.0881294914111381,0.7911344534992204,0.9947320575600496,TRUE,-0.7822235476541249
PC 40:7,pc40:7,Glycerophosphocholines [GP01],Diacylglycerophosphocholines [GP0101],,,,C48H82NO8P,-0.310719812243146,0.2617527807326766,0.5351482151105263,0.0994987917006714,0.6703990678386473,0.9139608058986984,-0.4427769887063971,0.0194351409089786,0.3287483011092887,-0.1259168214434453,0.4514783949525068,0.9475413111830084,-0.0333888186830492,0.8288032482465939,0.9947320575600496,TRUE,-0.3767484004747715
PC 35:2,pc35:2,Glycerophosphocholines [GP01],Diacylglycerophosphocholines [GP0101],HMDB08330,C00157,,C43H82NO8P,-0.6831035780366991,0.0049375515755818,0.1447467711342672,0.029745680294091,0.8553120635100012,0.9393125904873764,-0.2701560227851969,0.0585895871538247,0.4132029385853039,-0.095688842486058,0.5011810415075071,0.9475413111830084,-0.1880169855244937,0.1518658213113473,0.8630127629705026,TRUE,-0.476629800410948
PC O-34:3,pco34:3,Glycerophosphocholines [GP01],Diacylglycerophosphocholines [GP0101],,,,C42H80NO7P,-0.0085761913564698,0.9555426281285796,0.9965899195020176,-0.112877611460907,0.4678830120203625,0.8937009496165054,-0.085661011721918,0.6484999654865227,0.8502136175419236,0.0489715721811158,0.7959393309516113,0.9607670304912502,-0.0662872609916007,0.7432937842837652,0.9947320575600496,TRUE,-0.0471186015391939
Uridine,uridine,Purine  and pyrimidine metabolism/nucleotide metabolism,Pyrimidine metabolism,HMDB00296,C00299,58-96-8,C9H12N2O6,-1.6943358229755203,0.3991192122463887,0.6532195901831966,-2.5881507577750784,0.3820038257098699,0.8937009496165054,-0.0123806300439072,0.9735778224925716,0.9911593633050786,0.2263642276187003,0.4942475125039584,0.9475413111830084,0.2297185840405554,0.4931463555552147,0.9418937937821892,TRUE,-0.8533582265097137
PC 32:1,pc32:1,Glycerophosphocholines [GP01],Diacylglycerophosphocholines [GP0101],,,,C40H78NO8P,-0.3437098531173187,0.2270058658735254,0.5185424114097582,-0.0868718454187192,0.7231966443054887,0.9204320927524402,-0.4554302240609628,0.2429516427587308,0.6106672304348486,-0.146745985985899,0.6846671400105129,0.9475413111830084,0.4599264743631157,0.2742665561995021,0.9269761010096572,TRUE,-0.3995700385891407
PC 42:6,pc42:6,Glycerophosphocholines [GP01],Diacylglycerophosphocholines [GP0101],,,,C50H88NO8P,-0.3899725773002618,0.4854691347356168,0.6978743236700867,-0.3282378533143566,0.5476702160699944,0.8953345911408636,-0.7859211657105194,0.0254908659517716,0.3381288395367359,0.081379505177137,0.7539048228373253,0.9607670304912502,0.0310129331722314,0.904035245067829,0.9947320575600496,TRUE,-0.5879468715053906
PC 34:1,pc34:1,Glycerophosphocholines [GP01],Diacylglycerophosphocholines [GP0101],,,,C42H82NO8P,-0.1405904208659398,0.4963091561474795,0.708531849613257,0.0623034074297167,0.7339650746958255,0.921131979732708,0.0765411259755217,0.5830108845546457,0.8318047133454698,-0.0667820399056971,0.6906091447286024,0.9475413111830084,0.1268412653852945,0.4088227034555254,0.9269761010096572,FALSE,-0.032024647445209
Meso-Tartaric Acid,mesotartaricacid,Glycylate and dicarboxylate metabolism,Glycylate and dicarboxylate metabolism,HMDB62642,C00552,147-73-9,C4H6O6,-1.5070210763219332,0.5078887640792715,0.721548910644406,-1.4539411099620112,0.514087599752802,0.8953345911408636,1.5496401456640347,0.057277392750165,0.4132029385853039,-0.6150701010961885,0.528114238182628,0.9475413111830084,1.6391992550787662,0.0546274068917422,0.7733192288112267,FALSE,0.0213095346710507
PC 31:0,pc31:0,Glycerophosphocholines [GP01],Diacylglycerophosphocholines [GP0101],,,,C39H78NO8P,-0.7563575907527166,0.0086592210199627,0.1812987662125987,0.10602792030158,0.585843592093067,0.8994552033274821,-1.573591147174366,0.2024516351111037,0.5815648881217056,-0.9643600369016512,0.3460536881791246,0.9475413111830084,-0.9112333363702598,0.3611021063275175,0.9269761010096572,TRUE,-1.1649743689635412
Theobromine,theobromine,Caffeine metabolism,Cacao alkaloid,HMDB02825,C07480,83-67-0,C7H8N4O2,-3.456047536549459,0.0415159786680273,0.3352311277389937,-0.4245194976658273,0.5586161198306122,0.8953345911408636,-1.5548961986502334,0.128354402043567,0.470632807493079,-0.5061595908343305,0.501688319994166,0.9475413111830084,-0.2364753984348083,0.7338234516415703,0.9947320575600496,TRUE,-2.505471867599846
PC 36:2,pc36:2,Glycerophosphocholines [GP01],Diacylglycerophosphocholines [GP0101],HMDB08590,C00157,,C44H84NO8P,-0.5248274906051631,0.0049971180090437,0.1447467711342672,-0.0646531818609453,0.6487156726220296,0.9139608058986984,-0.2426354276744962,0.1691239092100735,0.5426330074030167,0.0351505989579469,0.8367236497320594,0.969353406585131,0.1060010299222245,0.5547926918573688,0.9418937937821892,TRUE,-0.3837314591398296
PC 36:5,pc36:5,Glycerophosphocholines [GP01],Diacylglycerophosphocholines [GP0101],,,,C44H78NO8P,-0.9154789407629488,0.0856571037454972,0.3764494188759763,0.1971305474636654,0.5899157922874547,0.8994552033274821,-0.7867732470813859,0.0794566336454296,0.4393682020118479,-0.1363526674998909,0.6874527205767675,0.9475413111830084,0.1255877174694487,0.6924777038106221,0.9947320575600496,TRUE,-0.8511260939221673
N-Acetylglycine,nacetylglycine,Amino acids,Amino acid acetylation,HMDB00532,,543-24-8,C4H7NO3,0.5694838782664152,0.1051245824674678,0.3792143066264267,-0.5770186084988752,0.0505943723549222,0.8937009496165054,0.4579464095456662,0.0250566995476767,0.3381288395367359,0.6039652800178376,0.0059817845913648,0.9475413111830084,0.4593145257918791,0.0054023590089018,0.2719187367813948,TRUE,0.5137151439060407
Phenylalanine,phenylalanine,Amino acids,Phenylalanine metabolism,HMDB00159,C00079,63-91-2,C9H11NO2,-0.4272432372987273,0.0608459649015765,0.3392006368211062,-0.2763192723685244,0.1440040364607867,0.8937009496165054,-0.0671937681860169,0.5415147651349517,0.8130780389674174,-0.1935369447095244,0.09219060059866,0.9475413111830084,-0.1093078145514518,0.3119815728351167,0.9269761010096572,TRUE,-0.2472185027423721
PC 36:4,pc36:4,Glycerophosphocholines [GP01],Diacylglycerophosphocholines [GP0101],HMDB07983,C00157,,C44H80NO8P,0.1915811294261317,0.2411376140465956,0.5185424114097582,-0.0291593963925803,0.8511818541807088,0.9391323434918504,0.1518970218242095,0.2858461466406348,0.635057202635105,-0.1188538722775498,0.4484726325429569,0.9475413111830084,-0.0317168524731408,0.8367799267513809,0.9947320575600496,TRUE,0.1717390756251706
Betaine,betaine,Amino acids,"Glycine, serine and threonine metabolism",HMDB00043,C00719,107-43-7,C5H11NO2,-0.2169724963845203,0.1391313272969791,0.4261741141960866,-0.0122332611516672,0.9428111668339966,0.9689576429125903,0.0692807915985751,0.7974795464559391,0.9317701436570688,0.1531393328002271,0.5387350550858112,0.9475413111830084,0.1268224676000755,0.60720888055083,0.968540925667345,FALSE,-0.0738458523929725
Pipecolinic Acid,pipecolinicacid,Amino acids,Lysine degradation,HMDB00070,C00408,3105-95-1,C6H11NO2,-0.3615723177763968,0.5346074370870337,0.7355143613020554,-0.1283794077692862,0.8189925422290468,0.9267198431262028,-0.1022613456553391,0.6138743302097338,0.8372740894061015,0.0171666318967321,0.937023755298358,0.983740821045,-0.0135152816807474,0.95071969920607,0.9947320575600496,TRUE,-0.2319168317158679
PC 40:6,pc40:6,Glycerophosphocholines [GP01],Diacylglycerophosphocholines [GP0101],,,,C48H84NO8P,0.0574387587385499,0.6999267318714204,0.8667820521729965,-0.0721359664505608,0.6216906233955917,0.9066321591185712,-0.1314719964684673,0.5469291651911086,0.8130780389674174,-0.0598304133650131,0.7271259633593588,0.9533880694028094,-0.04598375844114,0.7835333577059566,0.9947320575600496,FALSE,-0.0370166188649587
Biliverdin,biliverdin,Porphyrin metabolism,Porphyrin metabolism,HMDB01008,,,C33H34N4O6,-0.0184910337919315,0.978540003464068,0.9993027653760432,-0.886687736505966,0.3099640213617264,0.8937009496165054,0.5456111618766769,0.3091810843576294,0.6522357789806338,0.6028756827276468,0.2403166437546763,0.9475413111830084,0.0206775733522109,0.9657609190555798,0.9947320575600496,FALSE,0.2635600640423727
PC 34:3,pc34:3,Glycerophosphocholines [GP01],Diacylglycerophosphocholines [GP0101],,,,C42H78NO8P,-0.49282525322421,0.0319309231563439,0.3052789774492886,-0.0628449369153261,0.7052380474724687,0.9183848389773136,-0.5514786185277509,0.0225968898766916,0.3287483011092887,-0.1438552294574223,0.4615464414580633,0.9475413111830084,0.0440743098655803,0.8354958767189824,0.9947320575600496,TRUE,-0.5221519358759805
5-Methylcytidine,5methylcytidine,Purine  and pyrimidine metabolism/nucleotide metabolism,Nucleotide modification,HMDB00982,,2140-61-6,C10H15N3O5,-0.4046725231470481,0.5515695247610205,0.7452684585100727,-1.0615519203008212,0.2089041731275172,0.8937009496165054,-0.2782658742672627,0.3476518384656372,0.6643685557118745,0.0456549195830667,0.8668497634579126,0.9753512843103522,0.3855243596717225,0.1179305733516516,0.8581466701854294,TRUE,-0.3414691987071554
Valine,valine,Amino acids,"Valine, leucine, and isoleucine biosynthesis / degradation",HMDB00883,C00183,72-18-4,C5H11NO2,-0.2558291195516712,0.3231398726432557,0.582575027536841,-0.3843632307600171,0.1497978919277612,0.8937009496165054,0.0201326558258868,0.8902371669894338,0.9536744948034076,-0.0402607342259466,0.7981427669782547,0.9607670304912502,-0.1885613729770399,0.2445078959177003,0.8932425552477279,FALSE,-0.1178482318628922
Lactic Acid,lacticacid,Energy metabolism,Glycolysis / Gluconeogenesis,HMDB00190,C00186,79-33-4,C3H6O3,-0.0655194040324596,0.7539046021682714,0.913078318556966,-0.2404721175089046,0.2931788952238188,0.8937009496165054,-0.3008451296634061,0.1096076517452739,0.4683643946690702,-0.3620089923418017,0.071730390488148,0.9475413111830084,-0.7682380340033863,0.0025171553450174,0.1900452285488193,TRUE,-0.1831822668479328
PE 36:3,pe36:3,Glycerophosethanolamines [GP01],Glycerophosethanolamines [GP01],,,,C41H76NO8P,-1.0788256099478188,0.0853243463101566,0.3764494188759763,0.5272090602874581,0.1901937226298965,0.8937009496165054,0.1072418965358734,0.8746515084801851,0.9514184856318494,-0.8677763174595146,0.2961177207219945,0.9475413111830084,-0.7769024220681743,0.3303122813274524,0.9269761010096572,FALSE,-0.4857918567059727
Malic Acid,malicacid,Energy metabolism,Citrate cycle (TCA cycle),HMDB00156,C00149,97-67-6,C4H6O5,-0.4738796124208111,0.2447853253289459,0.5200657921971882,-0.7950416129240417,0.0864287051421992,0.8937009496165054,-0.1923543747965211,0.483851954237209,0.7793472548606475,-0.5690521454300556,0.0684676406867219,0.9475413111830084,-0.1700458229353628,0.6179798577565412,0.9741304859935376,TRUE,-0.3331169936086661
Dehydroascorbic Acid,dehydroascorbicacid,"Cofactor, vitamin and antioxidant metabolism",Ascorbate and aldarate metabolism,HMDB01264,C05422,490-83-5,C6H6O6,-1.1381930096530892,0.0743733126445621,0.3717512091653902,-1.1738155427049737,0.0702661384356401,0.8937009496165054,-1.3794343859664115,0.0587384674181277,0.4132029385853039,-0.935161987564838,0.1311181456086672,0.9475413111830084,-0.8568750938181402,0.1553908013749358,0.8690374447264932,TRUE,-1.2588136978097504
Sphingosine,sphingosine,Lipid metabolism,Sphingolipid metabolism,HMDB00252,C00319,123-78-4,C18H37NO2,0.3926461965341301,0.0603031362414796,0.3392006368211062,0.00016208006648,0.999429745780786,0.999429745780786,-0.238832186469842,0.0725059473742563,0.4360024302105279,-0.3131560781653658,0.0436274447162791,0.9475413111830084,-0.0893315990613422,0.5323068953964503,0.9418937937821892,FALSE,0.076907005032144
Arginine,arginine,Amino acids,Arginine and Proline metabolism,HMDB00517,C00062,74-79-3,C6H14N4O2,-0.0069100433851039,0.9809054850201576,0.9993027653760432,-0.0927444289020032,0.7510919922895675,0.9216437931952424,0.5412049359609572,0.117654916440871,0.4683643946690702,0.2070512965515011,0.5720828106986435,0.9475413111830084,0.4111658989531133,0.233343637327595,0.8932425552477279,FALSE,0.2671474462879266
Cysteine-S-Sulfonic Acid,cysteinessulfonicacid,Amino acids,Cysteine and Methionine metabolism,HMDB00731,C05824,1637-71-4,C3H7NO5S2,0.2592352601351734,0.4647817322278756,0.6884443029009145,-0.433764712590477,0.273223751243304,0.8937009496165054,0.1146584759260569,0.6483149999744852,0.8502136175419236,-0.1164559064063588,0.7040413912145732,0.9484887771428964,-0.9266949317819392,0.0099498628172529,0.3711003242123732,TRUE,0.1869468680306151
Orotic Acid,oroticacid,Purine  and pyrimidine metabolism/nucleotide metabolism,Pyrimidine metabolism,HMDB00226,C00295,65-86-1,C5H4N2O4,-0.3974196769909097,0.5993901897849945,0.779825174751199,-0.1044526803763423,0.8800846174498687,0.9416463138783092,0.0546882692621483,0.8801993944569466,0.9514184856318494,-0.1783085400672262,0.6601946505002965,0.9475413111830084,-0.3861349877072974,0.3917547052174558,0.9269761010096572,FALSE,-0.1713657038643807
Tartaric Acid,tartaricacid,Glycylate and dicarboxylate metabolism,Glyoxylate and dicarboxylate metabolism,HMDB00956,C00898,87-69-4,C4H6O6,-1.594787368642529,0.5088577895986698,0.721548910644406,-1.535875531240707,0.5150913097955765,0.8953345911408636,1.5562123097299303,0.0577763606187049,0.4132029385853039,-0.6156145239410458,0.5317274772913259,0.9475413111830084,1.6491698360690776,0.0540933843919503,0.7733192288112267,FALSE,-0.0192875294562993
PI 36:4,pi36:4,Glycerophospholipids [GP],Glycerophosphoinositols [GP06],,,,C45H82NO13P,-0.5831091542820271,0.0628945713281607,0.3392006368211062,0.3105483677155642,0.1728526394557432,0.8937009496165054,-0.3846915688219486,0.2631218012566591,0.6279076641753747,-0.1892306065113192,0.5427046990958645,0.9475413111830084,0.026055239156152,0.931118030619807,0.9947320575600496,TRUE,-0.4839003615519879
PI 38:3,pi38:3,Glycerophospholipids [GP],Glycerophosphoinositols [GP06],,,,C47H88NO13P,-0.6689145055258218,0.0248687781459921,0.2831177242834846,0.3179661757257349,0.145217324786384,0.8937009496165054,-0.2755254904373025,0.3247179724125991,0.6537848462414385,-0.2201373420779956,0.4143560379857043,0.9475413111830084,0.0052567415516512,0.9835209487997868,0.9986600788327176,TRUE,-0.4722199979815621
Glycerylphosphorylethanolamine,glycerylphosphorylethanolamine,Lipid metabolism,Glycerophospholipid metabolism,HMDB00114,C01233,,C5H14NO6P,-0.9839392155001327,0.1136936914342907,0.3829335506050237,-0.7862008436785022,0.181210784365464,0.8937009496165054,-0.9973183187657746,0.1694862955319291,0.5426330074030167,-0.5007305404742104,0.4820781848835226,0.9475413111830084,0.7674921908241341,0.1265673235688718,0.8581466701854294,TRUE,-0.9906287671329536
PAF C16:0,pafc16:0,Lipid metabolism,Glycerophospholipid metabolism,,C04598,74389-68-7,C26H54NO7P,-0.5180015527783398,0.0484682394856701,0.3392006368211062,-0.2843912299473325,0.2522447972475349,0.8937009496165054,-0.3556801134331498,0.1296198278541511,0.4714398577598561,-0.1595100654802762,0.4578941956329191,0.9475413111830084,-0.4346656534355763,0.0932287975302024,0.8448337887804866,TRUE,-0.4368408331057448
Histidine,histidine,Amino acids,Histidine Metabolism,HMDB00177,C00135,71-00-1,C6H9N3O2,-0.2399278203838541,0.0255748181999344,0.2831177242834846,-0.1277333947801284,0.1936313084552607,0.8937009496165054,-0.0601403264667524,0.6001237951914459,0.836628725087066,-0.1293412116891726,0.2667682806878672,0.9475413111830084,-0.080720938667848,0.4746487435729161,0.9418937937821892,TRUE,-0.1500340734253032
Uridine+Cl,uridine+cl,Purine  and pyrimidine metabolism/nucleotide metabolism,Pyrimidine metabolism,HMDB00296,C00299,58-96-8,C9H13ClN2O6,-2.964911294370988,0.404232770104561,0.6532195901831966,-3.816230810391505,0.3748774785404092,0.8937009496165054,0.0383995596222738,0.9192538859590392,0.9663951108800156,0.3364584032588547,0.296116579632369,0.9475413111830084,0.2032969754359921,0.5485541493559485,0.9418937937821892,FALSE,-1.463255867374357
Beta-Carboxyglutaric Acid,betacarboxyglutaricacid,Energy metabolism,"Citrate cycle (TCA cycle) , from msms fragmentation",HMDB31193,C19806,,C6H8O6,-0.2352137220462111,0.552911473464107,0.745485341358657,-0.9511584132405508,0.0645258988238037,0.8937009496165054,-1.158771148538462,0.1982952866885401,0.5794416127137928,-1.9787505782604493,0.0478735139814858,0.9475413111830084,-1.23283048160118,0.1392650603254108,0.8581466701854294,TRUE,-0.6969924352923366
Lithocholic Acid,lithocholicacid,Lipid metabolism,Bile acid biosynthesis,HMDB00761,C03990,434-13-9,C24H40O3,-0.3913305817723257,0.3166078613959906,0.5744416869956485,-0.1570250531608739,0.6662260543116896,0.9139608058986984,0.2354657989700666,0.3875817507473226,0.6953615185590964,0.1164149787831164,0.645196947951828,0.9475413111830084,0.3901629513855865,0.105895981101275,0.8581466701854294,FALSE,-0.0779323914011295
Lyso-PAF C16,lysopafc16,Lipid metabolism,Glycerophospholipid metabolism/PAF,,,52691-62-0,C24H52NO6P,-0.2207916717979355,0.4330364342575208,0.6713660688365986,-0.4726036224168695,0.1366406596474727,0.8937009496165054,-0.9240331050701822,0.012459647938759,0.3287483011092887,-0.59242822206601,0.070536504810399,0.9475413111830084,-0.3524188951540608,0.2441890736709434,0.8932425552477279,TRUE,-0.5724123884340588
1-Methyladenosine,1methyladenosine,Purine  and pyrimidine metabolism/nucleotide metabolism,Nucleotide modification,HMDB03331,C02494,15763-06-1,C11H15N5O4,-0.335518798218142,0.0530975487787104,0.3392006368211062,-0.3110981347823265,0.0547160833152739,0.8937009496165054,-0.1644053353535499,0.2765680657256352,0.6279076641753747,-0.0966788985380866,0.505976450852901,0.9475413111830084,0.1670444479485745,0.2079908144385851,0.8863701787212398,TRUE,-0.2499620667858459
N-Acetylneuraminic Acid,nacetylneuraminicacid,Amino sugar and nucleotide sugar metabolism,Amino sugar metabolism,HMDB00230,C00270,131-48-6,C11H19NO9,-2.3405024378784245,0.2305846237816434,0.5185424114097582,-3.881315233251672,0.1662759418038084,0.8937009496165054,0.2793665587219694,0.5935442249276677,0.8365263920074316,-0.337612422760396,0.6496211573446122,0.9475413111830084,-0.5274296369858593,0.4189707261914749,0.9269761010096572,FALSE,-1.0305679395782277
Carnitine,carnitine,Lipid metabolism,Carnitine metabolism,HMDB00062,C00318,541-15-1,C7H15NO3,0.1423730442217405,0.2088736574438447,0.5030506788055955,-0.1159190900793685,0.3419231365875009,0.8937009496165054,0.1263494515067668,0.6671291082293392,0.860758957099996,0.0042456425413584,0.989183188541704,0.9913911867304132,-0.0258347085082392,0.930564081300176,0.9947320575600496,TRUE,0.1343612478642536
N-Acetylaspartic Acid,nacetylasparticacid,Amino acids,"Alanine, aspartate, and glutamate metabolism",HMDB00812,C01042,997-55-7,C6H9NO5,-0.1940614626885331,0.7459021321255098,0.9068675247999936,-0.2773690267694738,0.6543751540120537,0.9139608058986984,-0.0583427000725742,0.6584159761020905,0.8532919690288586,-0.1460146329449917,0.2956359079422441,0.9475413111830084,-0.1279346939024674,0.3216083138266307,0.9269761010096572,TRUE,-0.1262020813805536
Choline,choline,Amino acids,"Glycine, serine and threonine metabolism",HMDB00097,C00114,62-49-7,C5H13NO,-0.1728803229139385,0.1614062218342816,0.4514320217965666,-0.2290339384807249,0.0974806903318497,0.8937009496165054,0.0231057657547932,0.8246824179781436,0.9424372905349326,-0.0716134716161651,0.6355242352014305,0.9475413111830084,-0.1293548814975171,0.343625749250715,0.9269761010096572,FALSE,-0.0748872785795726
PE 36:4,pe36:4,Glycerophosethanolamines [GP01],Glycerophosethanolamines [GP01],,,,C41H74NO8P,-0.0403886636830373,0.9296477161568748,0.9827939830025284,0.5958613133920753,0.14200530067632,0.8937009496165054,0.4358968177808605,0.4774158268013793,0.7744781566339691,-0.6195185219202117,0.3837955038427021,0.9475413111830084,-0.4416601074403446,0.5171992352925472,0.9418937937821892,FALSE,0.1977540770489116
Cholesteryl Acetate,cholesterylacetate,Lipid metabolism,Cholesterol metabolism,HMDB03822,C02530,604-35-3,C29H48O2,0.0494894954521442,0.7594543095230726,0.9145337200554556,0.11315899127918,0.4768379897013015,0.8937009496165054,-0.0891195608257587,0.7687581227339435,0.9269571401909784,-0.1580727021172386,0.6345771946832606,0.9475413111830084,-0.1641108162890909,0.6051766839790967,0.968540925667345,FALSE,-0.0198150326868072
Oleoyl Ethanolamide,oleoylethanolamide,Lipid metabolism,N-acylethanolamine (NAE) metabolism,HMDB02088,,111-58-0,C20H39NO2,0.0323129709330068,0.8727817078233704,0.9689763258231,-0.2780603129156634,0.2159210220303781,0.8937009496165054,0.2372349635464775,0.1942538386724143,0.574788243588648,-0.0617726248728658,0.8158215461408216,0.9614274913838028,-0.3125117521446469,0.2055604961280395,0.8863701787212398,TRUE,0.1347739672397421
Taurine,taurine,Amino acids,Taurine and hypotaurine metabolism,HMDB00251,C00245,107-35-7,C2H7NO3S,-0.4380893364819522,0.2659175922312088,0.5354141537644564,-0.7377769504984893,0.087068856080403,0.8937009496165054,0.4706423684642907,0.0558242678487695,0.4132029385853039,-0.2405851735907811,0.4317130299659507,0.9475413111830084,-0.6336653855672703,0.0599172965146609,0.7983098623865117,FALSE,0.0162765159911692
2-Ketoisovaleric acid,2ketoisovalericacid,Amino acids,"Valine, leucine, and isoleucine biosynthesis / degradation",,,,C5H8O3,0.1688659274219549,0.4753467610151611,0.6932851934003419,-0.27850722133064,0.2382883195094556,0.8937009496165054,-0.4849447882192769,0.0025090606365675,0.1981528754208853,-0.0414414747530216,0.7932566488933448,0.9607670304912502,0.0343119956696398,0.7734657102161897,0.9947320575600496,FALSE,-0.158039430398661
Galactaric Acid,galactaricacid,Carbohydrate metabolism,"Galactose metabolism,  oxidation of galactose",HMDB00639,C00879,526-99-8,C6H10O8,-1.4075178272712976,0.0899304899559198,0.3764494188759763,-0.7014475102278026,0.2856096161763727,0.8937009496165054,-0.5227533383850759,0.0659658793306915,0.4132029385853039,-0.2658900398198695,0.3103986616414239,0.9475413111830084,0.0779135694025077,0.7604594977603101,0.9947320575600496,TRUE,-0.9651355828281868
PI 40:5,pi40:5,Glycerophospholipids [GP],Glycerophosphoinositols [GP06],,,,C49H88NO13P,-0.6028171884867698,0.2559740791422704,0.5330681318111309,0.5120815216024855,0.1794328494604286,0.8937009496165054,-0.5706685203988968,0.5285448309158576,0.8026051136129689,-0.759115167258348,0.4216097150949339,0.9475413111830084,-0.3355794568452602,0.6879179348633174,0.9947320575600496,TRUE,-0.5867428544428333
Tryptophan,tryptophan,Amino acids,Tryptophan metabolism,HMDB00929,C00078,73-22-3,C11H12N2O2,-0.3891425488493399,0.0906304259013127,0.3764494188759763,-0.3148367105410693,0.1168214351714498,0.8937009496165054,-0.123719197272438,0.2484857051987738,0.6123882680035356,-0.1100746654772356,0.312251621555231,0.9475413111830084,0.014694567318584,0.9120096651306988,0.9947320575600496,TRUE,-0.2564308730608889
Quinic Acid,quinicacid,,,HMDB03072,C00296,77-95-2,C7H12O6,-3.7369440256938673,0.0139546012138237,0.214764716242019,0.2146136967759311,0.6813671889478738,0.9139608058986984,-2.510412946447793,0.0972505431846943,0.4568749476697618,-0.5964543799079953,0.4992798721075197,0.9475413111830084,-0.1235159349002585,0.8819766861281678,0.9947320575600496,TRUE,-3.12367848607083
Methionine,methionine,Amino acids,Cysteine and methionine metabolism,HMDB00696,C00073,63-68-3,C5H11NO2S,0.0391755869940423,0.8144809209712538,0.9344317475142928,0.1205222901801105,0.5254953612993816,0.8953345911408636,0.2091131078318054,0.1275573817502868,0.470632807493079,-0.0852772460556052,0.524234550533262,0.9475413111830084,-0.1096903379714788,0.4215240835096312,0.9269761010096572,TRUE,0.1241443474129238
Cys-Gly,cysgly,"Cofactor, vitamin and antioxidant metabolism",Glutathione metabolism,HMDB00078,C01419,19246-18-5,C5H10N2O3S,-1.00193097125804,0.0392727208479942,0.3352311277389937,-0.613808130506441,0.1456494630799147,0.8937009496165054,-0.6039474340408516,0.1157206391919165,0.4683643946690702,-0.6208772424944442,0.1106847985220227,0.9475413111830084,-0.6593940773590308,0.090712737973709,0.8448337887804866,TRUE,-0.8029392026494457
C-PAF/methylCarbamyl-PAF C-16,cpaf/methylcarbamylpafc16,Lipid metabolism,Glycerophospholipid metabolism/PAF,,,91575-58-5,C26H55N2O7P,-2.1511762569423887,0.0082392909035636,0.1792756055223667,-0.7133159701077277,0.1266221484851151,0.8937009496165054,-1.9561454132318443,0.0847944408946987,0.4393682020118479,-0.8354861940474898,0.1519733232358338,0.9475413111830084,-0.0483012969859271,0.9227475451935628,0.9947320575600496,TRUE,-2.0536608350871166
4-Hydroxyphenyllactate,4hydroxyphenyllactate,Amino acids,Tyrosine metabolism,HMDB00755,C03672,6482-98-0,C9H10O4,-0.9404372179805472,0.1358767154073086,0.4202853305000577,-1.3673809856383687,0.0503465100833042,0.8937009496165054,-0.1369515256026697,0.5459711569422478,0.8130780389674174,-0.0647120748864952,0.7546490027442603,0.9607670304912502,-0.2672224031578702,0.2921231525363057,0.9269761010096572,TRUE,-0.5386943717916085
Trimethyllysine,trimethyllysine,Amino acids,Lysine degradation,HMDB11691,C03793,55528-53-5,C9H20N2O2,-0.106249018537233,0.8170532282464411,0.9356816461406612,-0.5306302640621876,0.3116018556610243,0.8937009496165054,-0.3129151300807937,0.4930525220969664,0.786575210304444,-0.5598808310315389,0.2668684775284147,0.9475413111830084,-0.1364452531100498,0.7691299438723574,0.9947320575600496,TRUE,-0.2095820743090133
Ornithine,ornithine,Amino acids,Arginine and proline metabolism,HMDB00214,C00077,70-26-8,C5H12N2O2,-0.175413038417296,0.6460032973492719,0.8268318065464312,-0.172595058240196,0.645188917453124,0.9139608058986984,-0.6051121032006754,0.1124991821447169,0.4683643946690702,-0.4150896809007369,0.2429746031369879,0.9475413111830084,-0.4637055432732925,0.2093941087858948,0.8863701787212398,TRUE,-0.3902625708089857
5-Oxo-Proline,5oxoproline,"Cofactor, vitamin and antioxidant metabolism",Glutathione metabolism,HMDB00267,C01879,98-79-3,C5H7NO3,-0.3663918378134246,0.4419646225885415,0.675253454850774,-0.6912731528291953,0.1985441681244926,0.8937009496165054,-0.438227124001934,0.1939995591999908,0.574788243588648,-0.3738879881501634,0.2840519649751281,0.9475413111830084,-0.888787410564375,0.025168593083324,0.6706689803968114,TRUE,-0.4023094809076792
PC 40:5,pc40:5,Glycerophosphocholines [GP01],Diacylglycerophosphocholines [GP0101],,,,C48H86NO8P,-0.0956975868495547,0.5904835269202743,0.7765191914742525,0.0992630429647109,0.5868802610533643,0.8994552033274821,-0.1431899927929013,0.3062643466081369,0.6522357789806338,0.0608612708514075,0.6218424968575179,0.9475413111830084,0.1272941851080561,0.2180191981367472,0.8863701787212398,TRUE,-0.119443789821228
4-Hydroxyphenylacetic Acid,4hydroxyphenylaceticacid,Amino acids,Tyrosine metabolism,HMDB00020,C00642,156-38-7,C8H8O3,-0.0293526048253386,0.94139903771697,0.993349151838475,-0.3666938495844524,0.394653979490566,0.8937009496165054,0.1558928992090892,0.6265819031658157,0.8372740894061015,-0.2112546579040757,0.5378247091942513,0.9475413111830084,0.4319813866531917,0.2422302926050472,0.8932425552477279,FALSE,0.0632701471918752
PI 38:4,pi38:4,Glycerophospholipids [GP],Glycerophosphoinositols [GP06],,,,C47H86NO13P,-0.2539760766961669,0.1946899482406227,0.4953603118541651,0.2210510554644516,0.1857903067398209,0.8937009496165054,-0.2320299948716339,0.3699316173942869,0.6782079652228593,-0.179746232742859,0.4757991838672479,0.9475413111830084,0.0279019680565434,0.9077428343479296,0.9947320575600496,TRUE,-0.2430030357839004
PC 36:7,pc36:7,Glycerophosphocholines [GP01],Diacylglycerophosphocholines [GP0101],,,,C44H74NO8P,-0.1494282322294526,0.5259174594991325,0.7331855664766803,-0.1985016992017092,0.4181429048175153,0.8937009496165054,0.0082941359169141,0.9610952076533676,0.986479675918489,-0.0043526292168125,0.9786185107333192,0.9846223714097304,0.231942211067244,0.1363881010858349,0.8581466701854294,FALSE,-0.0705670481562692
Caffeine,caffeine,Caffeine metabolism,Caffeine metabolism,HMDB01847,C07481,58-08-2,C8H10N4O2,-2.122356111710077,0.2348041809849405,0.5185424114097582,-0.7018013988143852,0.3991042296185167,0.8937009496165054,-1.9281912660043825,0.0539088342346629,0.4132029385853039,-0.6916533108486573,0.322024635411749,0.9475413111830084,-0.2262161382877447,0.7073258183561861,0.9947320575600496,TRUE,-2.02527368885723
Glutamic Acid,glutamicacid,Amino acids,"Alanine, Aspartate, and Glutamate metabolism",HMDB00148,C00025,56-86-0,C5H9NO4,-0.0028381974982843,0.9931824794238092,0.9993027653760432,0.2528881082873183,0.4653584253993635,0.8937009496165054,-0.0775083691551461,0.8120065651202202,0.9409478282768764,-0.3081496787827368,0.3237360488210486,0.9475413111830084,-0.7186713525788612,0.0665472436136026,0.8045497613784104,TRUE,-0.0401732833267152
2-Hydroxybutyric acid,2hydroxybutyricacid,Amino acids,Cysteine and methionine metabolism,HMDB00008,C05984,600-15-7,C4H8O3,1.2612024980729948,0.0202892528669231,0.2612758889597659,-0.6439863674174148,0.2794883872820798,0.8937009496165054,0.4051905990482283,0.172318365040026,0.5472928354440263,0.3903809472432769,0.3747165706991492,0.9475413111830084,-0.0255340842872036,0.93938396103501,0.9947320575600496,TRUE,0.8331965485606115
2-Ketobutyric Acid,2ketobutyricacid,Amino acids,"Glycine, serine, and threonine metabolism; Cysteine and methionine metabolism",HMDB00005,C00109,600-18-0,C4H6O3,-0.4923514379693823,0.4195151559009515,0.6601348213803003,-0.4612544548316352,0.4174016085986263,0.8937009496165054,-0.1462750198927629,0.7444328617588669,0.9188335127824035,-0.0448856783786422,0.91638745184146,0.983740821045,0.3204477754160471,0.396606858310761,0.9269761010096572,TRUE,-0.3193132289310726
Corticosterone,corticosterone,Lipid metabolism,Steroid hormone biosynthesis,HMDB01547,C02140,50-22-6,C21H30O4,0.6042683890535724,0.0679556231462549,0.3543801504569161,-0.355230759715489,0.4902366684556595,0.8937009496165054,0.538147279965739,0.2187785119283669,0.5880403552006206,0.7080518438407589,0.0994674683425767,0.9475413111830084,0.7030618169564342,0.0951137378097236,0.8448337887804866,TRUE,0.5712078345096556
Xanthurenic Acid,xanthurenicacid,Amino acids,Tryptophan metabolism,HMDB00881,C02470,59-00-7,C10H7NO4,-0.2312582198791357,0.7767411113274909,0.9195565501832024,0.1477671464271388,0.8106880840181427,0.9241959397193928,-0.4081336020690584,0.2154943531166921,0.5880403552006206,-0.5025642210774287,0.1365228278413208,0.9475413111830084,-0.3472062072863005,0.2974794283628657,0.9269761010096572,TRUE,-0.319695910974097
Methylmalonic Acid,methylmalonicacid,Amino acids,"Valine, leucine, and isoleucine degradation; Propanoate metabolism",HMDB00202,C02170,516-05-2,C4H6O4,-1.0046466494414183,0.0516394862988415,0.3392006368211062,-0.4231801749269168,0.3006345856770354,0.8937009496165054,-0.493850688141992,0.4708492539927202,0.7666173774394109,-0.0656240159493578,0.9100837106647282,0.983740821045,0.4418956987252781,0.3703278778639272,0.9269761010096572,TRUE,-0.7492486687917052
Lactose,lactose,Carbohydrate metabolism,Galactose metabolism,HMDB00186,C00243,63-42-3,C12H22O11,-1.7381353263592252,0.2058130610864856,0.5005175660219998,-1.9945119876547288,0.1776495226078069,0.8937009496165054,-1.2478570888916694,0.3645853178208785,0.6753787462054534,,,,0.0196885454752359,0.9803139979927112,0.9979376204285352,TRUE,-1.4929962076254473
Glutaric Acid,glutaricacid,Amino acids,Lysine degradation,HMDB00661,C00489,110-94-1,C5H8O4,-0.1961548564217379,0.3913935828718039,0.6532195901831966,-0.2075606906730457,0.3652593719856538,0.8937009496165054,-0.0124708339647561,0.966793828727211,0.986479675918489,-0.0182771935806405,0.9507928928654024,0.983740821045,0.1496103856266168,0.594547262616893,0.968540925667345,TRUE,-0.104312845193247
Oxoglutaric Acid,oxoglutaricacid,Energy metabolism,Citrate cycle (TCA cycle),HMDB00208,C00026,328-50-7,C5H6O5,-0.7018858741872562,0.2500650181292729,0.5243009334855013,-1.003640410434785,0.1402700603089066,0.8937009496165054,,,,-1.1498712348797298,0.1975924305993999,0.9475413111830084,-0.7239928786942101,0.3438107123303489,0.9269761010096572,,-0.7018858741872562
PI 34:1,pi34:1,Glycerophospholipids [GP],Glycerophosphoinositols [GP06],,,,C43H84NO13P,-0.0045787313153973,0.9894691726215186,0.9993027653760432,0.2766974560467688,0.4019382026322249,0.8937009496165054,-0.3918860700936624,0.5850258090965508,0.8318047133454698,-0.5800303985076378,0.4363457441851278,0.9475413111830084,-0.1889905338065639,0.7766522029890971,0.9947320575600496,TRUE,-0.1982324007045298
Ketoleucine,ketoleucine,Amino acids,"Valine, Leucine and Isoleucine Degradation",HMDB00695,C00233,816-66-0,C6H10O3,0.3125664808466475,0.3156877845765978,0.5744416869956485,-0.3985671398575878,0.1906486274258409,0.8937009496165054,0.2376144403081949,0.3933590239232667,0.6984445660999736,0.1522918400903039,0.4219145604084008,0.9475413111830084,0.0326520847666052,0.9016898716549866,0.9947320575600496,TRUE,0.2750904605774212
2-Aminobutyric Acid,2aminobutyricacid,Amino acids,Cysteine and methionine metabolism,HMDB00452,C02356,1492-24-6,C4H9NO2,0.4321330201468757,0.0817598355448354,0.3757060585861598,-0.1368038819963965,0.5653539684226297,0.8953345911408636,-0.1168138442308658,0.5227173983110849,0.8023312309255253,0.1171649718361225,0.4176175219104914,0.9475413111830084,-0.0107374790366217,0.9482793128719526,0.9947320575600496,FALSE,0.1576595879580049
PE 36:2,pe36:2,Glycerophosethanolamines [GP01],Glycerophosethanolamines [GP01],,,,C41H78NO8P,-0.6035293466567916,0.0114432534922304,0.2005748042665943,0.16028438458101,0.3126797204578617,0.8937009496165054,0.1729588906009005,0.7912795761281852,0.931279900761281,-0.6761608428311633,0.3708655056348389,0.9475413111830084,-0.4161953008808884,0.5515472198305715,0.9418937937821892,FALSE,-0.2152852280279455
Argininosuccinic Acid,argininosuccinicacid,Amino acids,Arginine and Proline metabolism,HMDB00052,C03406,2387-71-5,C10H18N4O6,-0.0515726330846358,0.774589592115585,0.9195565501832024,-0.1138837414589512,0.5307384947054896,0.8953345911408636,0.2179859076300985,0.2444709525384556,0.6106672304348486,-0.061520145974146,0.743151204148199,0.9607670304912502,-0.0725508835132025,0.7111297489109218,0.9947320575600496,FALSE,0.0832066372727313
Pyruvate,pyruvate,Energy metabolism,Glycolysis / Gluconeogenesis,HMDB00243,C00022,127-17-3,C3H4O3,-1.0122737714119754,0.1657612357414264,0.456748208527686,-0.654768670457267,0.3161818967237686,0.8937009496165054,-2.914061652325257,0.0788020225797667,0.4393682020118479,-1.074977385949131,0.2732913009917596,0.9475413111830084,-1.0054464748737757,0.291781612845123,0.9269761010096572,TRUE,-1.9631677118686164
Deoxyribose,deoxyribose,Energy metabolism,Pentose phosphate pathway,HMDB03224,C01801,533-67-5,C5H10O4,-2.695772804259251,0.0936561456208021,0.3764494188759763,-0.988960623687868,0.1618984192046454,0.8937009496165054,-0.1978503222191198,0.6745614740308381,0.8611912866684058,-0.5231747525286234,0.2965426059085352,0.9475413111830084,0.2649083707230459,0.5815108830959259,0.9594291522785738,TRUE,-1.4468115632391854
5-Hydroxyisourate,5hydroxyisourate,Purine  and pyrimidine metabolism/nucleotide metabolism,Purine metabolism,HMDB11821,C11821,,C5H4N4O4,-0.6635082847813871,0.4124521959486417,0.6555600394045161,-0.8646617113908577,0.3184656008631625,0.8937009496165054,-0.1805789750321043,0.4948446975003381,0.786575210304444,0.0570403470919178,0.824256640133342,0.964369072554764,-0.2129674012796508,0.4315138125622482,0.9397872937052808,TRUE,-0.4220436299067457
Glycerol 1-Phosphoserine,glycerol1phosphoserine,Lipid metabolism,Glycerophospholipid metabolism,,,,C6H14NO8P,-0.5781755961061611,0.3672260567781508,0.6348483337726387,-0.7962884938108641,0.2521445957610103,0.8937009496165054,0.0873631769992357,0.7526991185832974,0.922465495872465,0.0096555424453594,0.970595063970902,0.983740821045,-0.0539225098941095,0.8437453851946458,0.9947320575600496,FALSE,-0.2454062095534627
Gluconic Acid,gluconicacid,,,HMDB00625,C00257,526-95-4,C6H12O7,-1.1404924531183744,0.1390768223348842,0.4261741141960866,-0.8586890738644186,0.2177542263542523,0.8937009496165054,-0.1632869237490132,0.4791117643034975,0.7744781566339691,-0.106204905115282,0.6496074008398256,0.9475413111830084,-0.0139749692493118,0.9603821525994948,0.9947320575600496,TRUE,-0.6518896884336938
Cystine,cystine,Amino acids,Cysteine and methionine metabolism,HMDB00192,C00491,56-89-3,C6H12N2O4S2,-0.2444184465689954,0.4013850953761544,0.6532195901831966,-0.0763596639939648,0.7741864566991975,0.9216437931952424,0.14677925343556,0.3880109613783673,0.6953615185590964,0.1770882360479746,0.327650771526936,0.9475413111830084,0.2229124282756727,0.2715679726335756,0.9269761010096572,FALSE,-0.0488195965667176
1-Methylnicotinamide,1methylnicotinamide,"Cofactor, vitamin and antioxidant metabolism",Nicotinate and nicotinamide metabolism,HMDB01464,C02918,6456-44-6,C7H8N2O,1.088132488082025,0.0033390668125505,0.1336486752807946,-1.7590311843195212,0.0382448932287724,0.8937009496165054,0.9096910112386708,0.0799117772459048,0.4393682020118479,1.0726903771876972,0.0168619421906164,0.9475413111830084,0.6283972280994274,0.3168675323639329,0.9269761010096572,TRUE,0.998911749660348
Ascorbic Acid,ascorbicacid,"Cofactor, vitamin and antioxidant metabolism",Ascorbate and aldarate metabolism,HMDB00044,C00072,50-81-7,C6H8O6,-1.3221248758731945,0.1602873014561198,0.4514320217965666,-1.302969912118627,0.1632766854217958,0.8937009496165054,-0.0882688145929671,0.790358991908069,0.931279900761281,-0.3471769189431912,0.3201124413224271,0.9475413111830084,0.1129907346999747,0.710312465223446,0.9947320575600496,TRUE,-0.7051968452330808
PC 36:1,pc36:1,Glycerophosphocholines [GP01],Diacylglycerophosphocholines [GP0101],,,,C44H86NO8P,-0.5208347998697523,0.0037944848787581,0.1336486752807946,0.110001765316623,0.4626919906556812,0.8937009496165054,-0.2456073853099356,0.1311373044891549,0.4726409543928665,0.0291217453285604,0.8546620391238502,0.9733941635458688,0.0982400793202366,0.53328435150755,0.9418937937821892,TRUE,-0.3832210925898439
Pyrrole-2-Carboxylic Acid,pyrrole2carboxylicacid,Amino acids,Oxidation derivative of hydroxyproline,HMDB04230,C05942,634-97-9,C5H5NO2,,,,-0.707705003579462,0.6138188246425941,0.9026025773280164,,,,-2.058439765802336,0.0359622645888855,0.9475413111830084,0.916240861668985,0.2180532158643719,0.8863701787212398,,
PC 32:0,pc32:0,Glycerophosphocholines [GP01],Diacylglycerophosphocholines [GP0101],,,,C40H80NO8P,-0.0472201978775933,0.7856941570164214,0.9198015084923228,0.1137858721430987,0.4891097957838498,0.8937009496165054,-0.0020238272152343,0.9898999055321436,0.9943092592316188,-0.1233682418220571,0.4865439412983759,0.9475413111830084,0.1640255578749298,0.358679505654788,0.9269761010096572,TRUE,-0.0246220125464138
