metabolite_name,super_pathway,sub_pathway,HMDB_id,log2FC_R1,pvalue_R1,log2FC_R45,pvalue_R45,log2FC_R82,pvalue_R82,recovery_pattern
Alanine,Amino acids,"Alanine, Aspartate, and Glutamate metabolism",HMDB00161,-0.128087871220748,0.3371082387081675,-0.1601211687953425,0.1830976144176287,-0.3839683377516998,0.0069689423209381,stable
Succinic Semialdehyde,Amino acids,"Alanine, Aspartate, and Glutamate metabolism",HMDB01259,0.3757963981162013,0.2072854876380428,1.1752538005819602,0.0775422021058844,1.5699576966386384,0.0015531042043182,stable
4-Aminobutanoate (GABA),Amino acids,"Alanine, Aspartate, and Glutamate metabolism",HMDB00112,0.4615038782150104,0.0708183064146785,0.3199404524802006,0.3374886982331496,0.0046733507058366,0.98782833997018,stable
Asparagine,Amino acids,"Alanine, Aspartate, and Glutamate metabolism",HMDB00168,0.0498516011164801,0.8666324414104536,-0.2077862089490491,0.5203303930949434,-0.6064556749329273,0.1120987933915254,delayed_onset
Glutamine,Amino acids,"Alanine, Aspartate, and Glutamate metabolism",HMDB00641,0.0675746999884212,0.5641299942674743,0.0597604356647414,0.6070524584540853,0.0462902165895628,0.723887210272999,stable
Glutamic Acid,Amino acids,"Alanine, Aspartate, and Glutamate metabolism",HMDB00148,-0.0775083691551461,0.8120065651202202,-0.3081496787827368,0.3237360488210486,-0.7186713525788612,0.0665472436136026,delayed_onset
3-Hydroxyglutaric Acid,Amino acids,"Alanine, Aspartate, and Glutamate metabolism, glutamate degradation",HMDB00428,-0.1750450057675243,0.6012306418479445,-0.0151134708116419,0.9676610063498224,0.0121231100115717,0.9749830003428788,stable
N-Acetylaspartic Acid,Amino acids,"Alanine, aspartate, and glutamate metabolism",HMDB00812,-0.0583427000725742,0.6584159761020905,-0.1460146329449917,0.2956359079422441,-0.1279346939024674,0.3216083138266307,stable
N-Acetylaspartiylglutamate (NAAG),Amino acids,"Alanine, aspartate, and glutamate metabolism",HMDB01067,-0.0441980303032136,0.8339675624999778,0.1347750440122008,0.4456739714360272,0.7811046890227453,0.0003160111227868,delayed_onset
Urea,Amino acids,Arginine and Proline metabolism,HMDB00294,0.0466988051455943,0.7003795842031473,-0.0683633447435803,0.5538048111914511,-0.0424382564097078,0.7206429564093109,stable
Creatinine,Amino acids,Arginine and Proline metabolism,HMDB00562,-0.2158317788638025,0.1095169869781242,-0.0302954278178531,0.6313000334579948,-0.0407023091107315,0.5478705098997696,stable
Proline,Amino acids,Arginine and Proline metabolism,HMDB00162,0.2301517472786091,0.1221612950908682,0.0289203733517664,0.8273476267964343,-0.1092026121404926,0.4462767476995871,stable
4-Hydroxy-Proline,Amino acids,Arginine and Proline metabolism,,0.4502551369756872,0.2184252273412333,0.0102377704174049,0.9802365256573486,-0.5347054055503477,0.2569807904870726,stable
Ornithine,Amino acids,Arginine and proline metabolism,HMDB00214,-0.6051121032006754,0.1124991821447169,-0.4150896809007369,0.2429746031369879,-0.4637055432732925,0.2093941087858948,persistent
Arginine,Amino acids,Arginine and Proline metabolism,HMDB00517,0.5412049359609572,0.117654916440871,0.2070512965515011,0.5720828106986435,0.4111658989531133,0.233343637327595,persistent
Citrulline,Amino acids,Arginine and Proline metabolism,HMDB00904,-0.4351670687571199,0.1029336289078906,0.0812036095706026,0.6994585943786457,0.0673473960610934,0.7452967951702173,stable
N-Acetydglutamic Acid,Amino acids,Arginine and proline metabolism,HMDB01138,-0.029061730740892,0.8844335220632403,-0.1016356801215822,0.6444210967586512,-0.278796293747566,0.1882003827186488,stable
Dimethylarginine,Amino acids,Arginine and Proline metabolism,HMDB03334,-0.2009603721560682,0.0775517623111691,-0.094340067657639,0.3146576877288667,-0.0570241237748155,0.5752790234685334,stable
Argininosuccinic Acid,Amino acids,Arginine and Proline metabolism,HMDB00052,0.2179859076300985,0.2444709525384556,-0.061520145974146,0.743151204148199,-0.0725508835132025,0.7111297489109218,stable
Phosphocreatine,Amino acids,"Arginine and Proline metabolism,Creatine metabolism",HMDB01511,-0.192889208911618,0.5978106277580069,0.0740838254679909,0.8157805058297549,0.2154848347594384,0.4942302746436902,stable
Guanidinosuccinic Acid,Amino acids,"Arginine and Proline metabolism,L-Arginosuccinate oxidation",HMDB03157,-0.080799866621507,0.511524440440249,-0.1401054738686176,0.2219079585726013,-0.1791808685046114,0.1481803735977397,stable
Pyrrole-2-Carboxylic Acid,Amino acids,Oxidation derivative of hydroxyproline,HMDB04230,,,-2.058439765802336,0.0359622645888855,0.916240861668985,0.2180532158643719,delayed_onset
Proline Betaine,Amino acids,"Arginine and Proline metabolism, osmolyte",HMDB04827,-2.0667614973867887,0.0925030845407876,-1.54700061147949,0.1405739441889516,-0.336662316147241,0.6313852496696164,full_recovery
Sulfite,Amino acids,Cysteine and Methionine metabolism,HMDB00240,0.0109583178680373,0.9809848377439788,-0.2051208224333798,0.6339332063395384,0.0756845144319816,0.8643095317912411,stable
Thiosulfate,Amino acids,Cysteine and Methionine metabolism,HMDB00257,-0.9226373867159526,0.1541402020319136,-1.1257714676524129,0.1027087563896406,-1.7236163121675296,0.039335279552425,persistent
Homocysteine Thiolactone,Amino acids,Cysteine and methionine metabolism,HMDB02287,-0.0856973791954095,0.7929634474789384,,,-0.1716003743854492,0.5151086857780834,stable
Methionine,Amino acids,Cysteine and methionine metabolism,HMDB00696,0.2091131078318054,0.1275573817502868,-0.0852772460556052,0.524234550533262,-0.1096903379714788,0.4215240835096312,stable
N-Formylmethionine,Amino acids,Cysteine and Methionine metabolism,HMDB01015,-0.045039537154022,0.8178526578371077,-0.0308998324280019,0.8815576346333931,-0.0629948339302917,0.748979087974986,stable
Cysteine-S-Sulfonic Acid,Amino acids,Cysteine and Methionine metabolism,HMDB00731,0.1146584759260569,0.6483149999744852,-0.1164559064063588,0.7040413912145732,-0.9266949317819392,0.0099498628172529,delayed_onset
O-Succinylhomoserine,Amino acids,Cysteine and methionine metabolism,,-0.3429140558259274,0.3768485599578464,,,1.2841526660407194,0.0001297951600936,stable
Methionine  Lactamide,Amino acids,"Cysteine and methionine metabolism,  from msms fragmentation",,-2.819299503417891,0.1165279794236331,-1.4956765487058474,0.2318209536927311,0.5791444714247641,0.3423786184719467,full_recovery
Cystine,Amino acids,Cysteine and methionine metabolism,HMDB00192,0.14677925343556,0.3880109613783673,0.1770882360479746,0.327650771526936,0.2229124282756727,0.2715679726335756,stable
2-Hydroxybutyric acid,Amino acids,Cysteine and methionine metabolism,HMDB00008,0.4051905990482283,0.172318365040026,0.3903809472432769,0.3747165706991492,-0.0255340842872036,0.93938396103501,stable
5'-Methylthioadenosine (MTA),Amino acids,Cysteine and methionine metabolism,HMDB01173,0.6385276884516498,0.1696480134009431,0.4278594643234419,0.3815953389879959,1.0240858684218117,0.0325675171514179,persistent
S-Adenosylhomocysteine (SAH),Amino acids,Cysteine and methionine metabolism,HMDB00939,-0.3072633309248377,0.2134243474495813,0.0747836132933595,0.7057378436179713,0.349406696684262,0.1071840916935719,stable
2-Aminobutyric Acid,Amino acids,Cysteine and methionine metabolism,HMDB00452,-0.1168138442308658,0.5227173983110849,0.1171649718361225,0.4176175219104914,-0.0107374790366217,0.9482793128719526,stable
Methylglyoxal,Amino acids,"Glycine, serine, and threonine metabolism,pyruvate metabolism",HMDB01167,-0.2422379025052343,0.1392521423392233,-0.2303983414289355,0.1621343683031208,-0.5481731810279892,0.0081473087380912,delayed_onset
Glycinamide,Amino acids,"Glycine, serine, and threonine metabolism",HMDB00123,-0.2222325869786514,0.3047589679851746,-0.0890276649691047,0.6653534413781756,-0.3738277087449203,0.1319675338040043,stable
Glycine,Amino acids,"Glycine, serine, and threonine metabolism",HMDB00123,0.2445767335992913,0.4285144120540736,0.0984324726176713,0.7584638057551127,-0.1359498157219394,0.7051711065230731,stable
2-Ketobutyric Acid,Amino acids,"Glycine, serine, and threonine metabolism; Cysteine and methionine metabolism",HMDB00005,-0.1462750198927629,0.7444328617588669,-0.0448856783786422,0.91638745184146,0.3204477754160471,0.396606858310761,stable
Choline,Amino acids,"Glycine, serine and threonine metabolism",HMDB00097,0.0231057657547932,0.8246824179781436,-0.0716134716161651,0.6355242352014305,-0.1293548814975171,0.343625749250715,stable
Serine,Amino acids,"Glycine, serine and threonine metabolism",HMDB00187,0.2254388023259957,0.2351065636015387,-0.0821532632172413,0.6848759373969855,-0.183790660719868,0.4232324417690811,stable
Betaine,Amino acids,"Glycine, serine and threonine metabolism",HMDB00043,0.0692807915985751,0.7974795464559391,0.1531393328002271,0.5387350550858112,0.1268224676000755,0.60720888055083,stable
N-Formylglycine,Amino acids,"Glycine, serine and threonine metabolism",,-0.2845387843703182,0.0487614816841536,-0.1958296170185495,0.1184779554191689,-0.6015752603513905,8.749678390855344e-08,stable
Threonine,Amino acids,"Glycine, serine and threonine metabolism",HMDB00167,-0.2341041042883265,0.233789214189226,-0.1476069327805739,0.4449176021875815,-0.4232512343187117,0.0569022052285334,stable
Creatine,Amino acids,"Glycine, serine, and threonine metabolism. Arginine and Proline metabolism",HMDB00064,0.2174685282909417,0.308432488015677,-0.2597036619947693,0.279346303906906,-0.1535982350706805,0.4971548113574334,stable
Histamine,Amino acids,Histidine metabolism,HMDB00870,-0.0693987624394841,0.2067300076930749,-0.0430287797481814,0.3907058168310873,-0.0064458618642755,0.8865033742631009,stable
4-Imidazoleacetic Acid,Amino acids,Histidine metabolism,HMDB02024,0.1825943621961952,0.3290871786684615,0.1861788966724052,0.3199741303376237,0.0266420350376047,0.8944809638705837,stable
Histidine,Amino acids,Histidine Metabolism,HMDB00177,-0.0601403264667524,0.6001237951914459,-0.1293412116891726,0.2667682806878672,-0.080720938667848,0.4746487435729161,stable
3-Methylhistidine,Amino acids,Histidine Metabolism,HMDB00479,-1.2808911645608336,0.1584233330905812,-0.6554482064575475,0.3858251919139819,-0.9932788168512074,0.2368878777354247,persistent
1-Methylhistidine,Amino acids,Histidine Metabolism,HMDB00480,-0.6390860946175535,0.4084721409355927,-0.5347887332201273,0.4583721055546781,-0.0502865591889257,0.9450106317472295,full_recovery
Ergothioneine,Amino acids,Histidine metabolism,HMDB03045,0.1965401756660607,0.6151901401614948,-0.26263191718051,0.5415667800118696,-0.3973554613521982,0.3709232757684776,stable
Pipecolinic Acid,Amino acids,Lysine degradation,HMDB00070,-0.1022613456553391,0.6138743302097338,0.0171666318967321,0.937023755298358,-0.0135152816807474,0.95071969920607,stable
Glutaric Acid,Amino acids,Lysine degradation,HMDB00661,-0.0124708339647561,0.966793828727211,-0.0182771935806405,0.9507928928654024,0.1496103856266168,0.594547262616893,stable
Lysine,Amino acids,Lysine metabolism,HMDB00182,-0.270910769379961,0.2225886512205441,-0.1865237493396523,0.3923021357312773,-0.2633549363001289,0.2281894096634794,stable
2-Aminoadipic Acid,Amino acids,Lysine degradation,HMDB00510,-0.0659982685000023,0.7008432662926845,-0.0995042706191853,0.6011923748941446,0.2565153974646799,0.2035886541329444,stable
Trimethyllysine,Amino acids,Lysine degradation,HMDB11691,-0.3129151300807937,0.4930525220969664,-0.5598808310315389,0.2668684775284147,-0.1364452531100498,0.7691299438723574,stable
2-Methylcitric Acid,Amino acids,Lysine biosynthesis,HMDB03518,-0.0349446891930255,0.84795563379253,-0.1070815517606902,0.5922742694036279,0.0460039214285403,0.8452155438650905,stable
Phenylpyruvic Acid,Amino acids,Phenylalanine metabolism,HMDB00205,-0.1390634049157649,0.675968327008017,-0.4941236023284181,0.2411036836034752,0.1645043175772795,0.6486236264688983,stable
Phenylalanine,Amino acids,Phenylalanine metabolism,HMDB00159,-0.0671937681860169,0.5415147651349517,-0.1935369447095244,0.09219060059866,-0.1093078145514518,0.3119815728351167,stable
Melilotate,Amino acids,Phenylalanine metabolism,HMDB33752,0.0399227308339522,0.8860216495906358,-0.1584156371893175,0.5796249892020309,-0.1946995389142218,0.5282347567165159,stable
Hippuric Acid,Amino acids,Phenylalanine metabolism,HMDB00714,-0.7789515422048541,0.4941410190386736,-0.7108647434290492,0.5229376349420457,-0.1585848066219636,0.8655890977702644,full_recovery
N-Acetylphenylalanine,Amino acids,Phenylalanine metabolism,HMDB00512,-1.3917422938243242,0.0147695385906582,-0.545496530684916,0.1721343250798259,-0.0865799184357199,0.8206362234237419,full_recovery
2-Hydroxyphenylacetic Acid,Amino acids,phenylalanine metabolism (phenylketonuria),,0.1588957371434183,0.6204271861602205,-0.2525785823386529,0.4677820181576325,0.3720994902098655,0.3263612015170607,stable
Indole-3-Acetaldehyde,Amino acids,Tryptophan metabolism,HMDB01190,0.6460089361713792,0.0838605234670271,-0.0461071666966636,0.8942119763030241,0.4293825111764077,0.1879133832841764,partial_recovery
Quinaldic Acid,Amino acids,Tryptophan metabolism,HMDB00842,0.035709154905566,0.7280174496453842,-0.0293913905896145,0.7929991822325598,-0.1391483516163502,0.255762031956313,stable
3-Indoleacetic Acid,Amino acids,Tryptophan metabolism,HMDB00197,0.0278261645774289,0.9439102983958668,0.0154939125226757,0.9661775185798444,-0.3063341033661076,0.4903444976281772,stable
Kynurenic Acid,Amino acids,Tryptophan metabolism,HMDB00715,-0.3283958017269264,0.1743162247176487,-0.1078337293586491,0.631720414804471,0.0116330265192005,0.962018505411386,stable
"4-(2-Aminophenyl)-2,4-dioxobutanoic acid*",Amino acids,Tryptophan metabolism,HMDB00978,-1.1274427501996402,0.3736381588871013,0.7724709851528793,0.308752775482957,-0.151651030901446,0.8733321042611233,full_recovery
5-Hydroxyindoleacetic Acid,Amino acids,Tryptophan metabolism,HMDB00763,-0.3390063427122006,0.3139655394378897,-0.377276989213873,0.2990538792254038,0.0257915787178926,0.935781016535424,stable
Tryptophan,Amino acids,Tryptophan metabolism,HMDB00929,-0.123719197272438,0.2484857051987738,-0.1100746654772356,0.312251621555231,0.014694567318584,0.9120096651306988,stable
Xanthurenic Acid,Amino acids,Tryptophan metabolism,HMDB00881,-0.4081336020690584,0.2154943531166921,-0.5025642210774287,0.1365228278413208,-0.3472062072863005,0.2974794283628657,stable
Kynurenine,Amino acids,Tryptophan metabolism,HMDB00684,-0.3428803506130656,0.1225432340819296,-0.1856582631651886,0.3561912089653294,-0.1308889700509076,0.5305492190611036,stable
Indoxyl Sulfate,Amino acids,Tryptophan metabolism,HMDB00682,-0.0171332933136736,0.9662223175669044,-0.0741457858860627,0.8579927264568712,-0.1241797298973884,0.794095241587033,stable
Hydroquinone,Amino acids,Tyrosine metabolism,HMDB02434,-1.6079273405764596,0.0411417030316752,-0.3639231541577394,0.457281513708704,0.3131634529334782,0.491750752921954,full_recovery
Tyramine,Amino acids,Tyrosine metabolism,HMDB00306,-0.4594157937456423,0.0144017810547902,-0.2160423624407218,0.211684048916548,-0.0327433106385311,0.7158639927469885,stable
3-Hydroxyphenylacetic Acid,Amino acids,Tyrosine/phenylalanin metabolism,HMDB00440,0.163973405263776,0.6084572546087752,-0.2269105856206927,0.5099385023109734,0.3771771583302233,0.319523766356466,stable
4-Hydroxyphenylacetic Acid,Amino acids,Tyrosine metabolism,HMDB00020,0.1558928992090892,0.6265819031658157,-0.2112546579040757,0.5378247091942513,0.4319813866531917,0.2422302926050472,stable
Gentisic Acid,Amino acids,Tyrosine metabolism,HMDB00152,-0.2408251282020615,0.5191356591497622,-0.0601765641455187,0.8798408057214723,0.042273472770281,0.9046523540934884,stable
Homogentisic Acid,Amino acids,Tyrosine metabolism,HMDB00130,-1.0556749314490024,0.2793194579150035,-0.2012652870610775,0.7849026655388711,-0.2842821071711234,0.7292519885236264,full_recovery
"3,4-Dihydroxyphenylacetic Acid (DOPAC)",Amino acids,Tyrosine metabolism; Dopamine metabolism,HMDB01336,-0.3733310826828793,0.1188704381779165,-0.2696901036091441,0.1975307501430296,-0.3905216093239338,0.0744374681231672,stable
4-Hydroxyphenylpyruvic Acid,Amino acids,Tyrosine metabolism,HMDB00707,0.636328843300202,0.0285878465196704,0.1470827284680735,0.4191817524053298,-0.1223292769757484,0.5056166992141574,full_recovery
Tyrosine,Amino acids,Tyrosine metabolism,HMDB00158,0.0236779200548019,0.894459394635317,-0.0046817328151638,0.9778496994537964,0.0093013510527901,0.9571314976120868,stable
Homovanillic Acid,Amino acids,Tyrosine metabolism; dopamine/catecholamine metabolite,HMDB00118,-0.1440625881016917,0.6265301688298255,-0.1180542193507915,0.659547903568479,-0.255154837904383,0.3919862175973609,stable
4-Hydroxyphenyllactate,Amino acids,Tyrosine metabolism,HMDB00755,-0.1369515256026697,0.5459711569422478,-0.0647120748864952,0.7546490027442603,-0.2672224031578702,0.2921231525363057,stable
Vanillylmandelic Acid,Amino acids,Tyrosine metabolism; catabolism of catecholamines,HMDB00291,0.0201074567190177,0.9461722610800998,-0.2620288649490951,0.4746625731454207,0.3385318071760154,0.2641045598423863,stable
2-Ketoisocaproic acid,Amino acids,Isoleucine degradation,HMDB00491,-0.0714181952121894,0.6274914461624441,0.0353688365106802,0.8710821046958825,-0.1336300696341023,0.4592850758929799,stable
2-Hydroxyisocaproic acid,Amino acids,Isoleucine metabolism,HMDB00317,0.7429834554815608,0.0279022797669649,0.4747862497595018,0.1415293766121076,-0.2922097283363899,0.4828263288342134,full_recovery
3-Hydroxymethylglutaric Acid,Amino acids,Leucine degradation,HMDB00355,-0.0168628128402333,0.952044383764605,-0.3136159156763591,0.2996894796817261,0.2427445320988769,0.3976349915753694,stable
2-Hydroxyisovaleric acid,Amino acids,"Valine, leucine, and isoleucine biosynthesis / degradation",,0.1313064876174538,0.6527910278693025,0.0866864475950336,0.779542448893291,-0.0835106491632502,0.781474834127959,stable
2-Ketoisovaleric acid,Amino acids,"Valine, leucine, and isoleucine biosynthesis / degradation",,-0.4849447882192769,0.0025090606365675,-0.0414414747530216,0.7932566488933448,0.0343119956696398,0.7734657102161897,stable
Valine,Amino acids,"Valine, leucine, and isoleucine biosynthesis / degradation",HMDB00883,0.0201326558258868,0.8902371669894338,-0.0402607342259466,0.7981427669782547,-0.1885613729770399,0.2445078959177003,stable
Methylmalonic Acid,Amino acids,"Valine, leucine, and isoleucine degradation; Propanoate metabolism",HMDB00202,-0.493850688141992,0.4708492539927202,-0.0656240159493578,0.9100837106647282,0.4418956987252781,0.3703278778639272,stable
Citraconic Acid,Amino acids,"Valin, leucine, isoleucine biosynthesis",HMDB00634,-1.0796742520205704,0.126925792011182,-0.7904471226497081,0.2166408870128154,-0.3032496065785072,0.5677922180209877,full_recovery
Ketoleucine,Amino acids,"Valine, Leucine and Isoleucine Degradation",HMDB00695,0.2376144403081949,0.3933590239232667,0.1522918400903039,0.4219145604084008,0.0326520847666052,0.9016898716549866,stable
Leucine,Amino acids,"Valine, leucine and isoleucine degradation/ biosynthesis",HMDB00687,0.093094582857431,0.6064187306710718,-0.040068901285757,0.8376595139310264,-0.1449493962820747,0.4536700104793706,stable
Isoleucine,Amino acids,"Valine, leucine, isoleucine biosynthesis",HMDB00172,0.1090620281804949,0.5480614719425607,-0.1201501452263693,0.5495399257810791,-0.2329835535595642,0.2731437948198932,stable
N-Acetylglycine,Amino acids,Amino acid acetylation,HMDB00532,0.4579464095456662,0.0250566995476767,0.6039652800178376,0.0059817845913648,0.4593145257918791,0.0054023590089018,stable
N-Acetydserine,Amino acids,Amino acid acetylation,HMDB02931,-0.1476165722754252,0.3199203581671767,0.0226985542887144,0.8852475664814259,0.2121312119817064,0.1208358047951735,stable
Putrescine,Amino acids,Polyamine metabolism,HMDB01414,-0.1014733238057964,0.1177142901878296,-0.0701813927685039,0.2253826653975496,-0.0837454592433026,0.1612442262968197,stable
Spermine,Amino acids,Polyamine metabolism,HMDB01256,0.2011363537913722,0.4253659654956061,0.265944619216892,0.2434973080814668,0.1423349887184504,0.5363580026186175,stable
N1-Acetylspermidine,Amino acids,Polyamine metabolism,HMDB01276,0.0398547091416485,0.8355635846086028,0.1603727847195687,0.3747929854159029,0.4487218510772312,0.01064967817828,stable
Hypotaurine,Amino acids,Taurine and hypotaurine metabolism,HMDB00965,0.6903155016365616,0.1762751387692593,0.9054526492118956,0.2857507862872704,-1.2291064801872136,0.2962064931996282,persistent
Taurine,Amino acids,Taurine and hypotaurine metabolism,HMDB00251,0.4706423684642907,0.0558242678487695,-0.2405851735907811,0.4317130299659507,-0.6336653855672703,0.0599172965146609,stable
Lipoic Acid,Amino acids,Lipoic acid metabolism,HMDB01451,-0.1276524275933606,0.4556456150895123,-0.4717235397236869,0.0283341248111201,0.2133592912177909,0.3358399509770252,stable
Fumaric Acid,Energy metabolism,Citrate cycle (TCA cycle),HMDB00134,-0.6149568977936444,0.1085738611446026,-0.6377852379740505,0.0927282633725138,-0.2645546261444496,0.4192212735218259,full_recovery
Succinic Acid,Energy metabolism,Citrate cycle (TCA cycle),HMDB00254,0.0045839373146313,0.9640249636345226,-0.155916079807206,0.1732536271057506,-0.1614199131588906,0.1428416849928095,stable
Malic Acid,Energy metabolism,Citrate cycle (TCA cycle),HMDB00156,-0.1923543747965211,0.483851954237209,-0.5690521454300556,0.0684676406867219,-0.1700458229353628,0.6179798577565412,stable
Oxoglutaric Acid,Energy metabolism,Citrate cycle (TCA cycle),HMDB00208,,,-1.1498712348797298,0.1975924305993999,-0.7239928786942101,0.3438107123303489,delayed_onset
2-ketoglutaramate,Energy metabolism,"Citrate cycle (TCA cycle), Alanine, Aspartate, and Glutamate metabolism",HMDB01552,-0.1414512360987288,0.507496763848772,-0.1289390170461373,0.6383632776996929,-0.0423402632366003,0.8554090224576836,stable
Aconitic Acid,Energy metabolism,Citrate cycle (TCA cycle),HMDB00072,-0.4495461041981606,0.0547612013672412,-0.4756518300013558,0.0843852612529214,-0.5046779621467435,0.0363974464649041,stable
Beta-Carboxyglutaric Acid,Energy metabolism,"Citrate cycle (TCA cycle) , from msms fragmentation",HMDB31193,-1.158771148538462,0.1982952866885401,-1.9787505782604493,0.0478735139814858,-1.23283048160118,0.1392650603254108,persistent
Citric Acid,Energy metabolism,Citrate cycle (TCA cycle),HMDB00094,0.0389941316158634,0.7422321962254023,-0.0980002954843531,0.4938547777204686,-0.0412732082302718,0.7601122150418901,stable
Methylenesuccinic Acid,Energy metabolism,"Citrate cycle (TCA cycle), dibasic acid metabolism",HMDB02092,-1.0334611367156192,0.1661623804357923,-0.6680778956511005,0.3132364536303825,-0.3820298356933991,0.5179599867043617,full_recovery
Glucose+Cl,Energy metabolism,Glycolysis; Gluconogenesis; galactose metabolism,HMDB03345,0.3490441373164472,0.1255529192165728,0.2212010004419879,0.3466591738142199,0.3113218820473573,0.1731159755614257,stable
2-Phosphoglyceric Acid,Energy metabolism,Glycolysis / Gluconeogenesis,HMDB00362,-0.0174517929164247,0.9776705165876024,-0.2751986111370411,0.7006318826564784,-1.5259399097090802,0.1955800398960648,delayed_onset
3-Phospho-Glycerate,Energy metabolism,Glycolysis / Gluconeogenesis,HMDB00807,-0.0398869740168676,0.9540463537587918,-0.3125260661208768,0.6909653421021807,-1.602209115754294,0.2274835289486313,delayed_onset
Lactic Acid,Energy metabolism,Glycolysis / Gluconeogenesis,HMDB00190,-0.3008451296634061,0.1096076517452739,-0.3620089923418017,0.071730390488148,-0.7682380340033863,0.0025171553450174,stable
Pyruvate,Energy metabolism,Glycolysis / Gluconeogenesis,HMDB00243,-2.914061652325257,0.0788020225797667,-1.074977385949131,0.2732913009917596,-1.0054464748737757,0.291781612845123,full_recovery
Pantothenic Acid,Energy metabolism,Pantothenate and CoA biosynthesis,HMDB00210,-0.1431656927378315,0.6802868760561163,-0.0128328859849209,0.9793032555372116,-0.0323032877755567,0.929661654418722,stable
Deoxyribose,Energy metabolism,Pentose phosphate pathway,HMDB03224,-0.1978503222191198,0.6745614740308381,-0.5231747525286234,0.2965426059085352,0.2649083707230459,0.5815108830959259,stable
Ribose,Energy metabolism,Pentose phosphate pathway,HMDB00283,-0.0864423754132885,0.5636853940564519,-0.1809992629802637,0.2415111503435262,-0.1266689788740539,0.4008865785346193,stable
Gluconic Lactone,Energy metabolism,Pentose phosphate pathway,HMDB00150,-0.4206398103404798,0.3653933793217974,-0.4001424015390979,0.387492713048438,-0.5016036389840051,0.3106334081614212,stable
Ribose 5-Phosphate,Energy metabolism,Pentose phosphate pathway,HMDB01548,-0.1058209715439216,0.7322871028617124,0.1298943341728625,0.6601545829937054,-0.4190489690821627,0.2071315948296677,stable
6-Phosphogluconic Acid,Energy metabolism,Pentose phosphate pathway,HMDB01316,0.1616963121657736,0.1072590805328559,0.1896441728944999,0.0582278390649739,0.2470818012414387,0.0294910386410952,stable
Purine,Purine  and pyrimidine metabolism/nucleotide metabolism,Purine metabolism,HMDB01366,0.541055393104636,0.1069450439390345,0.315191140075038,0.4209123954914209,0.6993460221166018,0.074012613637727,persistent
Adenine,Purine  and pyrimidine metabolism/nucleotide metabolism,Purine metabolism,HMDB01384,0.4040747441564605,0.6063476088511874,-0.6195797738698071,0.6182186967491494,2.11616585151266,0.1720023184914364,stable
3-Methyladenine,Purine  and pyrimidine metabolism/nucleotide metabolism,Purine metabolism,HMDB11600,0.0019595502920867,0.984456183517874,0.0712001392447239,0.4669079425021336,0.0839727284759728,0.4427870270492509,stable
Hypoxanthine,Purine  and pyrimidine metabolism/nucleotide metabolism,Purine metabolism,HMDB00157,2.435586492157781,5.140249533212322e-06,0.0441478577605988,0.9425487598854992,-2.3535072474575127,0.0736366764750248,persistent
Xanthine,Purine  and pyrimidine metabolism/nucleotide metabolism,Purine metabolism,HMDB00292,1.0153321368077484,0.0571251123083362,0.4812300357661165,0.1896507657436423,-0.014385810092731,0.9723932068397548,full_recovery
Allantoin,Purine  and pyrimidine metabolism/nucleotide metabolism,Purine degradation (not produced in higher apes or humans),HMDB00462,-0.2776840732817585,0.5973642337974947,0.2254847868405632,0.6482320468547079,0.5480786746991283,0.2025472862282799,stable
Uric Acid,Purine  and pyrimidine metabolism/nucleotide metabolism,Purine metabolism,HMDB00289,-0.0734587148441744,0.7949950372352399,0.0976508251262272,0.7076698003181965,-0.016205229255863,0.951864968385074,stable
5-Hydroxyisourate,Purine  and pyrimidine metabolism/nucleotide metabolism,Purine metabolism,HMDB11821,-0.1805789750321043,0.4948446975003381,0.0570403470919178,0.824256640133342,-0.2129674012796508,0.4315138125622482,stable
Adenosine,Purine  and pyrimidine metabolism/nucleotide metabolism,Purine metabolism,HMDB00050,-0.7538307902000876,0.2765550052272543,,,4.543860949053283,0.2112736545611108,persistent
Inosine,Purine  and pyrimidine metabolism/nucleotide metabolism,Purine metabolism,HMDB00195,6.155514013389829,0.0016045758088116,0.5850114437844116,0.3407441547201931,-3.169497665690177,0.0680188507956362,partial_recovery
Succinoadenosine,Purine  and pyrimidine metabolism/nucleotide metabolism,Purine metabolism,HMDB00912,-0.1049297472900076,0.77096039547116,0.0964143302765498,0.7876029748091807,0.1680358102335061,0.6145327230759497,stable
Adenylosuccinate,Purine  and pyrimidine metabolism/nucleotide metabolism,,HMDB00536,0.327079441120421,0.2004276975240613,0.1807308767080714,0.486744088645062,0.163124972315279,0.4701625709185257,stable
5'-Phosphoribosylglycinamide(GAR),Purine  and pyrimidine metabolism/nucleotide metabolism,Purine metabolism,HMDB02022,-0.1051414439242195,0.5752977265915238,-0.1334814346002772,0.3023913292713273,-0.128410150830087,0.3063616191121893,stable
5'-Phosphoribosyl-N-formylglycinamide (FGAR),Purine  and pyrimidine metabolism/nucleotide metabolism,Purine metabolism,HMDB01308,-0.0476737009598369,0.4402957844910249,-0.039994045652376,0.4679138240541549,-0.015664962239471,0.7927059535761585,stable
N-FormyGAR (FGAR)--riboside,Purine  and pyrimidine metabolism/nucleotide metabolism,Purine metabolism,HMDB01308,0.1041797866080578,0.5429149646691499,0.0724932206081345,0.6815436415540042,0.130953128014017,0.4576704710027676,stable
AICA riboside,Purine  and pyrimidine metabolism/nucleotide metabolism,Purine metabolism,HMDB62179,0.1254361338908975,0.6181291360418993,0.2139932010480131,0.3761802022954493,0.273112540695155,0.3092136472525103,stable
SAICAR-riboside,Purine  and pyrimidine metabolism/nucleotide metabolism,Purine metabolism,,-0.7968447659973639,0.1624438061729191,-0.6276354463512988,0.2223151414938584,0.3337941393618928,0.4456841544577206,full_recovery
GAR riboside,Purine  and pyrimidine metabolism/nucleotide metabolism,Purine metabolism,,-0.8324283684978825,0.1390756064263267,-0.2447314389385846,0.6360520513165678,0.6350900613953666,0.1287141527094872,persistent
AMP,Purine  and pyrimidine metabolism/nucleotide metabolism,Purine metabolism,HMDB00045,0.0489532711939986,0.8998847463021185,0.6146175732821182,0.1769089015065934,-1.5796166106185623,0.041221773167253,delayed_onset
ADP,Purine  and pyrimidine metabolism/nucleotide metabolism,Purine metabolism. Oxidative phosphorylation,HMDB01341,-0.1615749030220902,0.7690779310347073,-0.0777279067313733,0.8910713634280314,-0.1928058544122123,0.7522545962705693,stable
Beta-Alanine,Purine  and pyrimidine metabolism/nucleotide metabolism,Pyrimidine metabolism,HMDB00056,-0.2954477736458043,0.426029426157166,-0.4385590264598234,0.2449155394931454,-0.8872220647550404,0.0504290300258886,stable
Cytosine,Purine  and pyrimidine metabolism/nucleotide metabolism,Pyrimidine metabolism,HMDB00630,-0.0438676992336731,0.8593529361930456,0.1004884436239319,0.6743456537336856,0.5334787785533184,0.0395539589304661,delayed_onset
N(4)-Acetylcytosine,Purine  and pyrimidine metabolism/nucleotide metabolism,Pyrimidine metabolism,,-0.0556947496460475,0.863111665516588,0.0171785246000218,0.9655261215080412,0.3874569078230783,0.3811030059814227,stable
Uracil,Purine  and pyrimidine metabolism/nucleotide metabolism,Pyrimidine metabolism,HMDB00300,0.0654941760382935,0.8415285791756941,0.2831713910163186,0.3337624482432301,0.2471619654078366,0.4076289753387357,stable
Orotic Acid,Purine  and pyrimidine metabolism/nucleotide metabolism,Pyrimidine metabolism,HMDB00226,0.0546882692621483,0.8801993944569466,-0.1783085400672262,0.6601946505002965,-0.3861349877072974,0.3917547052174558,stable
Dihydroorotic Acid,Purine  and pyrimidine metabolism/nucleotide metabolism,Pyrimidine metabolism,HMDB00528,-3.654116032234737,0.1788939524499941,-1.43993370309004,0.2766714600387872,-0.8293489216426942,0.4505588591492343,full_recovery
Uracil 5-Carboxylic Acid/Isoorotic Acid,Purine  and pyrimidine metabolism/nucleotide metabolism,Pyrimidine metabolism,,0.0546862592216989,0.8802042192910595,-0.1783104372066643,0.6601924009941389,-0.3861370539438388,0.3917537082021395,stable
Deoxyuridine,Purine  and pyrimidine metabolism/nucleotide metabolism,Pyrimidine metabolism,HMDB00012,0.8577176360402249,0.0644965954421024,0.9170921532725844,0.0725360394524166,1.4772961095832036,0.0010159633081421,persistent
Cytidine,Purine  and pyrimidine metabolism/nucleotide metabolism,Pyrimidine metabolism,HMDB00089,-2.848653188515065,0.2153954047828556,-2.5872452491712985,0.2301305981486636,-0.128789082199977,0.8999142403492233,full_recovery
Uridine,Purine  and pyrimidine metabolism/nucleotide metabolism,Pyrimidine metabolism,HMDB00296,-0.0123806300439072,0.9735778224925716,0.2263642276187003,0.4942475125039584,0.2297185840405554,0.4931463555552147,stable
Uridine+Cl,Purine  and pyrimidine metabolism/nucleotide metabolism,Pyrimidine metabolism,HMDB00296,0.0383995596222738,0.9192538859590392,0.3364584032588547,0.296116579632369,0.2032969754359921,0.5485541493559485,stable
Orotidine,Purine  and pyrimidine metabolism/nucleotide metabolism,Pyrimidine metabolism,HMDB00788,-0.2969756904199931,0.1343470059037838,-0.259447364720563,0.1523169172580926,-0.3919897274739121,0.0379803226438163,stable
UMP,Purine  and pyrimidine metabolism/nucleotide metabolism,Pyrimidine metabolism,HMDB00288,0.3302087024104542,0.2681128109270538,0.9329810405009616,0.0017160739241991,0.8459160565290859,0.0036293380269911,stable
UDP,Purine  and pyrimidine metabolism/nucleotide metabolism,Pyrimidine metabolism,HMDB00295,0.1747390771313566,0.0358174016306094,-0.041418003043838,0.5754928850054946,-0.1007060803085478,0.1768900028665573,stable
5-Hydroxymethyluracil,Purine  and pyrimidine metabolism/nucleotide metabolism,Nucleotide modification,HMDB00469,0.1154884109782741,0.6565233002649375,0.5177065172912257,0.0137345701499852,0.5238359542177582,0.0152826389359257,delayed_onset
1-Methylguanine,Purine  and pyrimidine metabolism/nucleotide metabolism,Nucleotide methylation,HMDB03282,-0.3721151482758478,0.111955844856165,-0.197167243013321,0.362836158512577,-0.0006729625211291,0.9973277252084884,stable
5-Methylcytidine,Purine  and pyrimidine metabolism/nucleotide metabolism,Nucleotide modification,HMDB00982,-0.2782658742672627,0.3476518384656372,0.0456549195830667,0.8668497634579126,0.3855243596717225,0.1179305733516516,stable
Ribothymidine,Purine  and pyrimidine metabolism/nucleotide metabolism,Nucleotide modification,HMDB00884,-0.1268371935231624,0.5705672291500998,-0.0705370461883852,0.6690607699207385,0.2545414263869674,0.1316824274264453,stable
2-Methyladenosine,Purine  and pyrimidine metabolism/nucleotide metabolism,Nucleotide modification,HMDB04326,0.3610544193056997,0.6293632351739107,0.3534148922181661,0.6693445623432982,0.189125403877044,0.8102971501315339,stable
3-Methyladenosine,Purine  and pyrimidine metabolism/nucleotide metabolism,Nucleotide modification,HMDB06023,0.3540408652400195,0.6344677599212515,0.3551567204371607,0.6649131305614879,0.1821118498113638,0.8163676151547133,stable
1-Methyladenosine,Purine  and pyrimidine metabolism/nucleotide metabolism,Nucleotide modification,HMDB03331,-0.1644053353535499,0.2765680657256352,-0.0966788985380866,0.505976450852901,0.1670444479485745,0.2079908144385851,stable
UDP-N-Acetylglucosamine,Amino sugar and nucleotide sugar metabolism,Nucleotide sugar metabolism,HMDB00290,0.0805531467650077,0.9021514835831076,-0.3883508547598228,0.5994634063324756,-0.9326720491787516,0.2932276631131139,delayed_onset
N-Acetylneuraminic Acid,Amino sugar and nucleotide sugar metabolism,Amino sugar metabolism,HMDB00230,0.2793665587219694,0.5935442249276677,-0.337612422760396,0.6496211573446122,-0.5274296369858593,0.4189707261914749,stable
Maleic Acid,"Cofactor, vitamin and antioxidant metabolism",Nicotinate and nicotinamide metabolism,HMDB00176,-1.228635298457966,0.2988842846634219,-1.1812506453103184,0.3106204696671247,-1.0850227875882823,0.3385327480979843,persistent
Nicotinamide,"Cofactor, vitamin and antioxidant metabolism",Nicotinate and nicotinamide metabolism,HMDB01406,0.4048588686819102,0.3220660216465486,-0.1069167983324133,0.823522348296249,-0.9595169367609258,0.1458659902964195,stable
Trigonelline/N-Methylnicotinate,"Cofactor, vitamin and antioxidant metabolism",Nicotinate and nicotinamide metabolism,HMDB00875,-1.4580136795067449,0.1808347808407012,-1.0769240127803528,0.2566255940003211,-0.820565371564213,0.3522320976407883,partial_recovery
Nicotinamide N-Oxide,"Cofactor, vitamin and antioxidant metabolism",Nicotinate and nicotinamide metabolism,HMDB02730,-0.0404577967479514,0.8595195481370093,-0.6984876898239242,0.0098884289708574,0.6258507855537456,0.0163780281064634,delayed_onset
"2,3-Pyridinedicarboxylic Acid/Quinolinic Acid","Cofactor, vitamin and antioxidant metabolism",Nicotinate and Nicotinamide Metabolism,HMDB00232,-0.1380022823004629,0.567812247531555,-0.1081467292558138,0.6013783789816392,-0.2013992630615597,0.3451766514484859,stable
1-Methylnicotinamide,"Cofactor, vitamin and antioxidant metabolism",Nicotinate and nicotinamide metabolism,HMDB01464,0.9096910112386708,0.0799117772459048,1.0726903771876972,0.0168619421906164,0.6283972280994274,0.3168675323639329,partial_recovery
N1-Methy2-Pyridone-5-Carboxamide(2-PY),"Cofactor, vitamin and antioxidant metabolism",Nicotinate and nicotinamide metabolism,HMDB04193,-0.0739818720291113,0.5888699147436451,0.0249241392840442,0.8329014290475696,-0.205930644248457,0.1832684272023788,stable
N1-Methy4-Pyridone-5-Carboxamide(4-PY),"Cofactor, vitamin and antioxidant metabolism",Nicotinate and nicotinamide metabolism,HMDB04194,-0.3363536302051914,0.1600564738726788,0.1079412414597564,0.624596390845077,-0.0133127849837457,0.9445419449551232,stable
Dehydroascorbic Acid,"Cofactor, vitamin and antioxidant metabolism",Ascorbate and aldarate metabolism,HMDB01264,-1.3794343859664115,0.0587384674181277,-0.935161987564838,0.1311181456086672,-0.8568750938181402,0.1553908013749358,partial_recovery
Ascorbic Acid,"Cofactor, vitamin and antioxidant metabolism",Ascorbate and aldarate metabolism,HMDB00044,-0.0882688145929671,0.790358991908069,-0.3471769189431912,0.3201124413224271,0.1129907346999747,0.710312465223446,stable
Glucuronolactone,"Cofactor, vitamin and antioxidant metabolism",Ascorbate and aldarate metabolism,HMDB06355,-0.618304126841741,0.4009529779150278,-0.6610739622322394,0.3739720762417013,0.8968276676493133,0.1244857920435251,persistent
5-Oxo-Proline,"Cofactor, vitamin and antioxidant metabolism",Glutathione metabolism,HMDB00267,-0.438227124001934,0.1939995591999908,-0.3738879881501634,0.2840519649751281,-0.888787410564375,0.025168593083324,stable
N-Acetycysteine,"Cofactor, vitamin and antioxidant metabolism",Glutathione synthesis,HMDB01890,0.2280143820496422,0.4242175118377393,-0.1012320269001667,0.6643744118379924,-0.1103483564706606,0.6450861956306303,stable
Cys-Gly,"Cofactor, vitamin and antioxidant metabolism",Glutathione metabolism,HMDB00078,-0.6039474340408516,0.1157206391919165,-0.6208772424944442,0.1106847985220227,-0.6593940773590308,0.090712737973709,persistent
Ophthalmic Acid,"Cofactor, vitamin and antioxidant metabolism",Glutathione analogue,HMDB05765,-0.2138883490045596,0.285140242490135,0.0144813681505461,0.9148932461437956,-0.1796925862804785,0.2211033779150112,stable
S-Hexyglutathione,"Cofactor, vitamin and antioxidant metabolism",Glutathione metabolism,,-0.210729367388836,0.8826871006543008,-0.838382209431148,0.6329451994136471,-1.1758169386328432,0.4604307209992447,delayed_onset
Cysteineglutathione Disulfide,"Cofactor, vitamin and antioxidant metabolism",Glutathione metabolism,HMDB00656,-1.2808077643081546,0.1877097049727311,-1.704781375945945,0.1247898921877058,-0.737309363583285,0.3672233980240698,partial_recovery
Thiamine (Vit B1),"Cofactor, vitamin and antioxidant metabolism",Thiamine metabolism,HMDB00235,0.2142379471974258,0.0157259401784268,0.0669988514314201,0.3200072565478319,0.1208915948373722,0.0741218717558598,stable
Thiamine Monophosphate,"Cofactor, vitamin and antioxidant metabolism",Thiamine metabolism,HMDB02666,0.2024325808399025,0.2677942825445443,0.1288459706424,0.4979439794042598,0.1396597299412875,0.4633254797171123,stable
Pyridoxal,"Cofactor, vitamin and antioxidant metabolism",Vitamine B6 metabolism,HMDB01545,-0.8733060468993715,0.5189483472387616,-0.3690695449423604,0.6480745541369772,0.4163675633611167,0.5287108635945856,full_recovery
4-Pyridoxic Acid,"Cofactor, vitamin and antioxidant metabolism",Vitamin B6 Metabolism,HMDB00017,-1.4029436774105286,0.0653844633119997,-0.4211483858624135,0.4971781445127321,-0.4641002925988345,0.4941274877578436,full_recovery
Menaquinone (Vit K2),"Cofactor, vitamin and antioxidant metabolism","Vitamin K Metabolism, Ubiquinone and other terpenoid-quinone biosynthesis",HMDB30017,-0.403240739911921,0.3494917872873577,-0.1190553152858531,0.7660296333438872,0.1459297875716102,0.8070205955691141,stable
Ergocalciferol (Vit D2),"Cofactor, vitamin and antioxidant metabolism",Vitamin D metabolism,HMDB00900,0.4937995764867572,0.2773404200687772,0.853186666657389,0.1663750200169054,0.7897693304890587,0.1749062823768854,stable
Folic Acid,"Cofactor, vitamin and antioxidant metabolism",Folate metabolism,HMDB00121,-0.3580123117755254,0.0931439729066775,-0.1287916869389049,0.4422170007555124,-0.0095013791122604,0.950026829679246,stable
Pimelic Acid,"Cofactor, vitamin and antioxidant metabolism",Biotin metabolism,HMDB00857,-0.4810557084314141,0.0547742199086233,-0.177494551644411,0.4186020931763948,-0.0321978939043581,0.8798016216067388,stable
Erythrose,Carbohydrate metabolism,Carbohydrates,,0.0032098934234358,0.9891568137065984,-0.3334161728998293,0.2257465902183465,-0.3771486533362368,0.1744146987727393,stable
3'-Sialyllactose,Carbohydrate metabolism,"Carbohydrates, Oligosaccharide",HMDB00825,-0.1821581935442717,0.7838516577099934,-1.2800420566782114,0.1235328212247415,-0.5636997240411188,0.5321231369978853,delayed_onset
Fucose,Carbohydrate metabolism,Fructose and mannose metabolism; Glycan and glycoprotein component,HMDB00174,-0.3197324324800744,0.3383838104734143,-0.0305653968712418,0.9224931430915612,-0.3276306618815526,0.2707921653788112,stable
Galactose,Carbohydrate metabolism,Galactose metabolism,HMDB00143,-1.0615988265247664,0.3101717516529383,-0.4762699785077742,0.5842606596630366,-0.1398661755518746,0.8604858846975905,full_recovery
Sorbitol,Carbohydrate metabolism,Fructose and mannose metabolism; galactose metabolism,HMDB00247,0.2609576119314088,0.5750504789757729,-0.5595757271098959,0.1064817070299271,0.6644202680692172,0.0932743540055359,stable
Myo-Inositol,Carbohydrate metabolism,Galactose metabolism,HMDB00211,-0.3148768359502262,0.2437095441713779,-0.2627663330125278,0.3150785486571709,-0.2091833985808968,0.3990322638862528,stable
Lactose,Carbohydrate metabolism,Galactose metabolism,HMDB00186,-1.2478570888916694,0.3645853178208785,,,0.0196885454752359,0.9803139979927112,full_recovery
Sucrose,Carbohydrate metabolism,Galactose metabolism; starch and sucrose metabolism,HMDB00258,-1.27656612885822,0.3582701385783867,,,-0.0090204944913145,0.9910419172853882,full_recovery
Stachyose Hydrate,Carbohydrate metabolism,Galactose metabolism,HMDB03553,0.9755360375437104,0.2258021977003328,-1.9949847756601589,0.1632086687966296,2.602453279081227,0.1346079875867554,persistent
Galactaric Acid,Carbohydrate metabolism,"Galactose metabolism,  oxidation of galactose",HMDB00639,-0.5227533383850759,0.0659658793306915,-0.2658900398198695,0.3103986616414239,0.0779135694025077,0.7604594977603101,full_recovery
Deoxycorticosterone Acetate,Lipid metabolism,Bile acid biosynthesis,,-0.2331976159074133,0.4280617268017538,-0.5287012527264138,0.0888651939609461,-0.6240930030211751,0.0813415287914888,delayed_onset
Lithocholic Acid,Lipid metabolism,Bile acid biosynthesis,HMDB00761,0.2354657989700666,0.3875817507473226,0.1164149787831164,0.645196947951828,0.3901629513855865,0.105895981101275,stable
Chenodeoxycholate,Lipid metabolism,Bile acid biosynthesis,HMDB00518,-0.2488585750088164,0.6527127136922493,0.3303482439870397,0.4773200536988905,-0.5665436288163166,0.3526949606309516,delayed_onset
Taurolithocholic Acid,Lipid metabolism,Bile acid biosynthesis,HMDB00722,-0.1808134732171452,0.8306978183685345,-0.92090112167671,0.3692255500115694,0.1237754705348327,0.8713677980513941,stable
Taurodeoxycholate,Lipid metabolism,Bile acid biosynthesis,HMDB00896,0.4626695021237909,0.3903473992017217,1.020359983565369,0.1966237342395664,-0.1774530702941615,0.8162942406509954,stable
Taurocholic Acid,Lipid metabolism,Bile acid biosynthesis,HMDB00036,0.6420079777819299,0.2427681128821744,-0.1020346394687734,0.8589806011511187,0.9495478064829967,0.2135790738283838,persistent
Carnitine,Lipid metabolism,Carnitine metabolism,HMDB00062,0.1263494515067668,0.6671291082293392,0.0042456425413584,0.989183188541704,-0.0258347085082392,0.930564081300176,stable
Acetylcarnitine,Lipid metabolism,Carnitine metabolism,HMDB00201,0.3411790972151824,0.3123789983587958,0.0875729971598652,0.8043044889407158,0.2836029151160157,0.4735009916516469,stable
Propionylcarnitine,Lipid metabolism,Carnitine metabolism: Succinyl-CoA biosynthesis,HMDB00824,0.1144941489423514,0.7611541744727335,-0.172632215051047,0.6648651217542603,-0.1270784496341334,0.7330111593505407,stable
Butyrylcarnitine,Lipid metabolism,Carnitine metabolism,HMDB02013,-0.0012460412791509,0.9961672742678986,-0.2197901734220324,0.4320460131058304,-0.0991138682021027,0.7355738171175867,stable
Valerylcarnitine,Lipid metabolism,Carnitine metabolism,HMDB13128,-0.0533560356614823,0.8779796325687126,-0.390846077567686,0.3192196965510589,-0.1722515026635662,0.6299594131198327,stable
Hexanoylcarnitine,Lipid metabolism,Carnitine metabolism,HMDB00705,0.4194291245404334,0.0596660851772134,0.2070821024777361,0.2851931958716357,0.3517889777362849,0.1113152962464716,stable
Methylglutarylcarnitine,Lipid metabolism,Carnitine metabolism,HMDB00552,-0.0575393305636013,0.6728686967841078,-0.1560991583208573,0.3074860302386403,-0.0674662386837151,0.5975559054914386,stable
Methylmalonylcarnitine,Lipid Metabolism,Carnitine metabolism,HMDB13133,0.0514828173815957,0.6423260875961281,0.0757886515340365,0.4082320573515591,0.2001201789091242,0.0422334772158226,stable
2-Octenoylcarnitine,Lipid metabolism,Carnitine metabolism,HMDB13324,-0.462705273055605,0.1266984768422528,-0.0730387106037647,0.7895774746425837,-0.2519701213099621,0.3698331924768164,stable
Octanoylcarnitine,Lipid metabolism,Carnitine metabolism,HMDB00791,0.7039627386318036,0.0379182702399057,0.2008184494571659,0.4990024983789699,0.3854769941715015,0.1665607639341804,partial_recovery
Dodecanoylcarnitine,Lipid metabolism,Carnitine metabolism,HMDB02250,0.4315016990901014,0.3119585509933345,0.0826611694271201,0.8628304612277413,0.4337555843245732,0.3438516602241351,stable
"3,5-Tetradecadiencarnitine",Lipid metabolism,Carnitine metabolism,HMDB13331,0.428278565838311,0.3031568685896911,0.1680509186031453,0.6998083022543217,0.6621486911017767,0.1234034306056972,stable
Tetradecenoylcarnitine,Lipid metabolism,Carnitine metabolism,HMDB02014,0.4632905146559388,0.2464333391111806,0.2793203507871041,0.5341394917615832,0.7170977359159388,0.1152690992199784,stable
Hexadecenoylcarnitine,Lipid metabolism,Carnitine metabolism,HMDB13207,-0.0879117510102802,0.7848297987981299,-0.1296741220798355,0.7233789829253254,0.2603953649821836,0.4891085332062597,stable
Palmitoylcarnitine,Lipid metabolism,Carnitine metabolism,HMDB00222,-0.339713512212329,0.3278290327947512,-0.2785639756101687,0.4267460976742645,-0.1134937351769071,0.7304466206633132,stable
Linolenyl Carnitine,Lipid metabolism,Carnitine metabolism,HMDB06318,-0.8091768430280851,0.2262283102068171,-0.5343958745872686,0.3743009094213955,-0.5086845908271072,0.3991331583319669,partial_recovery
Linoleyl Carnitine,Lipid metabolism,Carnitine metabolism,HMDB06469,-1.1191969423218977,0.2040773970106242,-0.7468234526490255,0.3333621674149685,-0.6290452633226076,0.4064982435997804,partial_recovery
Oleoylcarnitine,Lipid metabolism,Carnitine metabolism,HMDB05065,-0.5742108502376158,0.2190482919594329,-0.3797613075148069,0.3968411255408151,-0.3060980699418145,0.4993423589509747,partial_recovery
Stearoylcarnitine,Lipid metabolism,Carnitine metabolism,HMDB00848,-0.9472138683302614,0.4961546741592273,-0.896833191386959,0.5129006531358522,-0.7775741307199446,0.5551559446795684,persistent
3-OH-Linolenyl carnitine,Lipid metabolism,Carnitine metabolism,,0.0102314956967994,0.9895430148411894,-0.039455068512089,0.961006996470152,0.945382844119276,0.292926635159558,delayed_onset
3-OH-Linoleyl carnitine,Lipid metabolism,Carnitine metabolism,,-0.4410132519453614,0.2708750514165923,-0.1058667556386503,0.792860284873865,-0.3761690175113136,0.3673248497688083,stable
3-OH-Oleoylcarnitine,Lipid metabolism,Carnitine metabolism,HMDB13339,-0.0610208914377159,0.8841059236675965,-0.0630848699745191,0.88666642915812,0.0508545565718112,0.9062663386621724,stable
3-OH-Stearoylcarnitine,Lipid metabolism,Carnitine metabolism,HMDB13154,-0.9973743255078676,0.5313386346229068,-0.9195538092837128,0.6111455781110018,-0.9609960901553214,0.5420938376251132,persistent
3-Dehydroxycarnitine,Lipid metabolism,Carnitine metabolism,,0.1715127700486372,0.359425189965567,-0.0959805011897074,0.6666743507642889,-0.0981107825632155,0.6407365283406401,stable
Tiglylcarnitine,Lipid metabolism,Carnitine metabolism,,0.0173665312340019,0.9551020094666742,0.2345577315617278,0.421011823094687,-0.3729532057120925,0.297009309921346,stable
2-Methylbutyroylcarnitine,Lipid metabolism,Carnitine metabolism,,-0.0718365342920585,0.8340097810464115,-0.3945292460856089,0.3015523526091841,-0.1803631067290063,0.6066851850995456,stable
Malonylcarnitine,Lipid metabolism,Carnitine metabolism,,0.0642303465116458,0.8778994111078602,0.1378162439644036,0.6952078145935865,0.0676990972116878,0.8668680942394126,stable
Hydroxybutyrylcarnitine,Lipid metabolism,Carnitine metabolism,,0.5634304875357333,0.017048144770009,0.439697379623941,0.3251708463788304,0.0680242206320892,0.7948702504428653,full_recovery
Glutarylcarnitine,Lipid metabolism,Carnitine metabolism,,0.0206310877828996,0.9041054068967238,-0.0275198377380782,0.8500939565584119,0.0707004608768509,0.6718076152131778,stable
3-Methylglutarylcarnitine,Lipid metabolism,Carnitine metabolism,,-0.094273118556022,0.7467738157282637,-0.248151047213408,0.4058209866668832,-0.2774628424385438,0.3604855575978075,stable
Pimelylcarnitine,Lipid metabolism,Carnitine metabolism,,-0.2975840763905378,0.3528629381990706,-0.597680768839742,0.0842391022240441,0.0039202746856598,0.9903904578327332,stable
hydroxyoctanoyl carnitine,Lipid metabolism,Carnitine metabolism,,0.3034836656197128,0.4375869126811336,-0.0719996411534675,0.868945216335569,0.0822485491646818,0.8486062097254095,stable
Decenoylcarnitine,Lipid metabolism,Carnitine metabolism,,0.3418124810945516,0.2331485287288104,0.116593497215086,0.6885183022211254,0.425017528222579,0.1253931520934496,stable
Decanoylcarnitine,Lipid metabolism,Carnitine metabolism,,0.7806954305019594,0.0499673772853856,0.2804493293531998,0.4949758110592213,0.5643802201727083,0.1434817323434989,partial_recovery
Keto-decanoylcarnitine,Lipid metabolism,Carnitine metabolism,,-0.0270567292046297,0.9330843698573174,-0.7839813431278669,0.1020200642532578,0.1704885385677786,0.5695982036794571,stable
 Dimethylnonanoyl carnitine,Lipid metabolism,Carnitine metabolism,,-0.1195347474713804,0.7476982243706034,0.0324754762294185,0.9329225386514144,0.2112097302778514,0.5542235577421036,stable
hydroxydecanoyl carnitine,Lipid metabolism,Carnitine metabolism,,0.3850452263361399,0.2699458915414788,-0.03220310049569,0.9311907184296764,0.285037992257067,0.4473119150004941,stable
Dodecenoylcarnitine,Lipid metabolism,Carnitine metabolism,,0.3663220716621382,0.3297076309865885,0.220490570529266,0.589758021450947,0.5863866168220009,0.1442395444734755,stable
Dodecanedioylcarnitine,Lipid metabolism,Carnitine metabolism,,0.0293001607046513,0.9479967590234804,0.337808944251581,0.4102565301381466,0.3203297221092858,0.4218187147403104,stable
Hydroxy-tetradecadiencarnitine,Lipid metabolism,Carnitine metabolism,,0.1560510316739595,0.4970597226979302,-0.1750961742943698,0.4184922952268689,-0.204187377573716,0.4932138917779555,stable
Hexadecadienoylcarnitine,Lipid metabolism,Carnitine metabolism,,0.1955174097772885,0.6889128636367488,0.0217989847596515,0.9664785664725968,0.5631193806093493,0.2724936952047173,delayed_onset
Hexadecanedioic acid mono-L-carnitine ester,Lipid metabolism,Carnitine metabolism,,0.9857722467833928,0.2461212498423578,0.8216031470940585,0.3697787362645123,0.6823327435028,0.4973829922252564,partial_recovery
Hydroxy-octadecenoylcarnitine,Lipid metabolism,Carnitine metabolism,,0.1650849465713582,0.2956885731855537,0.280686920999278,0.1350254671247015,-0.1020193065374227,0.5697121939538652,stable
Cervonyl carnitine,Lipid metabolism,Carnitine metabolism,,-0.3357302495049796,0.0906566448586467,-0.1021897219108512,0.5493260178346707,0.1140325108220596,0.4602485737953141,stable
Malondialdehyde,Lipid metabolism,Oxidative Stress; Lipid Peroxidation; Oxidative Damage,HMDB06112,-1.5640290196593858,0.1370752373023962,-1.3808002537970518,0.1666894332329886,-1.961461128900608,0.0995597354306205,persistent
Archidonoyl Glycine,Lipid metabolism,"Fatty acid metabolism, acylglycine",HMDB05096,0.281677181539879,0.2886098012190109,0.3394248297194202,0.285028650237753,0.3155444452555903,0.4596516981174982,stable
N-Linoleoylglycine,Lipid metabolism,"Fatty acid metabolism, acylglycine",,-0.1118481974420109,0.7870251739692633,1.1920816655494777,0.0210258147736605,1.2595072614984937,0.0830307360569714,delayed_onset
Isovaleric Acid,Lipid metabolism,"Fatty Acid metabolism, Branched fatty acids",HMDB00718,-0.1798785682877196,0.421536013465416,-0.1355636233753172,0.5252520547125089,0.0886167811769636,0.6022254738843813,stable
Malonic Acid,Lipid metabolism,Fatty acid biosynthesis,HMDB00691,0.6103084397964302,0.0833271162308329,0.0206743508848372,0.9320323508413624,-0.1336848266669042,0.5891873186411134,full_recovery
5-Hydroxyhexanoic Acid,Lipid metabolism,Fatty acid metabolism,HMDB00525,0.5373979089255073,0.0631948837519739,0.275822589355063,0.3227690866522763,0.3236283058461491,0.2202921729956863,partial_recovery
10-Hydroxydecanoate,Lipid metabolism,Fatty acid metabolism,,-0.0839300590335394,0.8456922464871591,-0.421909811868057,0.3966320206716003,-0.1433722154918876,0.7445388447365116,stable
Lysophosphatidic Acid,Lipid metabolism,Glycerophospholipid metabolism,HMDB07855,0.1239410757256671,0.410235361326503,-0.1127566431651001,0.449687265580492,-0.1947412349485902,0.2132929314983919,stable
Phosphocholine,Lipid metabolism,"Glycerophospholipid metabolism, choline metabolism",HMDB01565,0.2678506567870508,0.1156773403102583,-0.0577829515345071,0.6814694653394495,-0.4266209722369516,0.0033758255570025,stable
Glycerylphosphorylethanolamine,Lipid metabolism,Glycerophospholipid metabolism,HMDB00114,-0.9973183187657746,0.1694862955319291,-0.5007305404742104,0.4820781848835226,0.7674921908241341,0.1265673235688718,persistent
Glycerol 1-Phosphoserine,Lipid metabolism,Glycerophospholipid metabolism,,0.0873631769992357,0.7526991185832974,0.0096555424453594,0.970595063970902,-0.0539225098941095,0.8437453851946458,stable
Trimethylamine N-Oxide,Lipid metabolism,Glycerophospholipid metabolism,HMDB00925,-0.2158420980905274,0.7728068397157604,-0.5917410509841886,0.4881982468543185,-1.0698500944099265,0.2606980106379298,delayed_onset
Sn-Glycero3-Phosphocholine,Lipid metabolism,Glycerophospholipid metabolism,HMDB00086,-0.785217518570151,0.1320460316042155,-0.8709277623443837,0.1093359766710826,-0.9983342739670388,0.0780401572059143,persistent
LysoPC(16:1),Lipid metabolism,Glycerophospholipid metabolism,HMDB10383,-1.088656866544093,0.0107522717010131,-0.5053040674041585,0.1247440607458069,0.076672303106101,0.7851681191934892,full_recovery
LysoPC(16:0),Lipid metabolism,Glycerophospholipid metabolism,HMDB10382,-0.7715310117203398,0.0239362584994271,-0.5022322518443161,0.094660178713871,-0.1623383041543205,0.5342820741387568,full_recovery
LysoPC(18:3),Lipid metabolism,Glycerophospholipid metabolism,HMDB10388,-1.0712460860281363,0.0067740685963891,-0.2008516061688538,0.4926087780774586,0.0153960502645358,0.9516293709482778,full_recovery
LysoPC(18:2),Lipid metabolism,Glycerophospholipid metabolism,HMDB10386,1.9797188697098105,0.0161303312796105,1.1271445223094818,0.1170753568134232,1.2612595518163965,0.0781461136879692,partial_recovery
LysoPC(18:1),Lipid metabolism,Glycerophospholipid metabolism,HMDB10385,-0.6310479701093389,0.018978551028845,-0.2407838219471041,0.2584133297597159,0.0533401476554403,0.7838459557696005,full_recovery
LysoPC(18:0),Lipid metabolism,Glycerophospholipid metabolism,HMDB10384,-1.007732733444849,0.0282239087440203,-0.3314517419013382,0.3386484008267233,-0.0409637527292954,0.8975522915821388,full_recovery
PAF C18:1 /PC(O-18:1/2:0),Lipid metabolism,Glycerophospholipid metabolism,HMDB11148,-0.1082459712177167,0.6713432714717136,-0.0524083111496626,0.842559551634896,-0.0650316658961637,0.7974169930652686,stable
PC(34:2),Lipid metabolism,Glycerophospholipid metabolism,HMDB08004,0.132387656349878,0.4253711669574266,-0.0468708821064838,0.7886622102087746,-0.0049605621469181,0.9760014522312628,stable
PC(35:2),Lipid metabolism,Glycerophospholipid metabolism,HMDB08330,-0.2701560227851969,0.0585895871538247,-0.095688842486058,0.5011810415075071,-0.1880169855244937,0.1518658213113473,stable
PC(36:4),Lipid metabolism,Glycerophospholipid metabolism,HMDB07983,0.1518970218242095,0.2858461466406348,-0.1188538722775498,0.4484726325429569,-0.0317168524731408,0.8367799267513809,stable
PC(36:2),Lipid metabolism,Glycerophospholipid metabolism,HMDB08590,-0.2426354276744962,0.1691239092100735,0.0351505989579469,0.8367236497320594,0.1060010299222245,0.5547926918573688,stable
lysoPC(6:0),Lipid metabolism,Glycerophospholipid metabolism,,-0.8117510274304198,0.2653628876697804,-0.3843468298463898,0.4366984325540627,-1.413215875065687,0.0488149586131589,persistent
LysoPC(14:1),Lipid metabolism,Glycerophospholipid metabolism,,-0.1537708414932642,0.1949946813061267,-0.0463791523463524,0.414151377164056,-0.0330901505209824,0.5492263660146022,stable
LysoPC(14:0),Lipid metabolism,Glycerophospholipid metabolism,,-1.5217455331456713,0.00263618016081,-0.585160672877312,0.0974886637873395,-0.303056216031401,0.3231485142545296,full_recovery
LysoPC(P-16:0),Lipid metabolism,Glycerophospholipid metabolism,,-0.6056156257121861,0.0621543408928185,-0.2000855153216534,0.4610785107178363,-0.1359324143784497,0.6040710735212202,full_recovery
LysoPC(15:0),Lipid metabolism,Glycerophospholipid metabolism,,-1.1969603652916545,0.001941386787789,-0.6086115926886141,0.0361670484286334,-0.356727940589668,0.1720083153752035,full_recovery
LysoPC(P-18:1),Lipid metabolism,Glycerophospholipid metabolism,,0.4898795095093471,0.0410122193324315,0.3014426290169053,0.3207160663536559,0.0546350342751375,0.8510187323715173,stable
LysoPC(P-18:0),Lipid metabolism,Glycerophospholipid metabolism,,-0.7381829901427858,0.0441823221618152,-0.6444990968694223,0.059395919447994,-0.3871541154981996,0.2029278105418961,partial_recovery
LysoPC(17:0),Lipid metabolism,Glycerophospholipid metabolism,,-1.0493137401083965,0.0133632428902656,-0.4897981279807293,0.1383085699698729,-0.3145029495202474,0.3204705544397765,full_recovery
LysoPC(20:5),Lipid metabolism,Glycerophospholipid metabolism,,-1.2465657279082407,0.0945819063564997,-0.342583364070936,0.524604691472629,0.1876396275402747,0.6967169376421636,full_recovery
LysoPC(20:4),Lipid metabolism,Glycerophospholipid metabolism,,-0.405222151557756,0.3444978407933082,-0.3018728373164523,0.4684529465029966,0.1244597402410466,0.7653788117209048,stable
LysoPC(20:3),Lipid metabolism,Glycerophospholipid metabolism,,-0.778069687795682,0.0497560038816167,-0.2658049541948321,0.4043682092761753,0.2009663861741136,0.5114952660825749,full_recovery
LysoPC(20:2),Lipid metabolism,Glycerophospholipid metabolism,,-0.4114291468868313,0.0031424876775344,-0.1967732928724306,0.086373970465477,0.0733922254134119,0.4921075679516669,stable
LysoPC(20:1),Lipid metabolism,Glycerophospholipid metabolism,,-0.4867319889024214,0.014283547232037,-0.2423028837986647,0.1552926951448555,-0.0781647543058757,0.6214651444859433,stable
LysoPC(20:0),Lipid metabolism,Glycerophospholipid metabolism,,-0.9235841607838828,0.0367095750515378,-0.1581839118719244,0.6364790861795978,0.0656691676186995,0.8282232031862582,full_recovery
LysoPC(22:6),Lipid metabolism,Glycerophospholipid metabolism,,-0.3375873797656247,0.3965349469942787,-0.3376467058708972,0.354919878489729,-0.0962842622742356,0.7838359400797306,stable
LysoPC(22:5),Lipid metabolism,Glycerophospholipid metabolism,,-0.4888350579355741,0.3400059501626825,-0.1775974090106123,0.6905927685064603,0.2134621742973438,0.6197018477552695,stable
LysoPC(22:4),Lipid metabolism,Glycerophospholipid metabolism,,-0.5225737757345817,0.2636986950891011,-0.1514415243292617,0.7103330563712111,0.2239882711641144,0.5642649750422188,full_recovery
LysoPC(22:1),Lipid metabolism,Glycerophospholipid metabolism,,-1.7792667755920974,0.2565992228752808,-0.6248017925194268,0.5699384179054151,-0.7337206928215283,0.5186231615557687,full_recovery
LysoPC(22:0),Lipid metabolism,Glycerophospholipid metabolism,,-1.0027019555311791,0.360419773544582,-0.2006296030142331,0.8143475838763021,0.1723132420401754,0.810840915720054,full_recovery
LysoPC(24:0),Lipid metabolism,Glycerophospholipid metabolism,,,,-0.6128856003388116,0.5694718118005535,0.6306002052237945,0.4171175447966525,delayed_onset
lysoPC(28:0),Lipid metabolism,Glycerophospholipid metabolism,,0.0159724406412839,0.9647536064124396,0.4639657157823231,0.3400974205471619,0.6344224520410866,0.0353408518040292,delayed_onset
PC(28:1),Lipid metabolism,Glycerophospholipid metabolism,,-2.04184971851804,0.0349015967645405,0.6475253190060631,0.2272632019258413,-0.0514177489388826,0.9350232745914824,full_recovery
PC(28:0),Lipid metabolism,Glycerophospholipid metabolism,,-1.1789334159133542,0.0640718716032503,-0.0480627448386172,0.916259136955104,-0.1359100767080148,0.7730294739137127,full_recovery
PC(30:0)),Lipid metabolism,Glycerophospholipid metabolism,,-0.7104284168038739,0.0091893918293252,-0.0658428671794293,0.7977130458350281,-0.0743533403188066,0.7158093355122576,full_recovery
PC(29:0)),Lipid metabolism,Glycerophospholipid metabolism,,-2.3698871146988183,0.063454832915857,0.0284173873461219,0.964727363305301,-0.6618129960214179,0.3040764477757112,full_recovery
PC(30:2),Lipid metabolism,Glycerophospholipid metabolism,,-1.3643525274524924,0.0857303808803605,0.3193533190786887,0.5989376761088007,-0.5589279508049266,0.3682620220067106,full_recovery
PC(30:1),Lipid metabolism,Glycerophospholipid metabolism,,-1.1353896856994667,0.0766508990032408,-0.1656180253897977,0.7409576912059359,0.1642032634582018,0.7558141347221325,full_recovery
PC(30:0),Lipid metabolism,Glycerophospholipid metabolism,,-0.8425135227510036,0.0832049259316468,-0.1398003025963793,0.726477337198582,0.1122410249151871,0.7711903410248481,full_recovery
PC(P-32:1),Lipid metabolism,Glycerophospholipid metabolism,,-0.3714633901047952,0.1223070988211413,0.0791618419220212,0.7574648434364949,-0.0312246148415802,0.8936360227917801,stable
PC(P-32:0),Lipid metabolism,Glycerophospholipid metabolism,,0.0341152754120427,0.758896544475935,0.0805149023203322,0.6426749776406632,0.1626497274239385,0.2017692231597158,stable
PC(31:0),Lipid metabolism,Glycerophospholipid metabolism,,-1.573591147174366,0.2024516351111037,-0.9643600369016512,0.3460536881791246,-0.9112333363702598,0.3611021063275175,partial_recovery
PC(32:6),Lipid metabolism,Glycerophospholipid metabolism,,0.7189194343606292,0.2760857773019083,0.8095677755296874,0.0355686891627845,-0.0037266619967752,0.9942509835619328,full_recovery
PC(32:3),Lipid metabolism,Glycerophospholipid metabolism,,-1.4254235762959246,0.0346800969986499,-0.038221139878273,0.9353661935826968,-0.2813520273722846,0.538991462535646,full_recovery
PC(32:2),Lipid metabolism,Glycerophospholipid metabolism,,-0.927649835077805,0.0302808851079048,-0.119503842994021,0.7327850893900789,-0.0881294914111381,0.7911344534992204,full_recovery
PC(32:1,Lipid metabolism,Glycerophospholipid metabolism,,-0.4554302240609628,0.2429516427587308,-0.146745985985899,0.6846671400105129,0.4599264743631157,0.2742665561995021,stable
PC(32:0),Lipid metabolism,Glycerophospholipid metabolism,,-0.0020238272152343,0.9898999055321436,-0.1233682418220571,0.4865439412983759,0.1640255578749298,0.358679505654788,stable
PC(P-34:3),Lipid metabolism,Glycerophospholipid metabolism,,-0.6299563848334077,0.0198858123044713,-0.1150214439878201,0.5881597605497856,-0.3606578407326112,0.1456726964678522,partial_recovery
PC(O-34:3),Lipid metabolism,Glycerophospholipid metabolism,,-0.085661011721918,0.6484999654865227,0.0489715721811158,0.7959393309516113,-0.0662872609916007,0.7432937842837652,stable
PC(P-33:2),Lipid metabolism,Glycerophospholipid metabolism,,-1.0389889692995726,0.6222087738658071,-1.7529775186739622,0.4029375448411402,-1.4432263783531891,0.5416453861083343,persistent
PC(P-34:1),Lipid metabolism,Glycerophospholipid metabolism,,-0.2490279679298057,0.4595028331032768,0.0417958793894215,0.9002820442290529,0.2656140287860782,0.4199805616888176,stable
PC(34:0),Lipid metabolism,Glycerophospholipid metabolism,,0.7025468714479577,0.0579243891693131,0.5582832564436355,0.1529958415892386,0.5140651444388972,0.2178881714346557,partial_recovery
PC(34:5),Lipid metabolism,Glycerophospholipid metabolism,,-1.548485606791148,0.1041891418472069,-0.1485499207065626,0.8091653996969164,-0.1416841556759275,0.8087803969483862,full_recovery
PC(34:4),Lipid metabolism,Glycerophospholipid metabolism,,-0.8357075892430738,0.0111037766059705,-0.1973724247591273,0.4652841420227162,-0.0784466062590753,0.739450144519288,full_recovery
PC(34:3),Lipid metabolism,Glycerophospholipid metabolism,,-0.5514786185277509,0.0225968898766916,-0.1438552294574223,0.4615464414580633,0.0440743098655803,0.8354958767189824,full_recovery
PC(34:1),Lipid metabolism,Glycerophospholipid metabolism,,0.0765411259755217,0.5830108845546457,-0.0667820399056971,0.6906091447286024,0.1268412653852945,0.4088227034555254,stable
PC(O-34:0),Lipid metabolism,Glycerophospholipid metabolism,,0.0223744413638261,0.9090777986295946,-0.0953140387041743,0.6785194460276207,0.1678429771679704,0.4235851057593798,stable
PC(P-36:1)),Lipid metabolism,Glycerophospholipid metabolism,,0.0293215337740348,0.831000223802869,0.0405650566724328,0.7598386536568715,-0.1314745633279648,0.3833407858875096,stable
PC(P-36:3),Lipid metabolism,Glycerophospholipid metabolism,,-0.0309812171253586,0.8081829692778167,0.012905326858532,0.9152878284187864,-0.1316501879442483,0.3230342587536607,stable
PC(P-36:2),Lipid metabolism,Glycerophospholipid metabolism,,-0.1172533813889688,0.3831328362994598,0.0503678200482886,0.7283120441094958,0.0263300074053273,0.8674722855194938,stable
PC(36:8),Lipid metabolism,Glycerophospholipid metabolism,,-0.2272561482211526,0.2683363478967904,-0.0758675739862514,0.6793514768182138,-0.3482942170165331,0.0920049384387478,stable
PC(36:7),Lipid metabolism,Glycerophospholipid metabolism,,0.0082941359169141,0.9610952076533676,-0.0043526292168125,0.9786185107333192,0.231942211067244,0.1363881010858349,stable
PC(36:6),Lipid metabolism,Glycerophospholipid metabolism,,-1.1016221909843034,0.0211847213147898,-0.3483826262787446,0.340008624876964,-0.1473387237416688,0.6383919285996076,full_recovery
PC(36:5),Lipid metabolism,Glycerophospholipid metabolism,,-0.7867732470813859,0.0794566336454296,-0.1363526674998909,0.6874527205767675,0.1255877174694487,0.6924777038106221,full_recovery
PC(36:3),Lipid metabolism,Glycerophospholipid metabolism,,-0.2167161290320541,0.0521337021967327,-0.0723333903799396,0.4862427332891944,0.0232493532875378,0.8067448512706581,stable
PC(36:1),Lipid metabolism,Glycerophospholipid metabolism,,-0.2456073853099356,0.1311373044891549,0.0291217453285604,0.8546620391238502,0.0982400793202366,0.53328435150755,stable
PC(P-38:6),Lipid metabolism,Glycerophospholipid metabolism,,-0.137883104033361,0.5731277480263024,0.0097214276786924,0.9686248376705542,-0.2426455178776103,0.3738517201863216,stable
PC(P-38:5),Lipid metabolism,Glycerophospholipid metabolism,,-0.0482158534295495,0.785348957099695,0.0799495145289765,0.6504340274524597,-0.0804657329664855,0.6657221764338161,stable
PC(P38:3),Lipid metabolism,Glycerophospholipid metabolism,,0.6753685770469705,0.007654080549814,0.426948519287178,0.0633832672976396,0.2235869698901101,0.3591738039620217,full_recovery
PC(38:8),Lipid metabolism,Glycerophospholipid metabolism,,-0.8564651310018933,0.1211685962728043,-0.2541758371372192,0.5580943608904001,0.0625109947279415,0.8714875401186373,full_recovery
PC(38:7),Lipid metabolism,Glycerophospholipid metabolism,,-0.455348099512974,0.0672911656608407,-0.1851620451679387,0.3927239089863586,0.0215551010384164,0.9156384442032022,stable
PC(38:3),Lipid metabolism,Glycerophospholipid metabolism,,-0.2722911604585762,0.0325340037315927,0.0205466831288055,0.8476145396141721,0.1501535167688816,0.1595848890441079,stable
PC(P-40:6),Lipid metabolism,Glycerophospholipid metabolism,,-0.030204444390033,0.90971141507683,0.060716419838172,0.8247610776414908,-0.1022201678892987,0.7246782255706329,stable
PC(P-40:3),Lipid metabolism,Glycerophospholipid metabolism,,0.9749766762401868,0.0049365878182929,0.3443542944766414,0.3569913286325228,0.4192532110508755,0.2256805339418953,full_recovery
PC(40:9),Lipid metabolism,Glycerophospholipid metabolism,,-0.2740590319176854,0.3437177749285132,-0.1177373147084345,0.6467357710314218,-0.0220459853225141,0.9284178736943376,stable
PC(P-40:1),Lipid metabolism,Glycerophospholipid metabolism,,-0.2179840449398347,0.5248064592528381,-0.1876991804085041,0.5893045267419839,-0.029992985911866,0.9198371681424696,stable
PC(40:8),Lipid metabolism,Glycerophospholipid metabolism,,-0.2933100349698136,0.0446914673858896,-0.0690868210184018,0.5836481480728921,-0.010802286335476,0.9308770467384452,stable
PC(40:7),Lipid metabolism,Glycerophospholipid metabolism,,-0.4427769887063971,0.0194351409089786,-0.1259168214434453,0.4514783949525068,-0.0333888186830492,0.8288032482465939,stable
PC(40:6),Lipid metabolism,Glycerophospholipid metabolism,,-0.1314719964684673,0.5469291651911086,-0.0598304133650131,0.7271259633593588,-0.04598375844114,0.7835333577059566,stable
PC(40:5),Lipid metabolism,Glycerophospholipid metabolism,,-0.1431899927929013,0.3062643466081369,0.0608612708514075,0.6218424968575179,0.1272941851080561,0.2180191981367472,stable
PC(38:4),Lipid metabolism,Glycerophospholipid metabolism,,-0.1962759329564246,0.094414693764925,0.1480353142139271,0.2308687909632578,0.1515430297803523,0.1283370516135566,stable
PC(42:10),Lipid metabolism,Glycerophospholipid metabolism,,-0.3949939810100727,0.2798435487788255,-0.1459802696257085,0.6586312418421912,-0.1646570784695222,0.6140529884013157,stable
PC(42:9),Lipid metabolism,Glycerophospholipid metabolism,,-0.4646300290068941,0.10699974101497,0.0163261226100253,0.9452392219074994,0.1537002258584852,0.5281586384972194,stable
PC(42:8),Lipid metabolism,Glycerophospholipid metabolism,,-0.5194491971118377,0.0219574339401066,0.1727190733931296,0.3980569571382295,0.3904165764221724,0.0777268836949016,persistent
PC(42:6),Lipid metabolism,Glycerophospholipid metabolism,,-0.7859211657105194,0.0254908659517716,0.081379505177137,0.7539048228373253,0.0310129331722314,0.904035245067829,full_recovery
PC(42:5),Lipid metabolism,Glycerophospholipid metabolism,,-0.986425901854004,0.3213223528466008,-0.4675791428526802,0.5887533092166288,-0.0890466991532671,0.9037986663365766,full_recovery
PC(44:10),Lipid metabolism,Glycerophospholipid metabolism,,0.2828636687156686,0.817416889936794,-1.147343540498757,0.4659339650464887,-1.3757403226203349,0.4124554087964841,stable
PC(44:9),Lipid metabolism,Glycerophospholipid metabolism,,0.5913047786550966,0.5801391047335618,-0.8848891865695394,0.5047031173163712,-0.8840075757993693,0.5003760242943738,persistent
PC(44:8),Lipid metabolism,Glycerophospholipid metabolism,,0.226838757058159,0.5222680125215553,0.0139459515020423,0.9688510274834417,-0.057413207745443,0.8671536505550622,stable
PC(44:7),Lipid metabolism,Glycerophospholipid metabolism,,0.1109740281800368,0.6240656560429252,-0.0281329893034906,0.9003829615890664,0.0238629221920075,0.9157210293896032,stable
PC(44:6),Lipid metabolism,Glycerophospholipid metabolism,,-0.2421949389232082,0.2374370851593391,-0.0362578820516101,0.8429017766530874,-0.0559664037195804,0.7685997959734967,stable
PAF C16:0,Lipid metabolism,Glycerophospholipid metabolism,,-0.3556801134331498,0.1296198278541511,-0.1595100654802762,0.4578941956329191,-0.4346656534355763,0.0932287975302024,stable
Lyso-PAF C16,Lipid metabolism,Glycerophospholipid metabolism,,-0.9240331050701822,0.012459647938759,-0.59242822206601,0.070536504810399,-0.3524188951540608,0.2441890736709434,full_recovery
C-PAF/methylCarbamyl-PAF C-16,Lipid metabolism,Glycerophospholipid metabolism,,-1.9561454132318443,0.0847944408946987,-0.8354861940474898,0.1519733232358338,-0.0483012969859271,0.9227475451935628,full_recovery
Lyso-PAF C18,Lipid metabolism,Glycerophospholipid metabolism,HMDB11149,-0.3251036759636611,0.1576015131278623,-0.4344658654216793,0.0573051432220842,-0.2453692559688412,0.3200122869250971,stable
1-AcyPAF,Lipid metabolism,Glycerophospholipid metabolism,,-0.5170065300749124,0.3091800901290565,-0.1313990808225381,0.7764684591317328,0.3987757598102759,0.4169901072355907,persistent
Sphingosine,Lipid metabolism,Glycerophospholipid metabolism,HMDB00252,-0.238832186469842,0.0725059473742563,-0.3131560781653658,0.0436274447162791,-0.0893315990613422,0.5323068953964503,stable
Sphingosine 1-phosphate,Lipid metabolism,Glycerophospholipid metabolism,HMDB00277,-0.7082665476575486,0.0008219640556641,-0.3902975946817436,0.0403937380846048,-0.3513163672491768,0.0401070045226086,full_recovery
Sphingomyelin,Lipid metabolism,Glycerophospholipid metabolism,HMDB01348,0.1118914513898765,0.4234156464111087,-0.0533122593001654,0.7272034607794058,0.0608350251381725,0.7242800378685516,stable
SM(d30:1),Lipid metabolism,Glycerophospholipid metabolism,,-0.9026642437356236,0.0193108166178614,0.0550994872516568,0.8612229668512257,0.3365902063024221,0.2421596599642145,full_recovery
SM(d32:1),Lipid metabolism,Glycerophospholipid metabolism,,-0.1398530077998444,0.3421968081867476,-0.0094556461719047,0.9589801543832298,0.1761305709020428,0.2382318965589239,stable
SM(d32:0),Lipid metabolism,Glycerophospholipid metabolism,,-0.2570239780703168,0.2583436024715509,0.011768034398643,0.9641693296780623,0.2463679158942189,0.255705705860294,stable
SM(d34:1),Lipid metabolism,Glycerophospholipid metabolism,,0.0205796489461131,0.7681500175839929,-0.0641387520198917,0.4248006853356495,0.1275567746693979,0.099400487141673,stable
SM(d34:0),Lipid metabolism,Glycerophospholipid metabolism,,-0.299029119679169,0.0567942885691805,-0.1234555412014238,0.3806869688083807,0.1305678488424576,0.3407152755540041,stable
SM(d36:2),Lipid metabolism,Glycerophospholipid metabolism,,0.2946022629609933,0.0844409210904768,0.0012355243035973,0.9948125138416783,0.0751254185125543,0.7155554074409981,stable
SM(d36:1),Lipid metabolism,Glycerophospholipid metabolism,,0.1041995979990124,0.5283074212358372,-0.0628916245593689,0.7341551172770576,0.0393131704542774,0.846120055844874,stable
SM(d36:0),Lipid metabolism,Glycerophospholipid metabolism,,0.0766996312378942,0.8099645700762457,-0.050850343663884,0.8834556960292547,-0.0182593278004839,0.9587548271524572,stable
SM(d38:3),Lipid metabolism,Glycerophospholipid metabolism,,0.0842726248535205,0.8173008170076052,-0.1082133458607525,0.776001021842522,-0.0895443783077604,0.8120884146611346,stable
SM(d38:1),Lipid metabolism,Glycerophospholipid metabolism,,-0.2422699633837466,0.2002982845238826,-0.1096978049065194,0.5631095390057466,0.0758124951660246,0.6611089138678473,stable
SM(d38:0),Lipid metabolism,Glycerophospholipid metabolism,,-1.2660711347614269,0.3458994037920073,-0.0874374576831583,0.9186012134114409,-0.0005985677098111,0.999412208004888,full_recovery
SM(d40:3),Lipid metabolism,Glycerophospholipid metabolism,,-0.046387187365492,0.9050399017203268,-0.1406971013742099,0.717786193607947,-0.0208644066912751,0.9552721583152408,stable
SM(d40:2),Lipid metabolism,Glycerophospholipid metabolism,,-0.0653893591343898,0.5830808647258892,-0.0512099650202405,0.6609449099236053,0.0863515108673194,0.4992950707667657,stable
SM(d40:1),Lipid metabolism,Glycerophospholipid metabolism,,-0.2592041347683062,0.0990148632153129,-0.0802755073573998,0.625157913747443,-0.0285324937044562,0.837165287664646,stable
SM(d40:0),Lipid metabolism,Glycerophospholipid metabolism,,-1.3273441893987592,0.0946697197118941,-0.3652756572732118,0.5627508174888568,-0.6479217494515517,0.3110723424305652,full_recovery
SM(d41:1),Lipid metabolism,Glycerophospholipid metabolism,,-0.3858283366735037,0.0436317822602462,-0.0565295839017261,0.7751037994267096,0.0177573407722548,0.9093852216812,stable
SM(d42:2),Lipid metabolism,Glycerophospholipid metabolism,,-0.0940115086637158,0.3382787044160464,-0.0246795653961685,0.8094551425116139,0.0261002334672392,0.8132351119515511,stable
SM(d42:1),Lipid metabolism,Glycerophospholipid metabolism,,-0.225703425850625,0.1483266928054924,-0.1133985527379896,0.5479236833586962,-0.0713666692472864,0.6335256115173998,stable
SM(d42:0),Lipid metabolism,Glycerophospholipid metabolism,,-0.391339331483326,0.4535645691088661,0.1328167137204117,0.8137044170840965,-0.8781827722391766,0.1633487956480276,stable
SM(d43:2),Lipid metabolism,Glycerophospholipid metabolism,,-0.978523155985984,0.1805154081946483,-0.1622076731679878,0.7849647084988247,-0.9303728548380014,0.2353019049157342,persistent
SM(d42:1-OH),Lipid metabolism,Glycerophospholipid metabolism,,-0.4808872422813323,0.2571950198635148,-0.0408017439280711,0.9150551698451156,0.0626548884374138,0.8521371334436622,stable
Diethanolamine,Lipid metabolism,Glycerophospholipid metabolism,HMDB04437,-0.4739043984441226,0.3230290541095652,-0.6994295176994859,0.1798753960328238,0.2019983862918751,0.6515108912702703,stable
O-Phosphoethanloamine,Lipid metabolism,Glyerophospholipid metabolism,HMDB00224,-0.0432313645283398,0.5017072590135891,-0.0153028401262954,0.8105505317518523,0.0254713159684284,0.7184644829685846,stable
LysoPE(18:2),Lipid metabolism,Glycerophospholipid metabolism,HMDB11507,-0.4758257801183613,0.2338640219838856,-0.3221688119190948,0.403930444847269,-0.2636205158227682,0.4851894061778049,stable
LysoPE(18:0),Lipid metabolism,Glycerophospholipid metabolism,HMDB11129,-0.8382828856794038,0.0772279326330081,-0.5250597825557013,0.2056672357389621,-0.2172919205327562,0.5681135720048467,full_recovery
PE(P-38:6),Lipid metabolism,Glycerophospholipid metabolism,,-0.2346805175446053,0.4132379698712101,0.0399043029671466,0.8888189886234735,-0.0401007232057377,0.8867859022676376,stable
PE(34:1),Lipid metabolism,Glycerophospholipid metabolism,,0.5368878127532982,0.6885203134812752,-3.55365802862399,0.3328175121400309,,,full_recovery
PE(36:2),Lipid metabolism,Glycerophospholipid metabolism,,0.1729588906009005,0.7912795761281852,-0.6761608428311633,0.3708655056348389,-0.4161953008808884,0.5515472198305715,stable
PE(36:4),Lipid metabolism,Glycerophospholipid metabolism,,0.4358968177808605,0.4774158268013793,-0.6195185219202117,0.3837955038427021,-0.4416601074403446,0.5171992352925472,stable
PE(38:4),Lipid metabolism,Glycerophospholipid metabolism,,0.4033066684721607,0.359999557041207,-0.202678239736662,0.6604566415987136,-0.0823747755300007,0.8555004386782057,stable
PE(38:2),Lipid metabolism,Glycerophospholipid metabolism,,0.6004054569271869,0.4992136275087417,-1.0698908393218745,0.3522724163348026,-0.6213565181541127,0.5433569013811037,persistent
PE(36:3),Lipid metabolism,Glycerophospholipid metabolism,,0.1072418965358734,0.8746515084801851,-0.8677763174595146,0.2961177207219945,-0.7769024220681743,0.3303122813274524,delayed_onset
PE(38:6),Lipid metabolism,Glycerophospholipid metabolism,,0.30223622023407,0.5582723777716119,-0.532042876407846,0.3767318729285369,-0.4374315274767574,0.4558248826442012,stable
PE(O-38:5),Lipid metabolism,Glycerophospholipid metabolism,,0.0702557114202346,0.7401486140999896,0.1592733304629769,0.3895842351906455,0.0015790165077544,0.993424419891377,stable
PE(16:0),Lipid metabolism,Glycerophospholipid metabolism,,-0.4858589630431955,0.14651259465529,-0.562185228624303,0.1009605435461048,-0.2751496242322902,0.3916132002254395,stable
PE(O-36:4),Lipid metabolism,Glycerophospholipid metabolism,,-0.4535557035490311,0.2777262132111283,0.101728879423491,0.7705988589610554,0.1771588956376506,0.6453842032728012,stable
PE(P-40:6),Lipid metabolism,Glycerophospholipid metabolism,,-0.1469831294157686,0.6331714561099826,0.1614247692684101,0.6174075108308887,-0.0142357872143434,0.963969165268486,stable
PE(38:3),Lipid metabolism,Glycerophospholipid metabolism,,0.1370422719854313,0.855086040230275,-0.985365899482326,0.2960076127835379,-0.2948787895486928,0.7324845512873699,stable
PE(38:7),Lipid metabolism,Glycerophospholipid metabolism,,-0.4238579973570847,0.5762484874669145,-1.6139570802931082,0.1541223217376471,-1.669152755030565,0.1524084349616781,stable
PE(P-36:2),Lipid metabolism,Glycerophospholipid metabolism,,-0.3246573294333512,0.6082018972712533,0.2476155130017941,0.6499253143133659,0.2580467648646497,0.6448797946177016,stable
PE(P-38:5),Lipid metabolism,Glycerophospholipid metabolism,,-0.138270695096521,0.4642710449867792,0.0881396175505066,0.6201978228059424,0.085476454351341,0.6624664732117173,stable
PE(P-40:5),Lipid metabolism,Glycerophospholipid metabolism,,-0.0880689855142575,0.7893160289471737,0.2614500702892127,0.4553560229735268,0.0336089742303893,0.919079691561912,stable
PE(P-40:7),Lipid metabolism,Glycerophospholipid metabolism,,-0.2600300979552307,0.5417319936403282,0.0755307393768731,0.8619921745975818,-0.0639614314358207,0.8809158253322591,stable
PI(34:2),Lipid metabolism,Glycerophospholipid metabolism,,-0.3123185881510911,0.586505318944256,-0.3014264012843015,0.5905561652388533,-0.0229959491763846,0.9661856629722336,stable
PI(34:1),Lipid metabolism,Glycerophospholipid metabolism,,-0.3918860700936624,0.5850258090965508,-0.5800303985076378,0.4363457441851278,-0.1889905338065639,0.7766522029890971,stable
PI(36:4),Lipid metabolism,Glycerophospholipid metabolism,,-0.3846915688219486,0.2631218012566591,-0.1892306065113192,0.5427046990958645,0.026055239156152,0.931118030619807,stable
PI(36:3),Lipid metabolism,Glycerophospholipid metabolism,,-0.5020284469905417,0.3243231950480273,-0.1398553685813782,0.7605622763916134,-0.1746013932895531,0.6928195870734579,full_recovery
PI(36:2),Lipid metabolism,Glycerophospholipid metabolism,,-0.4797442461513199,0.3885390303257036,-0.194487577145754,0.6992274214294514,-0.1479183852003499,0.7634682073717011,stable
PI(36:5),Lipid metabolism,Glycerophospholipid metabolism,,-0.7141828800999862,0.1168497873537288,-0.2480247789429933,0.5177724137478845,-0.1016888059978494,0.7785658478643036,full_recovery
PI(38:4),Lipid metabolism,Glycerophospholipid metabolism,,-0.2320299948716339,0.3699316173942869,-0.179746232742859,0.4757991838672479,0.0279019680565434,0.9077428343479296,stable
PI(38:3),Lipid metabolism,Glycerophospholipid metabolism,,-0.2755254904373025,0.3247179724125991,-0.2201373420779956,0.4143560379857043,0.0052567415516512,0.9835209487997868,stable
PI(38:2),Lipid metabolism,Glycerophospholipid metabolism,,-0.6638985388085151,0.4250245839959874,-0.5490091462326288,0.4217291742082458,-0.200295056917502,0.7436963355337233,full_recovery
PI(40:6),Lipid metabolism,Glycerophospholipid metabolism,,-0.2617529097374418,0.7231742668754417,-0.5113236033405575,0.5245047282623119,-0.5894449039914428,0.4644728057372891,stable
PI(40:7),Lipid metabolism,Glycerophospholipid metabolism,,-0.3584301364711552,0.523095220484051,-0.2804787214636194,0.6039559405347177,-0.0306405985832711,0.9532720708342788,stable
PI(40:5),Lipid metabolism,Glycerophospholipid metabolism,,-0.5706685203988968,0.5285448309158576,-0.759115167258348,0.4216097150949339,-0.3355794568452602,0.6879179348633174,partial_recovery
PI(42:9),Lipid metabolism,Glycerophospholipid metabolism,,-0.3064103842855225,0.324493208288947,-0.1093231551913808,0.6951227276058252,0.0440654520758857,0.8731274841393661,stable
LPA(18:2),Lipid metabolism,Glycerophospholipid metabolism,,-1.5925812549072338,0.1933490715516324,-0.7354847292576311,0.493265791837313,-0.3746489977783224,0.6636220915822434,full_recovery
2-Arachidonoylglycerol,Lipid metabolism,"Glycerolipids, Monoacylglycerols",HMDB04666,0.760414299992014,0.0203305263897942,0.0940998944073206,0.7827318018916779,-0.2903169304322057,0.5824349158424014,full_recovery
1-Hexadecy2-Arachidonoyglycerol,Lipid metabolism,Glycerophospholipid metabolism/acylglycerol,,-0.0927597201058098,0.8645690528617905,-0.3470827556773914,0.5633397192215798,0.1958827221955219,0.6713685627632846,stable
Corticosterone,Lipid metabolism,Steroid hormone biosynthesis,HMDB01547,0.538147279965739,0.2187785119283669,0.7080518438407589,0.0994674683425767,0.7030618169564342,0.0951137378097236,persistent
Cortexolone,Lipid metabolism,Steroid biosynthesis,HMDB00015,-2.103275902983816,0.4102831665671849,-2.0202955992147604,0.4185864154202059,-2.404485862558604,0.384675222868391,persistent
Cortisol,Lipid metabolism,Steroid hormone biosynthesis,HMDB00063,0.6405150708327482,0.3688350011637201,0.0469350186201764,0.9502740420109363,0.0251201580370502,0.9730065015414782,full_recovery
Cholesteryl Acetate,Lipid metabolism,Cholesterol metabolism,HMDB03822,-0.0891195608257587,0.7687581227339435,-0.1580727021172386,0.6345771946832606,-0.1641108162890909,0.6051766839790967,stable
Mevalonic Acid,Lipid metabolism,Terpenoid backbone biosynthesis,HMDB00227,-0.1080210265197027,0.7563370432222187,0.5442783331122364,0.1805383996376701,-0.3294745611657613,0.3301346177305545,stable
"Anandamide (18:2,N-6)",Lipid metabolism,N-acylethanolamine (NAE) metabolism,HMDB12252,-0.0296185244978793,0.826712241738067,-0.0408524500209739,0.7972556397057684,0.5657901610897939,0.1712390157071334,delayed_onset
Oleoyl Ethanolamide,Lipid metabolism,N-acylethanolamine (NAE) metabolism,HMDB02088,0.2372349635464775,0.1942538386724143,-0.0617726248728658,0.8158215461408216,-0.3125117521446469,0.2055604961280395,stable
Palmitoyl Ethanolamide,Lipid metabolism,N-acylethanolamine (NAE) metabolism,HMDB02100,0.2231400543264133,0.2109863170345337,0.0114334621649637,0.9595710975142602,-0.3454729010797486,0.1830892774217942,stable
Adrenoyl Ethanolamide,Lipid metabolism,N-acylethanolamine (NAE) metabolism,HMDB13626,0.09681108707689,0.8358645592327563,0.1948296863521316,0.6560559895517992,-0.0742817763998276,0.8864279892102456,stable
Arachidonyol Dopamine,Lipid metabolism,"Fatty amide metabolism, endocannabinoid",,-0.0328361990610115,0.9666311075045548,-2.619733291868601,0.0851277320797497,-0.6369244458448658,0.5906120558104101,delayed_onset
N-Oleoyl Dopamine (OLDA),Lipid metabolism,"Fatty amide metabolism, endocannabinoid",,0.466989337799616,0.087031332189799,-0.022198723232365,0.9359591366772556,-0.1501642974179674,0.6442841370208341,stable
Protoporphyrin,Porphyrin metabolism,Porphyrin and chlorophyll metabolism,HMDB00241,1.0372752754560446,0.0086980219505341,0.1513636122677828,0.7245311487455006,0.5062603221663613,0.3135712700509105,full_recovery
Biliverdin,Porphyrin metabolism,Porphyrin metabolism,HMDB01008,0.5456111618766769,0.3091810843576294,0.6028756827276468,0.2403166437546763,0.0206775733522109,0.9657609190555798,full_recovery
Bilirubin,Porphyrin metabolism,Porphyrin metabolism,HMDB00054,0.6146122110137677,0.2990490821040761,0.4989753160187506,0.3536880876039719,-0.1303437638094321,0.8139281498715659,full_recovery
Glyoxylic Acid,Glycylate and dicarboxylate metabolism,Glyoxylate and dicarboxylate metabolism,HMDB00119,-0.1032785043248143,0.4603917262756805,-0.0422698860651552,0.791852261078702,-0.1235872357713647,0.3860694328823902,stable
Glycolic Acid,Glycylate and dicarboxylate metabolism,Glyoxylate and dicarboxylate metabolism,HMDB00115,-0.2320170412373567,0.0218873859290957,-0.1045002306710801,0.1944724129321434,0.2473470053838913,0.0207849330176537,stable
Oxalic Acid,Glycylate and dicarboxylate metabolism,Glyoxylic or Ascorbic acid metabolism,HMDB02329,0.0684641353450554,0.1802071852922562,0.0283603628870557,0.5831074560243853,0.048937296350858,0.4002033523181012,stable
Glyceric Acid,Glycylate and dicarboxylate metabolism,Glyoxylate and dicarboxylate metabolism,HMDB00139,-0.329036568940235,0.2125606922786185,-0.5126100173961944,0.0706252670690805,-0.4436401276948725,0.1109356201092743,stable
Meso-Tartaric Acid,Glycylate and dicarboxylate metabolism,Glycylate and dicarboxylate metabolism,HMDB62642,1.5496401456640347,0.057277392750165,-0.6150701010961885,0.528114238182628,1.6391992550787662,0.0546274068917422,persistent
Tartaric Acid,Glycylate and dicarboxylate metabolism,Glyoxylate and dicarboxylate metabolism,HMDB00956,1.5562123097299303,0.0577763606187049,-0.6156145239410458,0.5317274772913259,1.6491698360690776,0.0540933843919503,persistent
Acetoacetic Acid,Keto-Acids and Derivatives,Ketone bodies,HMDB00060,-0.2118801700905754,0.6679947560642985,-0.0717184107227276,0.8785349287461816,0.270473028343162,0.5156561920190451,stable
3-Hydroxybutanoic Acid,Keto-Acids and Derivatives,Ketone bodies,HMDB00357,0.2442705145434628,0.6135866758593254,1.8365589620472969,0.118533044580138,0.9347675136442566,0.0504479373937086,delayed_onset
Butyric Acid,Butyrate metabolism,Butyrate metabolism,HMDB00039,0.1695600050558203,0.8553069350572171,0.3599647213970277,0.6834821335041046,-0.1996442786789729,0.8219176616214938,stable
Paraxanthine,Caffeine metabolism,Caffiene metabolism,HMDB01860,-0.0351055089140199,0.8815660140283332,-0.0095742485900159,0.9642354019636924,-0.0585460562069236,0.7637691449232016,stable
Caffeine,Caffeine metabolism,Caffeine metabolism,HMDB01847,-1.9281912660043825,0.0539088342346629,-0.6916533108486573,0.322024635411749,-0.2262161382877447,0.7073258183561861,full_recovery
Theobromine,Caffeine metabolism,Cacao alkaloid,HMDB02825,-1.5548961986502334,0.128354402043567,-0.5061595908343305,0.501688319994166,-0.2364753984348083,0.7338234516415703,full_recovery
Gluconic Acid,,,HMDB00625,-0.1632869237490132,0.4791117643034975,-0.106204905115282,0.6496074008398256,-0.0139749692493118,0.9603821525994948,stable
Quinic Acid,,,HMDB03072,-2.510412946447793,0.0972505431846943,-0.5964543799079953,0.4992798721075197,-0.1235159349002585,0.8819766861281678,full_recovery
115.027@1.04_ANPNEG,,,,-1.805635084954143,0.0828698010542881,-0.8281047905598862,0.27548714213114,-0.7800835670206412,0.2936261496423801,full_recovery
197.0635@3.33,Amino acids,Tyrosine metabolism,,0.0007588554312223,0.9965672556695544,-0.3047981313409966,0.0972847557580379,-0.3819620557466827,0.0656590428002145,stable
